,Seed,Metric,KernelMix,ExtraTrees,KNN
0,4294278508,0.9275,0.96625,0.90625,0.96875
1,2710371816,0.97125,0.97875,0.93625,0.97125
2,677559624,0.92625,0.98,0.895,0.97375
3,2587045228,0.92625,0.98375,0.88875,0.98375
4,858698636,0.9375,0.97125,0.9225,0.98125
5,3110293740,0.91875,0.975,0.90625,0.97125
6,705044248,0.94625,0.985,0.92875,0.97375
7,2732386452,0.96,0.98375,0.935,0.9875
8,1295939760,0.955,0.97875,0.89625,0.98
9,3435164964,0.955,0.99,0.93625,0.9825
