,Seed,Metric,KernelMix,ExtraTrees,KNN
0,2682615544,0.95875,0.98625,0.9325,0.9775
1,3018551252,0.915,0.97875,0.90125,0.96
2,1410447060,0.92875,0.97875,0.89875,0.9775
3,4181948264,0.94,0.97125,0.90625,0.98
4,2980810072,0.92125,0.9775,0.91,0.9725
5,960130980,0.93375,0.965,0.90875,0.965
6,3101609784,0.9575,0.9725,0.92875,0.97375
7,1506335992,0.9125,0.97125,0.88625,0.9725
8,4110399196,0.92625,0.97875,0.89875,0.96
9,2021848404,0.91125,0.97375,0.89625,0.9775
