,Seed,Metric,KernelMix,ExtraTrees,KNN
0,681048880,0.9375,0.97625,0.87125,0.96375
1,1758802388,0.9225,0.965,0.91125,0.97
2,992463796,0.95375,0.9625,0.8975,0.9625
3,946663404,0.945,0.97375,0.93625,0.96875
4,103799912,0.9625,0.9775,0.94625,0.97875
5,230259520,0.9225,0.9775,0.89125,0.97125
6,1134377628,0.95375,0.975,0.9,0.97125
7,481250936,0.9375,0.9675,0.92125,0.96875
8,4031654040,0.94375,0.97125,0.9175,0.965
9,3801135548,0.905,0.96875,0.86625,0.9675
