,Seed,Metric,KernelMix,ExtraTrees,KNN
0,3031503644,0.95875,0.99,0.9275,0.9775
1,2172193352,0.95875,0.9775,0.9125,0.97375
2,541558060,0.93875,0.96625,0.915,0.95625
3,244595868,0.9475,0.9775,0.90625,0.97875
4,3768211472,0.9425,0.98375,0.91,0.97375
5,1345650580,0.95,0.98,0.9375,0.9875
6,3287215884,0.92375,0.9825,0.885,0.97875
7,2901018792,0.93875,0.97625,0.9225,0.96875
8,1044717400,0.9275,0.97125,0.91,0.97
9,143688908,0.9525,0.98375,0.92625,0.975
