,Seed,Metric,KernelMix,ExtraTrees,KNN
0,4187854960,0.93,0.96625,0.9075,0.96125
1,1855296268,0.93375,0.9675,0.90625,0.975
2,3618851272,0.94125,0.975,0.9075,0.97875
3,2145849980,0.94375,0.9625,0.91375,0.9675
4,103963388,0.96625,0.98375,0.92375,0.9825
5,1730881892,0.94875,0.9775,0.90875,0.98125
6,3635922496,0.93,0.98125,0.90875,0.97875
7,1611784004,0.935,0.97875,0.9,0.97625
8,3236957308,0.935,0.97875,0.9,0.97625
9,576424816,0.935,0.98375,0.9025,0.9825
