,Seed,Metric,KernelMix,ExtraTrees,KNN
0,1193255280,0.95125,0.9875,0.92875,0.98375
1,3684230284,0.94125,0.9775,0.9,0.97125
2,1568095592,0.91125,0.965,0.87375,0.96625
3,260649500,0.93625,0.98125,0.895,0.97125
4,1527873208,0.9075,0.9775,0.89375,0.96625
5,4220393212,0.93625,0.97375,0.8975,0.97
6,3803856420,0.9375,0.9725,0.895,0.9775
7,66657832,0.92375,0.97875,0.8975,0.97375
8,2279678440,0.90125,0.97125,0.8925,0.96875
9,768050352,0.93,0.97625,0.8975,0.97625
