,Seed,Metric,KernelMix,ExtraTrees,KNN
0,2075648492,0.9475,0.9825,0.92625,0.985
1,2377115904,0.94875,0.98125,0.925,0.985
2,2267539816,0.93125,0.96875,0.9,0.9725
3,2726121528,0.91875,0.97875,0.9,0.97
4,3493611240,0.93125,0.98375,0.91125,0.97875
5,3925098252,0.9375,0.97875,0.905,0.97125
6,234129168,0.9425,0.97625,0.9025,0.97375
7,922154780,0.9375,0.97625,0.9,0.9825
8,1835352892,0.9375,0.97625,0.8775,0.9825
9,2628462804,0.92,0.975,0.90875,0.9825
