,Seed,Metric,KernelMix,ExtraTrees,KNN
0,521567916,0.94125,0.9775,0.9025,0.97
1,1978093024,0.9475,0.9775,0.935,0.9725
2,2038990736,0.92375,0.98375,0.89625,0.97875
3,1847035748,0.93125,0.97375,0.89125,0.96625
4,542285660,0.95875,0.9775,0.925,0.975
5,1790364068,0.8925,0.96625,0.8875,0.97
6,3032754776,0.95375,0.98,0.91875,0.97625
7,2702611784,0.9375,0.975,0.92375,0.97125
8,3293704392,0.95,0.98125,0.91625,0.98125
9,3005302000,0.9375,0.97875,0.9225,0.97625
