,Seed,Metric,KernelMix,ExtraTrees,KNN
0,2339720224,0.9475,0.975,0.92,0.98
1,249372332,0.9525,0.98,0.93375,0.98125
2,2192247636,0.9,0.9775,0.86375,0.97625
3,38327744,0.9525,0.98125,0.91625,0.9825
4,1923032548,0.955,0.98875,0.9275,0.99
5,70985856,0.92375,0.98125,0.88625,0.975
6,1843821560,0.9675,0.97875,0.9075,0.98
7,3441409364,0.94,0.9775,0.92375,0.9675
8,613632172,0.94375,0.9725,0.89375,0.97125
9,2245997276,0.94625,0.9725,0.94875,0.97125
