,Seed,Metric,KernelMix,ExtraTrees,KNN
0,1769870564,0.9275,0.9875,0.88875,0.9775
1,4091241168,0.94625,0.97875,0.90125,0.97875
2,2493949076,0.9275,0.97375,0.90125,0.975
3,4056459280,0.95875,0.97625,0.9475,0.9725
4,1482356388,0.9375,0.98,0.9125,0.96875
5,3186075992,0.935,0.98125,0.9025,0.975
6,119949700,0.9325,0.98,0.9,0.9725
7,1532653904,0.95,0.9775,0.90625,0.96875
8,2878677008,0.92375,0.97625,0.90375,0.9725
9,47127316,0.9525,0.97625,0.92375,0.97875
