1.069099565053368006e-01,8.426877599438673538e-01,-8.873565923173504233e-01,5.873751044405480792e-01,-7.587060340635328748e-01,-1.054535754290559568e+00,4.345806730778957183e-01,-1.192038115477882521e+00
-2.150524629786962461e+00,1.367339322055765916e+00,9.601212147728371837e-01,-1.930498898996876767e+00,1.336786361123805777e+00,2.716651643523932513e+00,-2.068190071517305384e+00,-6.225937198601414480e-01
-4.435734315185742460e+00,6.229491263451460092e+00,-3.241984564526367851e+00,-6.899857372785735521e+00,7.849277842795350679e+00,2.413861442305427207e-01,-5.748066450031944719e+00,6.210762982678851962e+00
5.182101336626918631e+00,-9.992678552102621126e+00,-7.549180340273086820e+00,-8.239878704804366905e+00,-1.183691672991139043e+01,3.329739675056817561e+00,9.744269619038181673e-03,1.214539297635636217e+01
-5.316859733172667468e-01,-6.974046658140160559e-01,8.439014007627692049e-01,-1.544250485331431388e+00,1.293742589016845024e+00,6.593665856971401285e-01,-5.739547226526694468e-01,1.409203420866247392e+00
3.619538725195595497e+00,1.010268314637768938e+01,8.390506880552983660e+00,-7.367652835984302762e+00,-8.286624822855692685e+00,-5.327567490128389593e+00,-2.215106963479875901e+00,9.580329449521933327e+00
-4.678599622155237725e+00,-6.058468224850140693e+00,6.174100154770959525e-01,-6.881828658484216099e+00,6.201055622782497778e+00,-4.915659316976267235e+00,6.340826455611019874e+00,2.342026574250589022e+00
-3.522791344766345478e+00,-1.029353395081011646e+00,2.651471406697234467e+00,2.524718903062173503e+00,-1.292520793776376742e+00,-4.173015493327073777e+00,2.808441498773506240e-01,4.327055151574542791e+00
-3.117984450185929957e-01,1.669016510499401207e+01,1.760916371653027568e+01,-3.831552303133670678e-01,-5.933064638505046728e-01,-1.697925162892125073e+01,-1.751731139141908145e+01,1.839767157561571276e+00
9.617340952503907747e-01,-1.826878694258056868e+01,-1.713753648105056726e+01,-2.601824520561795584e+00,-2.948701122032942212e+00,1.754569649511117291e+01,1.674197610982746554e+01,3.709240776448966770e+00
-7.356552568621678390e+00,5.595657648620599112e+00,2.338897539221047595e+00,-9.020305257540767840e+00,3.894098043891235594e+00,7.746269245834954020e+00,-7.771716030126873065e+00,-4.547671927544364223e+00
6.938293880555490567e+00,6.862088819132296180e+00,1.598843142583926402e-01,-1.021153963036062606e+01,-6.711117887795034598e+00,6.431582763868452624e+00,9.785097644334927125e+00,-1.324289804213004684e+00
4.023748728886204495e-01,-5.204217253103972096e-01,2.230966529299912571e-01,-1.179589548189157622e+00,-1.467215055931595513e-01,5.522739115763330986e-02,9.703839853008806582e-01,-4.481396906652994061e-01
-2.253577774036188419e+00,1.549272990251546744e+00,1.231461265618086998e+00,-2.958099594745645433e+00,-1.969536420140616806e-01,2.127728856394454304e+00,-8.217568167973759996e-01,-2.954301876011335981e+00
9.455370341203419571e+00,9.572783055747112968e+00,-4.581962640898994965e-01,1.349667508263559412e+01,-1.049837166980291947e+01,8.517133557947436984e+00,-1.316129808295359460e+01,-9.921481356749322078e-01
-7.623687099959018942e-01,-8.277289798531821674e-01,-4.091802364123331426e-01,-2.092414164085644401e+00,1.506161749859927568e+00,-6.948197027753906241e-01,8.094563386549212813e-01,9.471054503676400449e-01
3.272824094248005244e-01,1.868948154241226178e-01,5.562092074227802108e-02,8.263086007568617442e-01,-1.369380243723768320e+00,4.814100222919949768e-01,-1.188489169192075590e+00,-8.142711128247193120e-01
1.398973943898367978e+01,1.020468501680901952e+01,-3.631582258709054045e+00,-1.520187421119012861e+01,-6.240140925814832151e+00,1.517641965610812704e+01,1.409962360944790838e+01,-7.845556049407986343e+00
-5.167801493942929092e+00,-1.331766446466192733e+01,9.852479261852684189e+00,-8.552680039461279193e+00,1.267784333940084451e+01,5.146749081197995679e+00,1.453114989622394937e-01,1.402163659506818583e+01
2.557378159533710171e+00,-1.425790086179998806e-01,-2.952427084371387789e+00,1.352923941204748903e+00,2.833761247959523111e+00,-1.035272184870735579e+00,-1.630094330485337029e+00,1.908851874377354374e+00
-1.529336929733547201e+01,8.361890641205844688e-01,1.517513796516120905e+01,-3.340796442644909714e+00,-1.499176791433435874e+01,4.731952688183586275e+00,1.430444888421640748e+01,-6.309951571093703748e+00
-6.884160652405943104e+00,9.385336385568137985e+00,3.690701401024836681e+00,1.204093032828942178e+01,1.046598202460026883e+01,3.816101330302644534e+00,8.941944478460056800e+00,-5.678074910548156495e+00
1.662184391737012135e+01,-7.072866155005110400e+00,1.076052491304587200e+01,-1.440950905572212903e+01,4.168530764679545975e+00,-1.836900814532292259e+01,-3.869424991315144169e+00,-1.823491491068102022e+01
-2.335068921315588408e+00,-3.057845760544956271e+00,-1.691488692940398053e+00,3.956036754965151392e+00,4.342060567268521964e+00,-2.178511969072915444e-01,-1.891515095934284130e+00,-3.053555947562895945e+00
3.510518147556595525e-01,6.360383639056466087e-01,-8.530656079393863500e-01,3.771960630129898018e-01,-5.974511602169713109e-01,-1.304222485980856661e+00,-2.647836447871566579e-01,-1.426699477907195313e+00
-4.581679352220852763e+00,1.324524707015245184e+01,-1.152477289313717002e+01,-9.483208924930099926e+00,1.262786842604611870e+01,-7.812111489319119251e+00,3.403627537759998045e+00,1.385532588257405173e+01
-3.336711750135812338e+00,-6.616214445010973222e+00,3.662852877789055661e+00,-7.050398208923540189e+00,7.063570232600762111e+00,4.192008280451701291e-02,4.055923796578540852e+00,6.088458376313298892e+00
-5.361091951619322060e+00,3.612420306183687924e-01,-6.252652769500355312e+00,-1.360425670330760450e+00,-6.402071637331341769e+00,-6.401222712903322787e-01,-6.314512764915114928e+00,-6.060201273269957278e-01
-1.646043100529906766e+01,9.448433747176686381e+00,-8.919678374812621158e+00,1.604542293502529304e+01,8.184142610419116171e-01,1.851390196041964842e+01,1.061268664342686741e+01,1.407141917550520915e+01
-1.075558669013632063e-01,2.159695501294454090e+00,-1.842449187952548417e-01,-1.517574760805003198e+00,1.508255014198086386e+00,-1.829923199213484009e-01,-1.173109891490190737e+00,1.849522133540406399e+00
-1.105787358859832636e+01,5.028926466662074546e+00,-6.972325104140691288e+00,1.006192077017386310e+01,-1.784444951787907074e+00,1.167498398971963347e+01,4.258678997934558730e+00,1.142652930474168116e+01
-3.529394643869090853e+00,-2.644177753989645829e+00,1.570017828160735540e+00,3.528494218945496641e+00,1.578019750512909658e+00,-3.628285583073277198e+00,-2.391512738242992153e+00,1.897305147771191081e+00
8.243161776107510441e-02,7.552181117614890082e-01,-3.459966813830979149e-01,-8.651364703839856674e-01,5.901321794655630670e-01,-1.101666344215774362e+00,1.106469397941296950e+00,1.732207717450737761e-01
8.929150857059839907e+00,3.646772265848644334e+00,-7.863725325662718646e+00,-5.069503347759445333e+00,5.565279367205397065e+00,7.981403716234757972e+00,-3.112387838067864010e+00,-1.006082695819032935e+01
1.937014463601667957e+00,-1.506851318801411921e+01,1.361975567038475887e+01,2.828996248025223537e+00,-5.144607168497229210e+00,1.420216421335887702e+01,-1.234117099408527451e+01,-5.408818318198176378e+00
-1.297590795019302057e+01,9.126006799638822997e+00,4.742374243195540906e+00,-1.359826980726341183e+01,3.327280056138824715e+00,1.442482176587728837e+01,-1.148902481084794225e+01,-9.960649506773549433e+00
-4.703950899837595401e+00,6.461460812344296478e+00,-2.803240562219387666e+00,-8.081306875068671403e+00,8.346297383798223279e+00,2.235868215588815211e+00,-6.442265256900874704e+00,5.663466603444952341e+00
-7.009536258187354374e-01,-1.471131664674992301e+01,1.425423612646004123e+01,-6.080919514882233701e-01,3.486374998418597104e-01,1.410517550467552894e+01,-1.433262309595058603e+01,5.888952964572227167e-01
5.703986148641134735e-01,5.267362802172538494e+00,3.913070122737863255e+00,-1.202418448519233518e+00,-1.473035519681635819e+00,-4.244849649623577470e+00,-4.616547265024187219e+00,2.122088276855436551e+00
-2.329871788223063955e+00,4.584780552860489022e-01,2.777306771053515977e+00,-9.648588406080778057e-01,-2.195150011562069015e+00,2.685324245945373445e+00,5.879452978331078938e-01,-2.223728276904233692e+00
2.744678544842821033e+00,7.786704281155519602e+00,-5.839576739252724913e+00,4.527012707190517737e+00,-6.494040544106505664e+00,-4.424765760552393346e+00,2.313944904411324277e+00,-7.600784719284616742e+00
-5.275805570055092097e+00,-5.361759106534626618e+00,6.169357756658061520e-01,-7.661976176192836441e+00,5.112121196461763439e+00,-3.911345632640667702e+00,7.314509230254266470e+00,6.300717288214091605e-02
-9.169566786804335123e+00,-4.103512141536725721e+00,6.692410219689395312e+00,7.830639829029822252e+00,-2.246232612973405818e+00,-8.983601284564739942e+00,-1.733982800015036574e+00,8.599335233561003378e+00
-3.230464189028791622e-01,7.953157896932612658e+00,-7.708096642285685363e+00,1.135881285782746275e+00,-3.676340186742474980e-01,-7.565987118405465672e+00,9.120033279263919823e+00,4.286800299949464210e-01
1.819734978689567839e+01,-5.907305738154553509e-01,1.873340711964957350e+01,1.038095735911680473e+00,1.878634234669243241e+01,6.228670286096402858e-02,1.863399554928526314e+01,4.124745619089020265e-01
-1.796944883587357600e+00,-1.119029669435523111e+01,-1.071884891716713817e+01,2.536997977420281547e+00,5.340791337499508629e+00,9.438061227416119081e+00,9.024897538524642826e+00,-5.284128540218899772e+00
1.165186884607581241e+01,-4.216385244309346803e+00,1.006006231845172216e+01,-6.689047347173437075e+00,7.125569629677051431e+00,-9.369961177407446939e+00,3.011533915935514116e+00,-1.309480505494508762e+01
3.511052674474424151e-01,-1.733338110315344593e+01,-1.784203860844873901e+01,-5.469699643712184756e-01,-8.957825270920630745e-01,1.750673869544358041e+01,1.745615095371308101e+01,9.033849574082182254e-01
8.094626574551109233e-01,1.391628917809529220e+01,-1.371555491237415403e+01,2.493718238597128156e+00,-3.045216716928182077e+00,-1.352305647718374182e+01,1.254337055366757703e+01,-5.543827883727939110e+00
1.877982716256865103e+01,-8.672108750899216734e-01,1.865015448933899478e+01,-1.903995056558430488e+00,1.928813160058476228e+01,-2.077508242475075040e+00,1.868997681609252126e+01,-2.376065204647575868e+00
1.135987421605149983e+01,-5.561297333623905104e+00,8.524947104391184638e+00,-9.577283991957726172e+00,4.570754981391822902e+00,-1.153792732849166569e+01,-1.076836233283806621e-02,-1.192568796111843099e+01
-9.334966854120782642e+00,-1.326582228407173503e+01,-7.734030809065804313e+00,1.401548024487150457e+01,1.676055008354868292e+01,-1.148022916941605187e+00,-9.424350329564376239e+00,-1.423599349455541052e+01
1.578210714608989096e-01,3.495001757000482101e-02,-5.009067723460045585e-01,2.838024881775345065e-01,-9.050279195345133365e-01,-6.376375482426444030e-01,-1.608099710817365580e-01,-2.824411521445248097e-01
1.297350095291849215e+01,-6.867516854563846529e+00,-7.990190318166724204e+00,1.219011981715354764e+01,2.896443743521175396e+00,-1.502909243400282868e+01,5.417745701273930514e+00,1.473449661445700620e+01
1.506352484707442052e+01,-1.962266896959021789e+00,-1.490060248580611457e+01,3.921406007778704961e+00,1.422655895736584775e+01,-6.752665667305429054e+00,-1.290455026437686925e+01,8.009189340690179293e+00
-1.280496760750143181e+01,1.304048539898769299e+01,3.101025921355037518e+00,1.732878921006670581e+01,1.597820133264555054e+01,8.840261916432135436e+00,1.722780956718508705e+01,-6.411447337994522044e+00
-1.575693120461549768e+01,-4.864317411509585298e+00,1.230875770703040217e+01,1.081532672744831913e+01,-7.794182745049606176e+00,-1.349176576436444819e+01,3.280294577273720424e+00,1.595680235635763822e+01
-6.982958380914118024e+00,-1.609359864805452567e+00,-4.510667717350107964e+00,-3.528654323953103855e+00,-3.835216247401329603e+00,-5.635664881699510076e+00,-3.701763227835412895e-01,-6.671920774023019973e+00
-1.633828533736839006e+01,1.750278465700777719e+00,1.450050524449412848e+01,-2.102736013273708071e+00,-1.525599914696517168e+01,3.160345136910728936e+00,1.597044870793827442e+01,-4.686436067191805499e+00
1.173463263459825967e+01,-4.866278344207867868e+00,7.682445218610252979e+00,-1.012184893327427027e+01,3.017801658901821948e+00,-1.175995698499268549e+01,-2.433856714727504755e+00,-1.161489581877729016e+01
6.386757033136008843e+00,8.961270237030394270e+00,5.148583807422022929e+00,-8.975125492640161795e+00,-1.017806739635184243e+01,1.667491901328406190e+00,6.912077624734721759e+00,8.704937945311190362e+00
-1.129585357040704530e+01,3.791285425090219707e+00,-1.014374992503152129e+01,8.547476628119333952e+00,-5.200714671838996495e+00,1.121900969770735124e+01,-7.320825173845075806e-01,1.165134907305085399e+01
6.770166302477203857e+00,9.125188191246783043e-02,6.795257589211255222e+00,-8.995351057184985955e-01,6.478796725160584025e+00,1.199695391885160056e+00,6.516156310408796060e+00,-7.154867683763557751e-02
-3.698926795053077310e+00,-1.049050818686292907e-01,3.070291443359113082e+00,-3.182794603839115277e-01,-3.402055845949174984e+00,-1.980928764507108308e-01,2.831859913049217248e+00,-7.301503906770723251e-01
1.570040182331249756e+00,-1.937925508182823664e-01,-1.772295480736756912e-01,4.473823164967288823e-01,5.654574544447467099e-01,8.420375550465781789e-01,-7.364005100646006108e-01,2.348775008164777356e-02
1.530139546153313646e+01,3.381742203181392625e+00,-1.503846446520479319e+01,-6.274279856587412496e+00,1.327696273236932711e+01,8.870570102614401264e+00,-1.167975133457404269e+01,-1.147789417792916922e+01
-3.304360931222546149e+00,-2.371268049927121258e+00,1.172797328576358655e+00,3.592924428724260988e+00,1.041095404521310691e-01,-4.343175008095432332e+00,-2.150136524817873873e+00,2.880108970446215721e+00
-1.001845898177800898e+00,2.121775833018233470e+00,-6.622963214145720645e-01,-1.743237273290924483e+00,1.827898694896348042e+00,-1.414820892681520892e-01,-3.595865260001923636e-02,1.694956510084799417e+00
-1.170593985717298757e+01,-9.908481178183670579e+00,3.522546484777909992e+00,1.554284936569320941e+01,7.575596897030821175e+00,-1.453006484988867442e+01,-1.453465462633275607e+01,6.406313774985213705e+00
9.861531237802592997e+00,-7.407690142061605920e-01,-8.939138462488031678e+00,1.663503137944955856e+00,9.573725827998162075e+00,-3.057570833572426761e+00,-8.383170920225287759e+00,3.436067840397437401e+00
1.158814815149622923e+01,6.876303316789908138e+00,7.188861079366118290e+00,1.057214464171261881e+01,2.316271117376988098e+00,1.259602332654248613e+01,-3.638537917756415663e+00,1.169523490486455408e+01
-9.758427618032618156e+00,1.471187854803206463e+00,1.001914277958327837e+01,-3.980335470210191184e-01,-9.395289415998316684e+00,7.029190219106165038e-01,9.444365804877323356e+00,-6.663681288144798209e-01
1.157887067556766736e+00,4.185288973647866229e+00,4.381092336907218332e+00,-1.477582768839023286e+00,-2.946933399538816278e+00,-3.971323329453547935e+00,-3.978888248985983367e+00,3.487142839677404016e+00
-2.343902198005234916e-02,1.401255434946936695e+01,-1.417241663294134213e+01,-2.498641872805840713e-01,-1.042892712949321288e+00,-1.414465827905137196e+01,1.373954964240991750e+01,-3.780923102925564661e-01
-1.549100556503006310e+01,-5.164447596581410060e+00,1.456760169799822791e+01,9.007430577578247721e+00,-9.745114339836259632e+00,-1.200557045006503465e+01,7.842295781872228311e+00,1.388712822293193661e+01
-1.928847070971749389e+01,1.735872827525438922e+00,-1.859876014732662242e+01,3.869069085357525140e+00,-1.804599073576205370e+01,4.514084118050260663e+00,-1.712092379102166362e+01,6.723918931049160719e+00
-1.640820966134656800e+01,5.270721508427364199e+00,-1.609059616428109152e+01,8.916861836954907972e+00,-1.217744286642001583e+01,1.314202059548963675e+01,-9.276751820679805860e+00,1.593732098049347456e+01
-3.286394124399667938e+00,-1.056192603021252285e+00,2.158907496839324924e+00,1.460195699376554357e+00,-1.759151772482841380e+00,-1.988039119580294445e+00,1.840541775214930453e+00,2.344555599264221968e+00
9.312707885937299146e-01,1.717621088851860378e+01,1.752279485356204702e+01,-1.121099991569541654e+00,-2.723337930922174799e+00,-1.611708794048261240e+01,-1.666615894534390208e+01,4.470436725253496668e+00
-3.872054805260389809e-01,4.117353372250295962e+00,4.373818824537067940e+00,-1.095247995015985465e+00,-5.792808799976456591e-02,-4.184645797635901943e+00,-4.331260809394161804e+00,1.957357367766491274e-01
1.619240550787207411e+00,4.266749421915848828e+00,2.373883943471803981e+00,-3.134130653870801364e+00,-3.729821653863694131e+00,-2.916075183558132444e+00,-1.257643112829558429e+00,4.124315120666145695e+00
-3.170057586537740502e+00,1.206521856379796453e+01,1.024090476919145232e+01,5.325855237753524207e+00,7.231631588619430673e+00,-9.256967409909346856e+00,-6.787490618966154798e+00,-8.136838477172354089e+00
8.601223659284835676e-01,-1.715168268322630807e+00,6.671216925243494966e-01,1.880783412094135576e+00,-2.740983273101373463e+00,-3.196946665746644989e-01,1.794052815133575951e+00,-1.297357068507319244e+00
-1.600293002340472448e+00,-3.807536926200416616e+00,-2.593803729474534414e+00,3.918483827531398678e+00,3.953309586818264609e+00,1.913388019710804189e+00,1.068269041353502091e+00,-4.190239126310251194e+00
1.042086828729459214e+01,-5.421751130089506709e+00,7.108163084542961307e+00,-9.979483989864380789e+00,1.707776942485947913e+00,-1.227299410031591265e+01,-3.527384168219523719e+00,-1.130701384445311675e+01
-5.560404565986882819e-01,-1.119796892522599130e+01,-1.163992666194799241e+01,-4.966192103312392914e-01,-3.306162024284653445e-01,1.109120317034272496e+01,1.080711308515431135e+01,1.917820462064089515e+00
2.912974653220075538e+00,-1.398323627350457699e+01,1.205213159734420181e+01,6.900670470807023449e+00,-9.426890562685985131e+00,1.005580671876156984e+01,-8.099957954469507726e+00,-1.222912081935047723e+01
1.765227336321573759e+01,-6.959489198837479629e-01,1.884106943627820030e+01,-2.838346253714068901e+00,1.820662869459976818e+01,-4.026292382393906522e+00,1.742323582944728599e+01,-4.427001276214161507e+00
-3.911115426203157330e+00,-1.627232083663832185e+01,-1.520405702388356950e+01,6.120590863687799477e+00,8.842596127421641583e+00,1.407557726333394754e+01,1.279745762967278289e+01,-1.224834575041911400e+01
-1.828532163372198704e+00,2.646837762135214156e+00,4.002037041802645745e-01,-2.270255261946731107e+00,2.202098757220916525e+00,1.505632689221825693e+00,-2.715804808802280146e+00,-5.911371625372340288e-01
4.171271946613504866e+00,-5.049190524413853076e+00,-8.392655064246818952e-01,-5.160288933064765438e+00,-4.973476844833639277e+00,-3.114837830811059582e+00,-6.046008417512247490e+00,-1.856432916136568911e-02
9.849490722182396851e+00,3.289466520646175063e+00,-7.443127127656684827e+00,-7.699632271381508630e+00,4.138169073492417915e+00,7.826988619622579080e+00,-1.599529113979060391e+00,-9.488158788221799256e+00
-3.159185721972118888e+00,-9.774810837387187590e+00,-7.729254692391086756e+00,7.263541213268772445e+00,1.020785332341188933e+01,4.887845250872545400e+00,5.689721321900998996e-01,-1.073275804037862713e+01
-3.446194308632563263e+00,-1.900721643848104936e+00,2.477870825895215567e+00,1.716289402473391235e+00,-1.586675358454628482e+00,-3.557599790026847231e+00,5.065031562623059092e-01,4.327390621194513010e+00
-2.804746016440853307e+00,1.247797143445540657e-01,3.411267067462570246e+00,-4.060005026084028690e-01,-2.977487195681257415e+00,8.874631066822352699e-01,2.691331675512407262e+00,-1.334998096376674548e+00
5.278972695261821002e+00,9.308628598622686212e+00,6.325929635744441448e+00,-9.048639490994229817e+00,-1.002587017985130302e+01,-3.533739070593702181e-01,3.747451800654427068e+00,9.601000446780952657e+00
1.298838177189042487e+00,-1.405390588991010858e+01,1.470056653459566576e+01,1.171550796364275726e+00,-2.440706143398349237e+00,1.381362831763619425e+01,-1.341994250275651979e+01,-3.483153396073009667e+00
-9.485155755651568654e+00,1.482349231232654052e+00,9.965514080630937244e+00,-2.035397216142213139e+00,-9.254243635926270528e+00,2.535121562345912238e+00,7.501731873812246043e+00,-3.254816414831482874e+00
-2.594034513700408606e+00,1.357648680000648511e+01,-1.356031953746854413e+01,-5.573572634045738106e+00,6.779390879140517967e+00,-1.215760456171357617e+01,1.043588474998788307e+01,8.465194363566332925e+00
1.891746299558484523e+01,-2.540414336076412205e+00,1.703247441281206420e+01,-5.496672168725185159e+00,1.639206991900934440e+01,-7.472250572080871400e+00,1.503126742880846578e+01,-1.033866290742008864e+01
-1.798921737263153631e+01,5.327365956148285342e+00,-1.489448518303015412e+01,1.203001324470877975e+01,-9.552877316120779838e+00,1.652250188646580042e+01,-3.658003805350140691e+00,1.742685884906235572e+01
7.616765163823307816e+00,-1.936447766577458651e+00,-9.239568088683830283e+00,3.715958287079740074e+00,8.431133303603660423e+00,-5.400325345702580826e+00,-7.548853306945440877e+00,5.367756147966563418e+00
3.739927713096386164e+00,6.260866344784553839e+00,-4.392677983325548041e+00,5.754740919828819301e+00,-7.041608276620058504e+00,-9.794478976239466839e-01,-3.085624214038199309e+00,-6.836956513010115977e+00
-7.289460615517772801e+00,-1.160131569494284198e+00,-5.464988219488062349e+00,-3.838753420068781175e+00,-4.601431335741967388e+00,-4.612327161206061454e+00,-3.555529293805590907e+00,-5.640526730291869129e+00
-5.698646588034961269e+00,4.868601624277528184e-01,-4.828111876322794593e+00,8.178127671217251538e-02,-6.751995318750890540e+00,-4.268861434682025280e-01,-6.236725575637824370e+00,-2.182254449946359753e-01
-8.786846732529987491e+00,2.013798513174472671e+00,7.573883750857605790e+00,-5.047675541786681208e+00,-6.092241940924671972e+00,6.363146059429077184e+00,4.199437916622892786e+00,-8.356475581936269492e+00
1.238993762991085923e+01,-1.305706161852163483e+01,-2.985151409245879961e+00,-1.790695373538643054e+01,-1.395695306152503790e+01,-9.907589094336676894e+00,-1.740312814276052222e+01,3.838768582490060588e+00
-1.950705836399415194e+00,1.115531065640751862e+01,1.083232669431609629e+01,3.833009007983677829e+00,5.093289315190413724e+00,-1.001170560524340658e+01,-8.561772525885452012e+00,-5.623960005817816743e+00
8.475274906673810449e+00,-4.863499522141509601e+00,-5.345967355106676422e+00,6.955770506279280063e+00,4.904131253734103080e-01,-8.614549229152560272e+00,4.172597034623762191e+00,7.778746549930386500e+00
3.408486269045996608e-01,-1.848975414923801130e+00,1.580901611231912973e+00,-6.307085672658022668e-01,-1.591209698349468349e-01,8.637975837597482442e-01,-6.988392204587507983e-01,9.626404343707873901e-01
-7.108405887600163453e+00,5.375721997367258531e+00,2.131677607851580891e-01,-8.474579553072059568e+00,4.903248196012773619e+00,6.725131469143957652e+00,-9.271823213470574032e+00,-1.221601914964754787e+00
-1.880349742381979272e+00,-2.760271339048290695e+00,-1.976433231401054869e+00,5.049866479093842564e+00,4.233036114524508342e+00,5.990800940771181526e-01,-1.545831339841359231e+00,-3.066599721897230957e+00
-1.188166881031599864e+01,-1.395312813160310750e+00,-1.280637074498735117e+01,-9.218651826537251903e-01,-1.334565857996368443e+01,-7.202049601370066334e-01,-1.204711622311277708e+01,-2.072277334886249101e+00
-3.822798417118333791e-01,-1.627315243403177458e+00,1.076660615848777258e+00,5.906843822096630170e-02,1.077790586206983203e+00,1.488937550917201813e+00,-1.507825047215510139e+00,1.286272306556344835e+00
6.726424040926929360e-01,-6.793723966557706495e-01,6.778184551053385576e-01,9.236066920743538078e-03,8.510153694447901707e-01,-4.587678717976715337e-01,3.798385538029284136e-01,2.446114218052578559e-01
-1.120163774676724699e+01,-1.249657907999498896e+01,-1.194304192431034251e+00,1.560676731908864490e+01,1.433316439085559502e+01,-9.010420817961231066e+00,-1.607389739094474734e+01,-3.142588944862215072e+00
3.964722619268603143e+00,1.710438318143250669e+01,1.535824391795532229e+01,-7.697601927214724249e+00,-1.069002527482392040e+01,-1.199806044655345971e+01,-1.023132922356292163e+01,1.417684737028158537e+01
3.096212885016106142e+00,-1.640793886791099609e+01,-1.686641035879004846e+01,-5.967995708056555770e+00,-8.099729762183523363e+00,1.515976300850624980e+01,1.275057174481951350e+01,1.081198181519668822e+01
4.765172978513599666e+00,9.293408060297359441e+00,7.318593486327075404e+00,-7.787403709411297115e+00,-1.040128160192745455e+01,-2.116061109380944494e+00,2.019677232330774785e+00,1.061527621550136580e+01
5.385814241801790914e+00,1.596016848077478123e+01,1.278094851092885165e+01,-1.097786567439825944e+01,-1.577485246174195233e+01,-8.411666401032270812e+00,-2.277212517315097884e+00,1.712089676534382932e+01
-1.252589043380569400e+01,1.426503544043538518e+00,-1.131007536312933937e+01,2.005934662317858219e+00,-1.201988681052068131e+01,2.227919620567996528e+00,-1.260371961375543570e+01,3.285953506803440671e+00
-7.400164132533193495e+00,7.903872402005248432e+00,-1.146428833916315476e-01,1.173288577786492048e+01,8.082648325605060080e+00,9.100499707027582375e+00,1.150868449411335348e+01,4.549665918730310121e-01
7.047340451483909085e+00,-4.021165258445248192e+00,-5.474200983624236905e+00,6.733872336389167934e+00,2.625473501860251080e+00,-8.907831375781983141e+00,1.088413739908268951e+00,8.572202758537718736e+00
-1.965469828189142287e+00,1.723228221517553038e+01,1.654710779496451067e+01,4.906584779635930538e+00,6.283206063955359966e+00,-1.627370165569516303e+01,-1.575323679849116765e+01,-8.282378322848636287e+00
2.925900772718612153e+00,-9.029887300367185343e-01,-1.498215732831014169e+00,2.030834878323138248e+00,1.246542913258754798e-01,-2.624521815452584228e+00,8.922708953340234839e-01,3.878341312541267349e+00
5.824905145006442631e+00,-1.253271936170421874e+00,5.835283630951439093e+00,-1.535572010630305684e+00,4.916371950901129217e+00,-4.131107406274610483e+00,3.246200771367325988e+00,-4.693376961437333961e+00
1.587248170572055450e+01,-3.545210080035683387e-01,-1.535128459255690636e+01,3.833863653289888873e+00,1.522888901598271438e+01,-3.951869874005388361e+00,-1.347474721579627754e+01,6.295194828809657750e+00
-1.551821476953988288e+01,-1.530972187543353735e+00,1.573743163107387133e+01,3.262987789123453553e+00,-1.560786619249464025e+01,-3.782209295811365113e+00,1.562522819244128947e+01,4.974027389008027988e+00
6.282915352779963492e+00,-1.029935838181629482e+00,5.810772719064766889e+00,-2.297164436244034658e+00,5.395889888025933168e+00,-3.086773069158938121e+00,3.579082374933491906e+00,-4.405523876590893728e+00
1.280487518385595358e+01,-1.133292180070863964e-01,1.225852663812687915e+01,-1.386568731767027218e+00,1.243714148567646305e+01,-1.414125346991259802e+00,1.221431053017224855e+01,-4.000358132679188827e+00
3.019626226906960920e+00,-1.051391442308014512e-01,-4.539964846494092043e+00,-4.695754210571845833e-01,3.058547430522746691e+00,1.782698341100129147e+00,-3.495128635355563063e+00,-2.132513805021272191e+00
2.605434524704595134e+00,1.692193665050821494e+01,1.688390536226110328e+01,-4.146429428392346850e+00,-5.442160149671946279e+00,-1.610642956777596879e+01,-1.535196959819483453e+01,9.266258228398331909e+00
7.368224459170951590e+00,-1.252904016254458064e+01,9.028417406806495293e+00,1.074035636135745442e+01,-1.394897148354158034e+01,3.350370804705292471e+00,3.571974910064936282e+00,-1.441968750547041367e+01
-4.858088650242816442e+00,3.714787174225856692e+00,-1.892804934946759943e+00,5.674466783213320653e+00,1.684233925915929797e+00,5.840428664359888167e+00,4.355418749342189422e+00,4.438550267725057452e+00
3.227307556885416151e+00,-5.890227355354262784e-01,-3.662916436333642611e+00,6.984823817841543381e-01,2.707024873012303434e+00,-7.824189228784621530e-01,-2.784832968390466235e+00,1.391016048165172769e+00
2.951408056440520067e+00,-7.079006367755736884e-01,-3.011726661427844842e+00,-1.854514652973536792e-01,3.076402005749086843e+00,-6.290651105792048892e-01,-2.318875972117549367e+00,1.399576386460349431e-01
-9.791442493948425252e+00,1.095257829131627503e+01,-3.692041046560557316e+00,-1.474259718602239921e+01,1.243257192499007679e+01,6.015021313645763534e+00,-1.384274454134184040e+01,6.444438826827597389e+00
2.970422926084609339e-01,-1.749665759736385606e+00,1.722590614600765679e+00,1.950773111813136396e+00,-1.896928640877979966e+00,-4.390361440461809095e-01,1.134780540646727731e+00,-1.517711385411942615e+00
8.095238151686652728e+00,1.469315482084140889e+01,8.536493133805391764e+00,-1.440917704841479186e+01,-1.646499971548110963e+01,-9.627379164972794667e-01,7.214549517905279430e+00,1.583949952190028476e+01
5.733634847653862110e+00,8.009486899101348811e+00,2.192520909926638950e+00,-1.085207593409566407e+01,-9.390831936429728799e+00,3.102229146831390505e+00,9.764690993586812695e+00,4.148459186329518822e+00
-5.436005234713173095e+00,2.315239720732729545e+00,-2.480926832686023431e+00,5.156428865844266518e+00,-4.413735641955985889e-01,6.166150283815959199e+00,2.921558490688879850e+00,4.794197899165040688e+00
4.415270539482864187e+00,1.581082414954001969e+01,1.566326618985337582e+01,-9.132207920720663452e+00,-1.236533289613933739e+01,-1.150428507253043442e+01,-7.155842736535919180e+00,1.527002881216332852e+01
3.062863468615063312e+00,1.156299789533620448e+00,-2.433309742493142469e+00,-1.470190066525855377e+00,2.308895585286680596e+00,3.277827370624037950e+00,-7.456562700971794966e-01,-2.624919913201601229e+00
1.071557007758239033e+00,-1.466631028318766461e+01,1.449520046659895733e+01,3.330460024022661170e-01,-8.509116700065295635e-01,1.465837816312969544e+01,-1.367543790958466232e+01,-1.749550557832712627e+00
2.703386103933972606e+00,-1.365020402979036795e+01,1.300043700966631377e+01,6.481498380063359654e+00,-8.499848335120827159e+00,1.140829144857205790e+01,-9.712173577082761966e+00,-1.109821130554336222e+01
-2.836495102072346675e-01,4.403626980598734697e+00,4.497115022304554621e+00,1.836751969637001047e-01,5.852904950040749288e-01,-4.638389745465481440e+00,-4.416129703263559136e+00,-4.789234046377237042e-01
1.402354262889634562e+01,-1.144033556560138898e+01,4.529902381200149541e+00,-1.705691315884378056e+01,-5.998031541141140011e+00,-1.633328933303206654e+01,-1.510853243235427890e+01,-9.151754271269028962e+00
-2.298980196315589808e+00,-3.865882595541596967e+00,-2.336983627536064922e+00,3.798323819058404105e+00,3.432589974806759869e+00,1.542599131546376956e+00,-1.380629019257940016e+00,-5.003521724673572812e+00
5.920582675360732239e+00,1.520336419404560147e+01,1.112951044157047598e+01,-1.191759542096832192e+01,-1.723381383941511302e+01,-6.470148657362846834e+00,-6.386507357109727501e-02,1.639620946175186589e+01
8.999949523440264443e+00,-7.082495322102083657e-02,-9.545506629754502370e+00,-1.613822404947808931e+00,8.969229314773260242e+00,1.066809058556775325e+00,-9.414246628901661751e+00,-1.405014326089615073e+00
3.374822215326681585e-01,-1.771474904842801124e+00,1.780829410126857804e+00,8.773831892101666696e-01,-1.179312882839711030e+00,4.873544413656332175e-01,-1.332578136006483005e+00,-1.182121000999578841e+00
-8.045900826968059860e+00,1.523681047563277602e+01,1.205890176145032200e+01,1.375449635752891986e+01,1.749516703096966452e+01,-4.288673984267204808e+00,3.942164469130931437e+00,-1.733757511718030386e+01
-1.865816483410124738e+00,1.155619908116403316e+01,9.478389951656973622e+00,5.087223978976711081e+00,7.590491124637413378e+00,-7.713824047389508110e+00,-6.154891221275954116e+00,-1.001809958099471842e+01
-5.363975951063665981e+00,1.685911345295704855e+00,-3.576883003631416091e+00,5.202147892676133978e+00,-1.787074752703340597e+00,5.086942962985671279e+00,8.505267836754214494e-01,5.931658350651927591e+00
7.061089169142885424e+00,-5.186336823183142819e+00,-3.384995554188169109e+00,8.048908052377351297e+00,-1.148286696125577766e+00,-8.421315263485558589e+00,6.578611220641090718e+00,7.285344305505382145e+00
-1.108435360965638061e+01,3.408580139389243424e+00,-1.007757984344717883e+01,7.210048011126070300e+00,-8.722002934552426368e+00,8.252783507920810280e+00,-6.757019877165365784e+00,9.429304567279606530e+00
-7.896991147894305563e+00,-1.188951615620193181e+01,5.553287454065597650e+00,-1.309696704260083600e+01,1.291197602031217961e+01,-1.866035796928839030e+00,9.332634315987327511e+00,9.969266857946051275e+00
8.517904776032308334e+00,1.791354714862517072e+00,-8.752094577832050248e+00,-2.901955513617019644e+00,7.663865644655514231e+00,4.720108734228608327e+00,-7.043483817383412671e+00,-6.127070275310733116e+00
1.211240587697192694e+01,1.717240617218491083e+00,1.199285780634857623e+01,3.192868243831996189e+00,1.174317702824887277e+01,4.540848168450454025e+00,1.150658252039039375e+01,6.350625209041010244e+00
-5.025328898896521679e-01,-2.051861298593195271e-02,2.431209859245714311e-02,-7.363351237964083085e-01,-9.122219537936300249e-01,-8.339171399108276095e-01,-4.017367052035449304e-01,2.242158478215562079e-01
-3.078707652562424180e+00,-7.396371526268685770e-01,3.295249051023234177e+00,1.420846476406091963e+00,-1.450108191404494873e+00,-3.206967228685818405e+00,2.110649440818946898e-01,3.050603063984882013e+00
-6.491831818138154908e+00,-1.207614438403925350e+00,-6.497976551468579665e+00,-2.518455847704594408e+00,-5.158431191726442044e+00,-3.427396456058776852e+00,-5.338445992733746870e+00,-3.972827115297807854e+00
1.215007243551063709e+01,-8.838234191963827868e+00,-3.803502870180200279e+00,1.450936473130805737e+01,-6.137144030752025969e+00,-1.346796506004970517e+01,1.409572097795725654e+01,6.937406574327100728e+00
-1.631705920426940182e+01,1.869889074992353573e+00,1.450007510430982904e+01,-4.493540146344012776e+00,-1.435974044939100835e+01,6.420531729333737836e+00,1.382825179932526005e+01,-8.268780699387622946e+00
-8.573628809722502186e-01,3.866623737541057815e-01,1.772762823506554841e-01,5.016604214560396180e-01,-7.256394812462991784e-01,7.469879741625067016e-02,-1.516876777546144472e-01,4.781443708749192889e-01
4.980087820641208474e+00,-2.315073813037751727e+00,3.872203065904964880e+00,-3.937779113429433764e+00,2.203303194425356715e+00,-5.240247952705251677e+00,-6.380261305869676658e-01,-5.273639792307692531e+00
4.187882862416425489e-02,2.361601131428724409e-01,1.380606681054783902e+00,-9.220001219061553233e-01,8.415174301320624828e-01,-3.751952162638562682e-01,4.635489417660039191e-01,-1.299704074264638187e-01
-1.491825414244193837e+01,5.179760784954171804e+00,1.288110486368846352e+01,-9.796892674979824633e+00,-9.400144428426665755e+00,1.172162154611095986e+01,5.565979581131380804e+00,-1.403102231657504362e+01
-3.178252663810507972e+00,1.621187264881265300e-01,2.510921292314728603e+00,-9.827229599447770969e-01,-2.651561189766366233e+00,1.799160910792528822e+00,1.482719798778041609e+00,-2.608870827841520246e+00
-4.780908325540401904e+00,1.762481297767404342e+01,1.602297159445936003e+01,8.740070796477796833e+00,1.162896481550867200e+01,-1.245606114331793357e+01,-1.058353190712797343e+01,-1.392099361980614702e+01
-8.641561368418006595e+00,1.369286125062870507e+00,7.739781654220107221e+00,-4.456577022747294947e+00,-7.489027511682232685e+00,6.050515132564147969e+00,5.439339469487739720e+00,-7.398922184749639364e+00
1.473266610373438201e+00,7.420650640792250119e-01,-1.417412566678303731e+00,4.449957340512725734e-01,-1.035414955391642078e+00,9.793892034079825226e-01,-1.096880509240083290e+00,-1.337267524878537284e+00
-3.286236923873982807e+00,4.379064540487875412e+00,1.621377215008507067e+00,5.017734566736375079e+00,5.342778853517897275e+00,1.899870468395019163e+00,3.673128030522586407e+00,-3.211532454345450205e+00
-3.653376323582627982e+00,6.964386245082152094e+00,-4.856788547090049590e+00,-6.831003407898612600e+00,8.968393463494825468e+00,-2.357304216527996044e+00,-1.904249243117651202e+00,7.929076818396137760e+00
-1.062701005923146091e+00,-3.644544114332012308e-01,1.456960807125638357e+00,-9.644039801744286322e-01,1.589448153487409421e+00,2.579164302074976045e-01,1.227544235306477827e+00,1.307037943779994826e+00
6.657518514961196843e+00,3.080316949998098242e+00,4.180587677647832123e+00,4.980055535395574218e+00,2.118139826192456443e+00,6.699629508631581132e+00,-6.576270224140525755e-01,7.366665110326652055e+00
-3.809381128100191916e+00,2.747073698128895680e-01,2.345768111724573668e+00,-1.384053536217787705e+00,-2.854727353350155816e+00,1.992043478217784713e+00,2.368332235763909832e+00,-1.725133638893096677e+00
2.602012445706689547e+00,-1.989507084939461823e+00,-2.181645620138561004e+00,9.477603659856482787e-01,1.545342246356994798e+00,-1.952900027420846341e+00,-7.504395219334786260e-01,2.708094539587674987e+00
8.477876416872085485e+00,-1.625332589733497102e+01,-9.171871107229234710e+00,-1.389829686721598456e+01,-1.718175662173593921e+01,5.450670012347836879e-01,-7.564506843162855709e+00,1.621742446778229052e+01
-1.373605905267860194e+00,-1.634543544750608479e+00,4.136167928581794273e-01,-1.620287422141159617e+00,8.576011326631165499e-01,4.451866600013376640e-01,-7.144137799425335222e-01,2.051037524371250864e+00
3.976513871585934723e+00,-1.056533994468166959e+01,-8.047610665299270494e+00,-7.649246868816772071e+00,-1.017327086526783475e+01,5.124108300581040609e+00,9.970110674977539222e-01,1.079903010061051916e+01
-1.008527784794991966e+01,-1.314204697264649369e+01,-4.068777503257512862e+00,1.583072276526166355e+01,1.499245487926765819e+01,-5.732336876242905888e+00,-1.375163139822318037e+01,-7.805242104717134310e+00
-4.716314750211727524e-01,6.329636344436064821e-01,-4.963759967334746559e-01,7.240156906270038828e-01,1.144596570834319760e+00,-1.373468241203364082e+00,1.785215894713407803e+00,6.681395020592484357e-02
6.877264591255288551e+00,-4.371439877639380356e+00,-2.095897330087668653e+00,8.850690223916396704e+00,-4.760513152104365986e+00,-7.996770626593098896e+00,7.419108500764487246e+00,4.454485126750977741e+00
1.793376877359085242e-01,3.118481123239130737e-01,4.584023315126121156e-01,-6.498315802210913317e-01,4.129561367981983699e-01,-9.205247318715432669e-01,2.979553902802207777e-01,1.780518759427334397e+00
5.671830988877100133e+00,-9.624137359167622918e+00,-5.385188791145674614e+00,-1.009259310674776167e+01,-1.138344151255816428e+01,-4.322914553717337460e-01,-6.306914514003429950e+00,1.040284142269229761e+01
3.934361662994348308e+00,6.814247241349089101e+00,-4.537265170101902001e+00,6.422218258520070222e+00,-7.178726083194703733e+00,-8.227247549297113105e-01,-3.184608662932433276e+00,-6.020994896596746138e+00
6.130690224122911758e+00,-1.862332400527667353e+00,5.588496491934133559e+00,-4.581867402450867210e+00,2.175059825671882052e+00,-5.452618947564679353e+00,4.107097010327020459e-01,-5.326887138451391834e+00
-5.828447948159712233e+00,-1.644642459664187584e+01,-1.229211139915702944e+01,1.169142960612943938e+01,1.437061162225987765e+01,8.178146359938191168e+00,1.455285057055420550e+00,-1.608067621789937363e+01
-1.708606448089680541e+00,1.415233864556707077e+00,7.357010733337544517e-01,-1.414760701065332249e+00,-4.789080661737056266e-01,2.331017868418633121e+00,-1.817947746125049058e+00,-2.347961618431654074e+00
-6.047405030633768774e+00,-5.033025382282991789e-01,-6.032000782160395147e+00,-1.560432304482764820e+00,-6.134557474018030199e+00,-1.515423460864434579e+00,-5.181249893838744569e+00,-2.741378317626722350e+00
5.268754012257198305e+00,-1.349131239487678791e+01,1.000884638392387949e+01,8.805123972376518893e+00,-1.334198553189947667e+01,5.952626427198840275e+00,-1.003220678559996637e+00,-1.475260359577381131e+01
1.769509306096969992e+00,-2.286660206758415192e+00,5.408865810465893764e-01,1.648842087053902228e+00,-2.198459076246793487e+00,-1.760096572313675223e-01,1.072218117530524539e+00,-1.208017451661776098e+00
-8.490925713394679164e+00,1.587035136780148648e+01,9.219500846083359846e+00,1.536201596196546326e+01,1.783774147013026479e+01,-3.791219281996298651e-01,7.615795826234391441e+00,-1.600184454704058012e+01
-3.128259493842549421e+00,7.207433368875915569e+00,-5.326280266410288178e+00,-6.938999480032156164e+00,7.448422743969304705e+00,-2.155153061004476012e+00,-1.606390462577665046e+00,7.714561508130459266e+00
6.483340801415080623e-01,-1.435077512942933398e+00,1.236921420165024044e+00,1.933656252108118423e+00,-1.189082905886022612e+00,8.864457952290066833e-01,-1.221601403212984494e+00,-2.250488711070378400e+00
-7.636216670955052521e+00,-5.894822761482570783e+00,4.436587910426792014e+00,9.517509014553089841e+00,3.696253591442501540e-01,-9.884693794925468069e+00,-6.278801319696403205e+00,7.552017778978063589e+00
-1.011682686460077285e+01,-3.815305705660124946e+00,6.994305363876724968e+00,7.173610379156113659e+00,-3.617106540603617582e+00,-9.682653543262043527e+00,-6.378648167647812395e-01,9.810098641898751026e+00
8.603555516637339196e+00,1.011816334286402252e+01,-2.519711800471994056e+00,1.295800937835565669e+01,-1.120491398696488972e+01,5.579919743798502196e+00,-1.168222359367313068e+01,-4.787669670686200973e+00
1.691451291153800440e+01,-6.429110292006942728e+00,1.402462916741039933e+01,-1.292381688885909696e+01,7.548300700134565666e+00,-1.660477914610304850e+01,4.751276743352434995e-01,-1.799937876595016562e+01
1.383606250872016163e+00,-4.300677006887339004e+00,-4.182500008550039894e+00,-4.501013319471858232e-01,-3.505669544430432438e+00,4.165141040065564404e+00,3.285555499917372391e+00,2.784545366687671830e+00
-9.656236861162652119e+00,6.988662364169994312e+00,-3.374961002067160543e+00,1.084388783893117925e+01,4.682018121031824798e+00,1.203144836934746920e+01,1.097272568346373234e+01,6.008925445797252962e+00
1.176480937160463291e+01,9.225624786666205779e+00,-3.086911360590317344e+00,-1.553964014518862058e+01,-7.177094700344521350e+00,1.440368308237206385e+01,1.479065870304042996e+01,-7.183534181062380952e+00
-3.348800388963064645e-01,1.864130759676893234e+00,-1.529148748886224540e+00,-2.547588180744219777e+00,1.811850198325879013e+00,-7.882547010738557569e-01,-1.323900362839947942e+00,1.919637528124850778e+00
2.865442431327146267e+00,3.422195173728975526e+00,1.252829572085498944e+00,-4.426189433406577223e+00,-3.507303926802803229e+00,2.763021477597299658e+00,3.468235308690844843e+00,1.942839336596405619e+00
3.163151892837619439e+00,2.738617096924400141e+00,-3.236385717852495181e-01,-3.325397452778826590e+00,-2.845467474697751076e+00,2.873476469645228182e+00,3.332373666335193718e+00,-4.694963806943528994e-01
-6.444842263451279862e+00,1.350670198073454920e+01,-7.501381648430037075e+00,-1.286050520117274232e+01,1.462031873151753913e+01,-2.404066731064937290e+00,-4.400796612452028356e+00,1.372985468952868615e+01
-7.593213045974814612e+00,-5.845972922951149009e+00,1.390386331875220760e+00,1.006679172714998494e+01,5.126961363640542224e+00,-8.816147525727361156e+00,-1.011020558914458078e+01,2.928574463315572807e+00
1.179495062384540605e+00,-1.485154124889520588e+00,7.475288435510272222e-01,3.110860421221512517e+00,-2.616128733592675282e+00,3.769108493800197301e-01,1.898924700649659680e+00,-1.708299854857184386e+00
3.408382498272638728e+00,-3.292608311624184436e-02,-3.542782611770904033e+00,-4.622096172045651041e-01,4.020689196353189665e+00,2.451183382697186275e-01,-3.179285255033529101e+00,1.169178934960251937e+00
1.224399638919718747e+01,-8.351976989521553429e-01,1.176928175276559152e+01,-3.615195568084735633e+00,1.123119990261004020e+01,-3.484138222147064035e+00,1.018825605443126925e+01,-6.402386299128624891e+00
-4.218585451987476032e-01,-4.672324856283938566e+00,-4.343401027072260057e+00,6.624677707078566735e-01,1.697964118728068073e+00,4.366281427273674964e+00,4.426219881248699473e+00,-1.830700533462019663e+00
5.424862167219018261e+00,1.813632612128517785e+00,4.845039915723468482e+00,4.085052340447600905e+00,3.710957642870484907e+00,6.116764374382887226e+00,1.601843224788946474e+00,6.309870482677709447e+00
-4.001406188040176892e-01,1.714509399245052990e+01,1.725592068626670184e+01,9.849078732122279467e-01,1.210238206150368256e+00,-1.713674471657989429e+01,-1.746435141933482527e+01,-1.191365124956313526e+00
-1.545781997563996146e+00,-7.482501923428134027e+00,7.520739284910476385e+00,-2.594801037417480138e+00,2.695431736376785903e+00,6.853374559224356233e+00,-6.898465015364116049e+00,4.528727816974698506e+00
8.025396366664692138e+00,1.069587465134608451e+01,-4.718066336284060469e+00,1.245949992394658601e+01,-1.281570277548159709e+01,3.863286322225647051e+00,-1.074117402193868820e+01,-8.430482235027008997e+00
-4.266323932122311646e+00,-6.972746936827315389e-01,1.944906794852952148e+00,4.001823847063639139e-01,-1.752937913703961570e+00,-2.493504843750448785e+00,1.934893362878084666e+00,2.132053503793544191e+00
-2.232660411371846454e+00,-1.146771256364806035e+01,-1.017244524213722556e+01,4.535557241690190367e+00,6.395854183872303089e+00,9.077985100094970505e+00,7.301269827453458205e+00,-7.114846581603419651e+00
9.776597368880571293e-02,-5.333547300934721846e+00,-5.313392984366249294e+00,1.048685181594518345e-01,3.611220916650398904e-01,4.668667441947807362e+00,5.778397122793967000e+00,-1.223411016783588545e+00
-5.566244042545197779e+00,2.052206523613075984e+00,-4.741677404211549707e+00,3.868906754730044195e+00,-2.319177029116930466e+00,5.553197994963986694e+00,-1.881310332948275543e-01,4.933025954211495367e+00
5.363570789215539314e+00,4.064606946994026693e+00,3.657486628911551296e+00,5.538594441672475277e+00,1.164489656797766060e+00,5.886151366095640824e+00,-2.016061219831393636e+00,6.723257384895099165e+00
-8.797967533237233795e+00,-2.213214463286411693e+00,7.647865214125967981e+00,5.362159505030386519e+00,-6.006477390222598522e+00,-8.706804582798195469e+00,3.249425564101180886e+00,9.528999171476213448e+00
-2.708278674341618952e+00,-6.075443363056597157e+00,3.410801927429718550e+00,-6.887588108512370688e+00,7.295941983268402709e+00,-2.119380063340992049e-02,4.669127211101088193e+00,5.758570110023172539e+00
3.066999114985041075e+00,-1.148596745451063494e+00,-2.303418120736957952e+00,2.745666422084785729e+00,6.547414147704141429e-01,-2.310356524255531063e+00,5.157776040312030963e-01,2.202407703323439492e+00
1.508453649323306323e+01,-3.276108537842060908e+00,-1.293775215999224670e+01,5.457387414897839406e+00,1.314239703912212676e+01,-8.768214263098432326e+00,-1.016815883405029375e+01,1.174401325704505972e+01
-4.537362628962502420e+00,-1.329702570480787216e+01,1.085858105743289137e+01,-9.115445876300178440e+00,1.206451570229015147e+01,6.869873128304467613e+00,-2.208173537580989887e+00,1.347828685651908742e+01
3.564198630783868449e+00,-8.082689612107708754e+00,4.203103660801843944e+00,7.714141358120438774e+00,-8.359023344987861037e+00,1.388436099670627977e+00,1.804676119678924717e+00,-8.157318150359987641e+00
-1.534611768490902683e+01,7.143264227795375065e-01,1.525538905892957864e+01,-1.374825732301669046e+00,-1.508043914474677294e+01,1.624668731891750983e+00,1.522800845801405778e+01,-1.732587166819878233e+00
-6.417527334036712716e+00,-1.557369721735136814e+01,-1.136888025496259580e+01,1.197664603969997366e+01,1.642962939319112436e+01,7.068109702203575928e+00,-1.347115837410485684e+00,-1.694844076196229921e+01
6.992330727983980587e+00,3.454812885932884714e-01,5.963759367235185849e+00,1.509753516517799321e+00,6.543936918215659482e+00,1.858484976053366822e+00,6.650885795609977613e+00,2.461042722332059007e+00
-5.499700836108917246e-01,1.744767035156921553e+00,-1.086103884616548942e+00,-1.017923303572533689e+00,1.578648558671473801e-01,-9.521388949245090938e-01,6.423850723590721623e-01,2.414410174943214304e+00
-7.231178047740662862e-01,-2.332679436490337377e+00,1.046289421442666345e+00,-1.007963488854877410e+00,6.060448029489415855e-01,6.011623906932821448e-01,-1.570562974350512286e-01,1.295561653175250516e+00
2.631569306730062729e-01,1.320186496085065331e+00,-2.126114240314555204e+00,-4.721385212726552094e-01,9.530744226973004718e-01,-1.527502809041499932e+00,1.631604768206526890e+00,3.758407839584231303e-01
8.905933279443660311e+00,-1.231353063016872085e+00,-8.331746531744123274e+00,2.860089110071970087e+00,7.093890273601108021e+00,-5.573502518594209754e+00,-6.047289058497335112e+00,8.022138172723488836e+00
-2.299525758533209063e-01,-1.219552823916598916e+00,1.829731017981039098e+00,-1.597831084965337656e-01,2.320044478472608473e-01,2.335242069878405768e+00,-1.119707082960688549e+00,9.659325841460073558e-01
1.580479484292322034e+01,4.703783674032920636e+00,-1.405032912690224656e+01,-7.784106212231168165e+00,1.214658700734096008e+01,9.713822129293106400e+00,-9.329513279253170310e+00,-1.312834695974547117e+01
3.132234786506571833e+00,4.360953503343740323e+00,8.705964215694561581e-01,-4.050865305840200215e+00,-3.811540540818630696e+00,2.041344618778336617e+00,4.466969585057149139e+00,4.248799932173229488e-01
-2.254055785150342217e+00,1.446077134632101568e+01,-1.328934418454291233e+01,-3.539994419379128843e+00,5.481628315062361700e+00,-1.270719940838815454e+01,1.206163346608775377e+01,8.147306856726142854e+00
5.478310441743929893e+00,-1.515296512374765570e+01,-1.283548952932137865e+01,-1.252889745852489689e+01,-1.515290233364718198e+01,8.848902157671050261e+00,1.930414559171721667e+00,1.712078547108552584e+01
-5.308161151308440573e+00,7.687549015369810945e+00,3.163981271125726469e-01,-9.033845853430351625e+00,5.655268070706446437e+00,6.964009977128300832e+00,-8.917272597852763383e+00,1.858542155282486563e-01
-1.064692878591931979e+01,9.410683501037993892e+00,2.376128237878806893e+00,-1.576676074644839787e+01,8.062285084128491874e+00,1.183602338336198478e+01,-1.430735913226983946e+01,-4.507120782687410454e+00
7.704627113739229927e+00,-2.707780391664834418e+00,-6.778891414231903667e+00,5.846312436929785861e+00,5.053387009492008808e+00,-8.235357660335626662e+00,-9.580416302300200915e-01,9.154213657214688382e+00
-1.021858538866227484e+01,6.465997542722016433e+00,-5.522693600896648292e+00,9.969813893767163648e+00,1.416691497583168369e+00,1.205836840557411271e+01,7.557908344748741847e+00,9.130169325751468890e+00
1.763128876337317408e+01,-5.914833373310452558e+00,1.422448441980218448e+01,-1.251998433397613653e+01,9.203112380227471689e+00,-1.574760782826108851e+01,3.405685071570567768e+00,-1.836875292755442146e+01
2.191794738186828795e+00,3.105359824116373790e+00,-1.289873141884356977e+00,-4.365762573314634132e+00,-1.551593968229272091e+00,3.484753849190842079e+00,2.949558162715573140e+00,-1.953503860033287465e+00
1.868903882877956057e+00,7.710178003003576919e+00,-6.296387939209241225e+00,3.068531573751335895e+00,-4.831274773654746113e+00,-6.187044874915229364e+00,5.330187757856231556e+00,-6.731118551834186725e+00
-1.111424570270912149e+01,-5.302994880900442354e+00,-8.400355170585466880e+00,-9.690876782086531804e+00,-3.614059796691074578e+00,-1.145822596314554254e+01,1.872059377046345618e+00,-1.252191467783131706e+01
-1.535236782805062106e+01,-2.270618541753258057e+00,1.520166460582246692e+01,4.876852977942808920e+00,-1.480398484075607080e+01,-6.573352788532124791e+00,1.315309372508844632e+01,9.312660347912041559e+00
-2.193423486416929524e+00,-7.435840281832055254e+00,6.309902553949622295e+00,-2.682423757549976528e+00,5.489120832344575263e+00,6.211350212689416672e+00,-4.274310902729220984e+00,6.154658799668017544e+00
1.327377502863428704e+00,7.965178412165663246e-02,3.773465746284502265e-01,1.841841009567738996e-01,2.660879782090228574e-01,1.239951940138883657e-01,-5.523520140977442594e-01,-9.898788618367553305e-01
-1.295665337844285325e+01,-1.548797302694228994e+00,-1.208516594249352316e+01,-3.256021559927715803e+00,-1.174840951107266740e+01,-4.810425862855245427e+00,-1.066775817003721727e+01,-6.472292909647459958e+00
-3.486032929629385269e+00,4.319843741925236458e+00,7.461361767124720101e-01,5.556143274377551400e+00,3.795808723920985450e+00,2.919879188990759378e+00,4.630816130873246728e+00,-1.140002682661964695e+00
-1.548435324090930720e+01,-3.956610873927213667e+00,1.464412098305406751e+01,7.742760582524997659e+00,-1.165538805845966941e+01,-1.013834829876169508e+01,9.517633551671982772e+00,1.363904072885907226e+01
-1.324912418608403009e+01,-7.517483538850946445e+00,9.413455846747970313e+00,1.357628797090307060e+01,-1.415175711255679536e+00,-1.564783589352955140e+01,-6.076185795488972197e+00,1.400014941558512760e+01
3.076804055184856335e-02,-5.531146618225010192e-01,2.146887828661158404e-01,-6.148872945907606358e-01,-4.596151283597170734e-01,1.031549779160339797e-01,-6.140146457555188952e-01,2.494662950198911211e-01
-4.730765813640423478e-01,-1.213191384566875586e+00,-6.911319553998792609e-01,-8.892363218423343652e-01,6.451607293956198586e-01,-3.539121997195880942e-01,5.560263804526063280e-01,1.522956604780318024e+00
1.543254367406718952e+00,3.583349369344801971e+00,2.423095262012255890e+00,-3.016331465169779236e+00,-4.766926503684690175e+00,-1.579059002463356842e+00,2.226606142992585968e-01,4.078881817913716290e+00
-1.339225521156989629e+01,-8.965482723430840295e+00,6.483131070802235385e+00,1.454690603894201395e+01,3.081467722374636953e+00,-1.675337845460962427e+01,-1.054236676232343939e+01,1.148802765103324397e+01
4.673839838861671980e-01,-5.245382187012682662e-01,-3.459969744315683493e-01,-1.495079052054573698e-01,4.627773427899281589e-02,-2.621743403071625789e-01,5.628624642403066147e-01,2.578540182852936957e-01
-3.812401220856737272e+00,-5.121184688769617743e+00,2.281351895911410299e+00,-6.691143367662844454e+00,6.479973974763489686e+00,-4.078758307204478406e+00,5.618349983479920873e+00,2.062145773003353888e+00
-6.291247100380054746e+00,1.710313179828601093e+00,-4.692029744864600893e+00,3.390034988960244799e+00,-3.763346533399450689e+00,6.255416563544019759e+00,-1.751591165508481929e+00,4.769887986549623093e+00
1.474172539955653960e+01,1.456246898239176746e+00,-1.468070989702290419e+01,-3.813769169135277970e+00,1.415594075152585063e+01,5.992735169540861051e+00,-1.382864842438732822e+01,-6.640905599619736144e+00
6.111149843110402990e+00,-6.007185359056901319e+00,1.028349205598102500e-01,8.854066016784562621e+00,-6.178543207923635983e+00,-6.808789059759414286e+00,8.054703147680381647e+00,3.529748245447641986e-01
-5.797358717067051526e-01,4.931749135300968589e+00,4.159849064604132174e+00,8.437075539133946922e-01,2.798915158599418529e+00,-3.928780086222647849e+00,-4.432634612082918757e+00,-3.306829878194068151e+00
7.867047098566203545e+00,5.638454442914106579e+00,-3.736571003162504123e+00,-9.627100275711198307e+00,-2.381984632730874907e+00,9.030914890579456511e+00,7.984414642471766577e+00,-6.615540007561806490e+00
1.461967476195831672e+01,7.210721052832311351e+00,-8.335630953502098706e+00,-1.436760767857516718e+01,1.023450732076010894e+00,1.575840940763184506e+01,7.031036869279214230e+00,-1.485694139407782721e+01
-1.502373391520657364e+01,3.128642427765589318e+00,1.378830011031704217e+01,-6.287430812588783446e+00,-1.223677910647020184e+01,9.833741072274861494e+00,9.235971206036161618e+00,-1.159787365036035922e+01
1.358668323017048429e+01,-5.338767344971190987e+00,-1.155583219462818079e+01,9.480108357266345820e+00,7.721692877239362929e+00,-1.302230732327583063e+01,-3.664097635021694277e+00,1.427704281360346528e+01
-1.697717136495100032e+00,-4.551773385300604602e+00,-4.325527305040122172e+00,2.369124334105592755e+00,2.509758098186024355e+00,4.456818699664925276e+00,2.532446982439054750e+00,-3.409761039702427166e+00
-1.480891044459025885e+01,-7.596314869022084970e+00,1.024926513857344723e+01,1.274126065519651263e+01,-3.239292473821913987e+00,-1.693212286437634617e+01,-4.047024456051968144e+00,1.565972364882099477e+01
8.076622944495573719e+00,5.722457014180309720e+00,-2.092106776447064220e+00,-1.031922033641420988e+01,-5.294198225358832666e+00,8.693744997351819492e+00,1.013891546379275788e+01,-3.877757381969758388e+00
5.086557361213195350e-01,-2.109231992733757277e+00,1.347919802305093562e+00,1.126601938470414233e+00,-1.107754190648179149e-01,1.452148704790814593e+00,-1.772899919529652202e+00,-1.400288212662401222e+00
2.144032823503674301e+00,-6.377670720501622537e-01,-2.813894156959278803e+00,4.709651427246106525e-01,2.146081552720959351e+00,-1.146395498211181474e+00,-2.574190006308559209e+00,1.819761855108899429e+00
6.174003374765644203e+00,3.559938151138480222e+00,4.039458809059351729e+00,4.395723710872549539e+00,1.701473188712918638e+00,6.428290949661239040e+00,-1.250689720734793786e+00,6.099833088631513967e+00
-3.053510198381280016e+00,1.758683998522561609e+01,1.589670107126650223e+01,5.845742195138676323e+00,8.209755225563403869e+00,-1.602057774985410532e+01,-1.372359507795061262e+01,-1.090917534526897548e+01
1.735128662114372444e+00,3.542062012743831367e+00,3.643688506156418150e+00,-3.394726257233329214e+00,-4.238387922614492709e+00,-2.164689544774067720e+00,-8.633516513563496142e-01,4.627713333965934872e+00
2.293967141188921754e+00,-1.441359649263465670e+01,1.333959191599357830e+01,4.664505342438490132e+00,-5.604128378177020586e+00,1.258431329815583233e+01,-1.354761699233495165e+01,-8.076973092613959793e+00
1.269516883282398823e+01,1.237577193117371799e+00,1.242871589168200686e+01,4.462523571964629454e+00,1.112958614925600287e+01,6.343222679609840320e+00,1.042415402835229976e+01,8.385968493870567642e+00
-1.206951526479099757e+00,1.122403162171298696e+01,1.103569111600030794e+01,2.784254010165180926e+00,3.137916605421363858e+00,-1.122615575222498663e+01,-1.013686312118737298e+01,-5.740000121771352326e+00
-2.871733691568291391e+00,3.641671486470817953e+00,3.705283378674135264e+00,4.104162841611845636e+00,4.712310982651124469e+00,-6.981269647530864431e-01,1.517036002639857051e+00,-4.681814438902845765e+00
-1.620064296484725830e+00,-1.021860507923517458e+00,-1.272550080946570072e-01,2.299671116408422700e-01,5.460076606712328529e-01,1.696568340714599277e-02,1.609510352115780751e+00,3.336143303506993174e-01
-1.254524797555419191e+01,1.285591677720906389e+01,1.293078036432922850e+00,1.717558226363476237e+01,1.470928672395505998e+01,1.097599891879350054e+01,1.756981131976754895e+01,-3.479181362881500927e+00
-1.457299232009237855e+01,-3.333412501010135642e-01,1.589833552035444342e+01,-3.925909025862417412e-02,-1.615376247897708240e+01,-1.488796767242524799e-01,1.550719073858470232e+01,8.759839229530246296e-01
-1.643045040096879905e-01,-1.394362113525200897e+01,1.362684968328790802e+01,-3.411037412127533308e+00,5.014894434891418840e+00,1.346412219348181694e+01,-1.217411188564796731e+01,6.294036497140715447e+00
-6.752217404817104640e-01,4.036865873947499850e+00,4.704515831135626769e+00,5.525885127519445383e-01,5.635723109210746262e-01,-4.972646293744129586e+00,-4.770417402599127499e+00,4.237041465680407293e-01
5.780195810406199008e+00,1.246641079181283907e+01,-8.946130680153965287e+00,9.793159605737182360e+00,-1.244508322215602369e+01,-4.731140063632478743e+00,-2.392684813352984996e+00,-1.318159984731980217e+01
-6.022868903276209274e+00,-1.291399064288215470e+01,7.655095470510090649e+00,-9.689581013847114122e+00,1.333779536447816660e+01,2.850680886200869679e+00,4.407638116122693184e+00,1.347052523266558310e+01
5.176650635423559521e+00,4.124377121063273144e+00,3.569801256881870444e+00,5.300421329235613044e+00,1.700556756066654573e-01,7.238704341784428564e+00,-3.714045875145464137e+00,5.330588058060491186e+00
-6.250558449318867282e+00,-1.393755290094699451e+00,-5.250030395304493780e+00,-4.826951231007146070e+00,-4.220785330132171609e+00,-5.216131214547011119e+00,-2.358440624215148773e+00,-6.299894684409301782e+00
-1.284760132183652281e+01,1.684207461298237840e+00,-1.229584716381734211e+01,2.666031816065716153e+00,-1.193946397885876465e+01,3.672589504855269027e+00,-1.146855024201264683e+01,5.122341008921065253e+00
9.232520931912111095e+00,1.805957721876723543e+00,-7.735760821866410453e+00,-2.044231464084070637e+00,8.545917520716187710e+00,3.508830267126019198e+00,-8.325407991023860532e+00,-4.054485750758312967e+00
-2.928975341119932629e+00,1.376816802232515347e+00,7.519427670335585567e-01,-2.045104737755067958e+00,8.028934976375060595e-01,2.261320370082451792e+00,-1.708763752522465929e+00,-1.445956254243524919e+00
1.029351327215236722e+01,-1.137120599961288825e+01,-4.608239078202224226e-01,1.458674116817110900e+01,-9.891107743421931886e+00,-1.025647275713311934e+01,1.456512739210722351e+01,3.433395515016112176e-01
-3.495348910177787927e-01,-5.648213537907902371e-01,-1.338954377838925403e-01,-6.837279015978110497e-01,4.712192616692552072e-01,-4.586339264434953211e-01,-1.759468141788026463e-01,8.166640348572989927e-02
1.058388313525506064e+01,1.340956515570538166e+01,4.419233664121930971e+00,-1.614942194482149418e+01,-1.477400575933118709e+01,6.568864640521436371e+00,1.366125664451126731e+01,7.757777099433334378e+00
1.970492236795603258e+00,-1.499389704149881375e+00,5.996515168423505182e-02,3.470094972316546844e+00,-9.717465429165524915e-01,-2.387854709885951721e+00,2.643720583093394527e+00,8.926734152139634837e-01
1.599370762377740895e+00,-2.220121355600760182e+00,3.927605340157571678e-01,9.100853094590451997e-01,-3.107263794250892275e+00,1.604645633664938842e+00,6.358267098063966616e-01,-1.824469634088186298e+00
1.161970434596017832e+01,-3.643908672587988118e+00,1.022860979041218243e+01,-6.742004136215432375e+00,7.505731270952981760e+00,-9.235890589651308602e+00,3.865466448438352742e+00,-1.202417642678462784e+01
-9.890010761434929520e+00,6.756575774672964663e+00,-5.645666290697469947e+00,1.004792117433009579e+01,-7.469582644438508279e-01,1.293631190989820645e+01,6.536457245032723407e+00,1.008609726580170829e+01
-3.876230689114839478e+00,-3.892749391902662337e-01,2.816005989657059505e+00,1.304463245426100038e+00,-2.814708852056117649e+00,-1.516102343430569377e+00,2.663018107858877492e+00,1.961239186468560547e+00
5.245421318625402840e-01,3.287931909570873112e-01,2.015590976674441759e-01,5.352628558710672418e-02,5.585152205417152071e-01,3.663507111930726090e-01,-1.850286706315427132e-01,3.523405464486885075e-01
3.695301579297105121e+00,-1.107365914978578658e+01,-8.059522762934030027e+00,-6.495184817393687915e+00,-1.010308579121312000e+01,6.786865197168648223e+00,2.797972623499268785e+00,1.136268338180992643e+01
2.025840111089024287e+00,-1.667392293591284869e+01,-1.637334816054878317e+01,-3.863441089477351653e+00,-6.324101237828443800e+00,1.617677299913450639e+01,1.675807298014033719e+01,6.254629795688799732e+00
-3.619476343614108860e+00,1.795569647851268513e+01,1.577380715967690783e+01,6.913906075254701022e+00,1.037706436659502351e+01,-1.539718435770206817e+01,-1.127083922325314624e+01,-1.304646339011375566e+01
-2.115408541321321056e+00,1.363708594999908108e+01,-1.369766031037597465e+01,-2.348252489925203967e+00,4.774619816645263803e+00,-1.350583640031905297e+01,1.303353909271706534e+01,5.812015293535676363e+00
1.944107841080655319e-01,-4.858433544704782725e-01,3.352593047036305229e-01,-3.975405399525454575e-01,-1.229570908186004896e+00,2.260230716178643906e-01,-3.311328052191678806e-01,6.317516457110361472e-02
1.002113647077953473e+01,-1.062616141206385301e+01,4.158013651499812724e+00,1.451556728690842846e+01,-1.427316717570522009e+01,-6.189480866465070896e+00,1.288555071719180489e+01,-6.732797756225343377e+00
-9.191005413111225764e+00,-5.222647496896394292e-01,9.266199581692104559e+00,1.833140977414252415e+00,-9.677818129272679926e+00,-1.934986968235012483e+00,8.994643562248242574e+00,1.885020505813932656e+00
-1.265803978218360548e-01,-1.402339001580783062e+01,1.345096016122320925e+01,-1.719697100294861558e+00,1.520396281294133178e+00,1.404323764923444884e+01,-1.449936879820648628e+01,2.778618066953836507e+00
1.609844103822462813e+01,1.012835657428618585e+00,-1.568519258567577346e+01,-3.835748327468385011e+00,1.546337983136931804e+01,4.008165144744454622e+00,-1.515895566391482419e+01,-5.151106221953918762e+00
4.557682998699046806e+00,-7.411690521126446995e+00,4.907544392924707566e+00,6.658664248134019026e+00,-8.316891342715516444e+00,-2.554454467864003542e-01,3.607782340289824141e+00,-6.816535609448063582e+00
1.222574592234802715e+01,-1.295039291601637466e+01,2.380483962517928043e-01,-1.827981900050479425e+01,-1.250459009040643643e+01,-1.209676934929041181e+01,-1.750346625566739078e+01,-4.113771427711220285e-01
4.724734152158709399e+00,-6.452474006440747090e+00,3.217627648842363630e+00,7.657052628935308469e+00,-8.601110279579890161e+00,-1.664601092407658633e+00,5.980084791494581609e+00,-6.652004331645376745e+00
-6.178659074475202573e+00,-1.606366268818964471e+01,-1.492986281222911593e+01,9.652644656850032590e+00,1.375565256087505617e+01,9.415428869296810888e+00,5.685636539854985294e+00,-1.602377513050254265e+01
5.483238164354461652e+00,-1.627887388432212745e+01,-1.412623267974135643e+01,-1.063963378710261587e+01,-1.464599561248308390e+01,1.036665569669733067e+01,4.784212697952476390e+00,1.648113519557556472e+01
-3.043965384892894921e+00,-3.874218841648661371e+00,-1.071624490714059075e+00,3.864285497730079122e+00,2.654702087446114689e+00,-1.201970973821035571e+00,-2.884345141424540238e+00,-1.702340230699269430e+00
-2.054922246493099180e+00,1.333183834746965113e+00,-9.324894553293252564e-01,-1.574444833398266130e+00,2.425682368867778216e+00,6.285799804198763940e-01,-2.395919914580965759e+00,6.415989933843739834e-01
1.374941500995228827e+00,7.684503283770362181e+00,-7.613894046497629020e+00,2.868235821297911770e+00,-3.280067102357628883e+00,-7.091858368233742382e+00,6.629037359603595192e+00,-4.256764152164095982e+00
-2.602603715864029166e+00,-7.204959764550452839e+00,5.076425143800058493e+00,-4.596672730239637517e+00,6.499084300788895874e+00,3.257305795305120988e+00,-2.007193916381909027e+00,7.487709006462627492e+00
-1.591673003808109321e+01,1.113655871758534843e+01,-8.672645381105517970e+00,1.639542945420454956e+01,2.907544347436861187e+00,1.712755108989689035e+01,1.083621342398900822e+01,1.448653047623517232e+01
7.478703751359255136e+00,-1.647527420907891127e+01,-1.230066071521954996e+01,-1.213724634603768848e+01,-1.600072209101385923e+01,6.983619694931729072e+00,-1.084468549196370812e+00,1.674534133492880983e+01
-5.092126970896826421e+00,1.480831319034409121e+00,-4.497761882053743498e+00,2.590100629292974688e+00,-3.190782863993166796e+00,4.222828614091827859e+00,-1.715779910383360640e+00,5.645340778481838129e+00
3.460486487815682022e+00,-1.313912436067276701e+01,1.413968928512752399e+01,4.816018762724253222e+00,-6.873676546343641114e+00,1.202029305399578973e+01,-1.165344140816475260e+01,-8.716893349470344887e+00
-9.136237837481195001e+00,-6.182954326812918344e-01,9.219447177004390426e+00,-8.108575411229216323e-01,-8.577533046550502860e+00,-1.391824160599393068e-01,1.095502025096123866e+01,7.379423506024105350e-01
-1.768733698587447778e+00,2.176062978153946670e+00,-2.221837629335775277e-01,-1.988130810313111674e+00,2.138141376554263839e+00,1.681589348543697682e+00,-1.450628004977750685e+00,3.678745990446302683e-02
-1.293311239086842512e+01,1.441092961312097076e+00,-1.229036060982838485e+01,3.385261172058767087e+00,-1.126238465319377724e+01,6.106527354599721846e+00,-1.035136317280058904e+01,6.244641280302065667e+00
1.010184063527944964e+01,1.986610452002398830e+00,-7.397546658544031928e+00,-4.130336259671660848e+00,5.814913307234614415e+00,7.653138322061415977e+00,-3.556772628860949581e+00,-8.667426979729755843e+00
1.590776475893875386e+00,7.721864575901232541e+00,-8.386781114863167019e+00,5.098406593827906619e-01,-7.415864921574766289e-01,-7.185785804420644851e+00,7.852776093458893492e+00,-3.954937246749052893e-01
-1.552802123750007590e+00,-4.345712184981332271e+00,-4.268979533791664061e+00,2.446699523445930780e+00,3.382675950898372808e+00,2.277992361313530445e+00,1.878853856818656798e+00,-4.353511155802926247e+00
7.878203088895031847e+00,-3.610073742008610864e+00,-4.854656531906885952e+00,7.379495963742654041e+00,2.001910349688810875e+00,-8.300122222174481479e+00,2.775584466536367589e+00,8.275694407452963475e+00
3.322239959271209297e+00,8.260505999973500879e-01,-2.701688334063629959e+00,-1.528759790469093494e+00,2.102673783837001764e+00,2.688212335880424853e+00,-2.063237644057979825e+00,-2.565070821036372184e+00
1.448027086897158888e+01,-4.961114222682317387e-01,-1.505588083865453441e+01,1.634228067341808588e-02,1.574463342509621633e+01,3.090896381309304886e-02,-1.706601421740963431e+01,-5.874395388193158762e-01
3.112996399926728053e+00,3.442828188268709511e+00,1.349222215134304292e+00,-3.996795679034608195e+00,-4.797671799342483112e+00,8.408347348382823050e-01,3.509367842434142126e+00,3.095922381364737852e+00
-1.854822719952750987e+01,8.481490815039913755e-01,-1.845244976984580276e+01,1.570325204937543129e+00,-1.881666826119911917e+01,1.836541683511898393e+00,-1.837942939113571938e+01,3.002806235157936321e+00
-3.097480236903553119e-01,-1.474328545374623767e+00,9.698160006682565726e-01,2.680105316360668066e-01,-1.512572102676549513e+00,1.639102609601613247e+00,-8.539126260893908915e-01,-7.790729170824104433e-01
-3.871210732084938932e+00,-1.405697514856054120e+01,1.156590433586414335e+01,-7.221792391820102353e+00,1.027715264186634236e+01,1.000500289606563165e+01,-6.235982554225864227e+00,1.187788695389652105e+01
-1.105744041066788874e+01,7.070025248118954941e+00,-4.946184580570647249e+00,1.169961074693304681e+01,3.052930423196102971e+00,1.201202593184138046e+01,8.756507934268430660e+00,8.435319654006368850e+00
9.293940190531120749e+00,-7.072629081606365276e+00,5.600309619346673706e+00,-1.102743196678317794e+01,-2.651977173708050195e+00,-1.120160138427587881e+01,-8.202487018786023043e+00,-8.124063629037951983e+00
-1.068609713658998217e+01,-9.040697391641389302e+00,-2.983280694390590071e+00,-1.348905377182778409e+01,6.642125326958942644e+00,-1.102363993589508873e+01,1.258296612906303480e+01,-4.544056453842235221e+00
1.611247227460626208e+00,-4.922460526052982566e+00,-3.256730168939764525e+00,-3.397941621084765274e+00,-4.498105825209655073e+00,2.159896761282578126e+00,4.041904571891790088e-01,5.796951714709791759e+00
-1.927426168589921662e+00,-2.067460675294996886e+00,-1.138827115666452450e+00,3.470804941382796382e+00,3.034019111564262516e+00,-1.971529293053525311e+00,-4.244590768763783828e+00,2.921355700721989246e-01
7.681149876616714778e+00,-1.234990337742233635e+01,7.175817381908692560e+00,1.266513433590854376e+01,-1.442389953672593350e+01,2.856790843934003954e-03,6.986270214507560361e+00,-1.214691929510112445e+01
5.419131342480356217e+00,1.351524780629500100e+01,-7.107458679982151750e+00,1.029237880184793852e+01,-1.236061264818502536e+01,-2.718596557003849057e+00,-4.285636537257694556e+00,-1.413885967362498164e+01
-4.564282506869835387e+00,1.038300125812820518e+01,7.314048546716881205e+00,9.114925769919780763e+00,1.133057537019538508e+01,-2.108358345142321344e+00,3.800091379837418515e+00,-1.088829826419560831e+01
1.029094906868526493e+01,-6.482684894792030583e+00,4.572860350011796804e+00,-1.082792308719610297e+01,-1.753821112863621856e+00,-1.241584760642209773e+01,-7.922141701611109532e+00,-9.418127549431009271e+00
1.801103770852369479e+01,-3.736775101163989365e+00,1.687126918134956455e+01,-8.409188724839292917e+00,1.422645245098208910e+01,-1.051896475721253843e+01,1.175826027654758299e+01,-1.560551421310871589e+01
7.107779405895860769e+00,1.081530493940610604e+01,-5.716128302982487419e+00,1.202051924854752940e+01,-1.407351704153429850e+01,5.703594113950508637e-01,-7.406784948340217944e+00,-1.011398203373183158e+01
-3.672301637070994218e+00,-1.000435311193453458e+01,-9.574083833134972465e+00,4.657025519890410692e+00,7.641051537988024833e+00,8.121256709541741614e+00,5.966054181897257891e+00,-9.050028150423113260e+00
-1.142507109158279555e+01,1.023369146171175004e+01,-1.634693159106717086e-01,-1.508838916829079579e+01,1.006970207301720066e+01,1.089722513046885410e+01,-1.496508216167404548e+01,-1.479148674196693491e+00
-1.607042748149675404e+01,8.417821601607835547e+00,-1.004887074521180779e+01,1.502412075661635527e+01,-2.375647211473590037e+00,1.818650323129809010e+01,6.576616165025894745e+00,1.687480211864444613e+01
-2.720221363114290636e+00,7.055423739494608881e+00,-7.461433624301041512e+00,-4.365710323148181082e+00,6.799510459054627809e+00,-4.761420987094727941e+00,3.251011520842649549e+00,7.490434987326202609e+00
3.903671542595949173e+00,1.047218287683014282e+00,-2.349667687427994256e+00,-3.394368971708252580e+00,1.366096392018197436e+00,3.077321601684721131e+00,2.856013875587298245e-01,-3.639878469784420201e+00
-1.184963687107132380e+01,-4.404048261149122290e+00,-9.225326936395694233e+00,-7.873036534418090149e+00,-5.065278610313576735e+00,-1.216487168272963437e+01,1.851992904164210807e-01,-1.359174727464759336e+01
9.361793262152733774e+00,8.407239697998690531e+00,1.812761762820298994e+00,1.349413932105010616e+01,-6.347775891563559370e+00,1.110673220280078333e+01,-1.225802817066015216e+01,4.789879740585398338e+00
-2.321319618412043706e+00,5.526830947657739301e+00,2.889255781362249476e+00,3.039595824889385955e+00,5.386020040275102616e+00,-2.523985150048702053e+00,2.160039648853860350e-01,-4.873419051292088078e+00
1.559123968587685027e+01,2.522200109578546012e+00,-1.504027354970236274e+01,-4.565371982356712266e+00,1.404094211486987298e+01,6.945816513788535929e+00,-1.326256877609834639e+01,-9.166528170802447306e+00
-1.278218017976392673e+01,-3.334731736420816439e+00,-1.086142800913763651e+01,-6.029669611805401175e+00,-8.140555417561966323e+00,-9.959568432839700947e+00,-5.179817168659815785e+00,-1.120601472010472754e+01
6.934240013007055836e-01,3.301893013331710369e-01,-9.654866052050945502e-01,8.628022960679777587e-01,-4.682501002934647549e-01,-7.025689515519778494e-02,-1.304496704477090985e+00,-8.775772056515573905e-01
-1.174677877860601249e+01,1.111124042798391276e+00,-1.364200940667693551e+01,9.342512444702035790e-01,-1.157807748839938355e+01,8.291119829015862752e-01,-1.285922690200988150e+01,9.738719442760437328e-01
-9.862008923319869780e+00,1.492042390908740579e+01,6.354570282249834001e+00,1.689696733056003097e+01,1.755437504491304779e+01,2.846767484167476603e+00,1.237642943908516635e+01,-1.188910299570376239e+01
3.678608842142137014e-01,9.131510307689731931e-01,-4.389985444631915312e-01,7.289548643229071256e-02,-1.823150950747467025e+00,-3.767334538888515716e-02,4.573000912987520983e-01,-1.612537667797634633e+00
1.510340430269050493e+01,-2.868563393621327950e+00,-1.549208335607423770e+01,5.795954151731580239e+00,1.385726901683590029e+01,-8.341494369062054659e+00,-1.169887144495735321e+01,1.023355443064941817e+01
-3.791838537193147118e+00,4.493094727465520855e+00,7.040676801340414737e-02,5.475132703932841238e+00,3.544482664923108928e+00,3.602721448041644070e+00,5.300407594912705633e+00,2.624411325309815024e-01
-9.421295430396796178e+00,1.556630214038214222e+00,8.317879634246642340e+00,-3.333400456251200072e+00,-7.568357420129465218e+00,5.359956562015549153e+00,6.285471230692457389e+00,-6.417429486697542096e+00
-1.898642803279417590e+00,-7.350797326081941918e+00,7.666014023993287907e+00,-3.035456323048804528e+00,5.401057265062924273e+00,5.851256670961765494e+00,-5.939532657070109245e+00,5.749593573935770863e+00
-3.248380025174778751e+00,9.950177486107794067e+00,7.743086451752286159e+00,8.852000708479547342e+00,1.078373721358546611e+01,-3.889079265151525355e+00,1.901001835310803800e-01,-1.132796073877233489e+01
9.544639636917231940e+00,-1.440396954326849510e+01,-7.133680153150814718e+00,-1.676751298647947763e+01,-1.819664879008616154e+01,-3.073414503462851943e+00,-1.275122523356599125e+01,1.192240235938296422e+01
-1.139976416825033423e-01,1.463465699938803155e+00,-1.711326031547526938e+00,4.336689653414809720e-01,-7.399257500298563883e-01,-1.563608358954090116e+00,6.649650131979037981e-01,-4.926378363665229188e-01
1.398413237484152383e+01,6.357106600680646480e+00,-9.203094219189729586e+00,-1.259545306563836498e+01,2.646459620422790149e+00,1.535120017726851849e+01,3.961877336433378805e+00,-1.565117213526228568e+01
-6.070328563198977179e+00,-3.127870934758050225e-01,-6.612146043621228486e+00,-1.823177532603403206e+00,-4.764226499597768338e+00,-2.586092938625393689e+00,-4.762820237854866079e+00,-3.266422996169634274e+00
-1.207093710837009048e+01,4.498041041851274180e+00,-1.067250235096931021e+01,8.384268908315197777e+00,-7.966086693461976509e+00,1.015370406150099747e+01,-3.584744708906304922e+00,1.267878285427671514e+01
1.803797268709400603e+00,-2.484407139444869017e+00,-1.154006658494432624e+00,2.792963991676315594e+00,-3.415067132787212301e-01,-1.369124812211669484e+00,1.900232810827590546e+00,1.772608262395786394e+00
2.177833890440212805e-01,2.677614519595377107e-01,-5.293834215346662209e-01,6.896372025192931687e-01,-4.822246731954318300e-01,-2.645311846193537653e-02,6.697413541651521252e-01,4.043109551249273181e-01
-1.462115771716395329e+01,3.086675486420509262e+00,1.569712148794310203e+01,-6.177217336162041939e+00,-1.363210686038036634e+01,7.895950483505139061e+00,1.211759811184169067e+01,-1.085206671287853375e+01
-5.928069336534858014e-01,5.228415446595879423e+00,4.960781846716568744e+00,7.521954460407905829e-01,2.446142496642096376e+00,-4.853041359000494381e+00,-4.021518474610025429e+00,-2.675369330297527881e+00
-1.361806388481270247e+01,1.125920098071278019e+01,-2.311569789627515803e+00,1.770152720961048942e+01,1.090008175944374713e+01,1.557617107331572726e+01,1.868139142624710303e+01,4.549998316693226741e+00
1.253809008413580983e+01,3.484850839915218046e+00,1.126693629552493903e+01,6.481105736139795681e+00,1.034225806208330489e+01,9.175450063931190670e+00,7.084604425484592127e+00,1.065507643932051174e+01
1.624366260302079645e+00,-7.870185159068389780e+00,7.511915103878272326e+00,3.685798597857838921e+00,-4.882798654427926266e+00,6.541512530932043212e+00,-5.195644844697115516e+00,-5.966664614876795447e+00
-9.804342688842144327e+00,1.421402933815464564e+01,5.350319102843581476e+00,1.663491416562048997e+01,1.699570998748902539e+01,6.372866168916209162e+00,1.424583208822439317e+01,-1.120737275733834437e+01
4.858509274800988820e+00,5.367197616544722827e+00,-2.609877064649820166e+00,6.299137768794029313e+00,-7.221150241682001258e+00,2.902503264975901942e+00,-5.775699880441674594e+00,-3.342236462657995233e+00
-1.334433732568787256e+01,6.297340271562252845e+00,9.898069536129806778e+00,-1.210690653082611057e+01,-4.349637893613254036e+00,1.471297022485810402e+01,-3.344145404792946419e+00,-1.510124313602528723e+01
-1.466577031281248011e+01,1.058033462990392870e+01,-5.920735162966249909e+00,1.728298527114095506e+01,4.434222086651034012e+00,1.720746582288350268e+01,1.434044900613645268e+01,1.179895264382684061e+01
-1.319207324408579751e+01,-9.675352142395782451e+00,4.475374635287325376e+00,1.570261461092439070e+01,6.454235880953604010e+00,-1.478938039023671180e+01,-1.382536431676843947e+01,9.895593118989054915e+00
-6.332066176871810059e-01,3.092072622478720945e-01,-5.806750469160693040e-01,1.050517717447686739e+00,1.085122196183826659e+00,3.796210077490593804e-01,-4.109654404084475132e-01,1.862816997459102730e-01
-2.316465738132293950e-01,-6.506101534191877089e-01,3.053713284665524746e-02,-1.140892003643511288e+00,-2.537162577019791421e-02,-6.302653835493909895e-02,1.320390607322096121e-01,-7.114270474159137825e-01
-2.182069276891652199e-01,-1.523340317904940955e+00,1.533686320866162855e+00,-6.388772436563354695e-01,1.160946984662353021e+00,9.861833676695105355e-01,7.732384149966964326e-02,1.125923523212472244e+00
-2.596447033024237960e+00,-7.701691190030780731e+00,6.257328202051032129e+00,-4.879543862210035776e+00,5.447376822662993057e+00,4.879407275804124033e+00,-1.974612090231156802e+00,6.544186519222407128e+00
2.559373547338243404e-01,8.661096977800453178e-01,-1.398363131634149603e+00,1.445752878823420851e+00,-1.786447372224899688e-01,-1.188688461199804758e+00,1.136884798359542703e+00,-8.995719587150616814e-01
-1.872335242126559507e+01,-4.236535264922760419e-02,-1.914865816329555770e+01,-2.695601095581290439e-03,-1.790439129019519626e+01,4.209623584789728978e-01,-1.960092273039621347e+01,7.958002561445486345e-01
-1.262635362937424288e-01,8.165102395494685084e+00,-7.208553893703097515e+00,1.841509473614729053e+00,-1.425545242244847355e+00,-7.511177331077690589e+00,8.683462652251485281e+00,-2.837582870511035082e+00
5.048111517761592060e-01,1.520770747388210165e+00,5.149435478957818946e-01,2.313559645974562207e-01,-9.770774376115378690e-01,4.518992307220330851e-01,-3.291860879358186054e-01,3.078457262197286104e-01
-1.660332318119093653e+00,1.520976470194697061e+00,-6.788409038307572363e-01,-2.863025134294482577e+00,2.267360518682707049e+00,3.270074940939754482e-01,-2.262622649340428005e+00,2.502886518879647859e+00
-2.436233203504287737e+00,7.729545684388272164e+00,-7.067176688347961644e+00,-3.473858143593246517e+00,5.424789082633517445e+00,-5.976708769476488214e+00,5.939992106548001694e+00,7.068793574021231763e+00
1.246761482814423783e+00,-4.247461660788797388e+00,-4.552638497942425921e+00,-2.597343127616878355e+00,-3.708559778645320382e+00,3.722672937718212616e+00,1.279140576806893748e+00,4.653711891337914075e+00
-3.170678279161081026e+00,6.700602402042956207e+00,-4.558180565094533065e+00,-6.786154146222338035e+00,7.820826184511749268e+00,-1.341353866996090494e+00,-2.666841106578929033e+00,8.357116075360696783e+00
5.526651898039492750e+00,-2.392967207583766021e-01,6.022461284158785233e+00,-1.786274769789482963e+00,5.382992381413624905e+00,-3.332548670489698939e+00,4.515148552243520186e+00,-4.565703199219479202e+00
-4.309474904382340377e+00,1.302224521787232092e+01,-1.228506889435750082e+01,-8.633976205184673347e+00,1.114293157088149044e+01,-8.347883553203658380e+00,5.126150297684491264e+00,1.394720373429594851e+01
6.825976761376448820e+00,6.551307245745249475e+00,2.577804163461168696e-01,-1.041098693797098029e+01,-8.289298825773075308e+00,6.765065511700849576e+00,1.039985100488662262e+01,1.154665091001769284e+00
9.965979406998169310e+00,6.590592048643046930e+00,4.946880772407210358e+00,1.137760558515436848e+01,-2.772396692625852310e+00,1.316152431990750316e+01,-8.358042898325761527e+00,8.987142597535335398e+00
1.730288984204300995e+00,1.406030013802643630e+01,-1.447097249799418961e+01,3.971030905985539761e+00,-4.864467708164486481e+00,-1.262749007752748120e+01,1.227574595633614685e+01,-7.261097400869560126e+00
-5.187185409920215484e+00,2.716027257709727305e+00,-3.076625467322824381e+00,4.629049266566456211e+00,-1.277008424613455873e+00,5.316674307529145160e+00,1.405785380255745842e+00,5.171014985704394995e+00
4.328634001918482355e+00,-1.766443407652217346e+01,-1.555788854060083715e+01,-8.170293860197396896e+00,-1.199940426151186124e+01,1.268097965993970710e+01,9.125961375544518361e+00,1.466838471487865547e+01
2.241763380318784638e+00,-4.593934777931451663e+00,-2.841760518702781901e+00,-3.128056249614268758e+00,-5.109084962383503736e+00,1.061680226164941621e+00,-1.188420443601366117e+00,4.417920727936855307e+00
1.922180844150795664e+01,-3.469333593390687920e+00,1.721461417457005538e+01,-7.096483751146171137e+00,1.625755658734058429e+01,-9.839065681465898550e+00,1.325623978503756106e+01,-1.247424562095002543e+01
5.476566440111241718e+00,1.010084937267395588e+01,3.813077517119759285e+00,-9.892509526544875698e+00,-1.034918520109942186e+01,2.339822510863221350e+00,8.310814117153441316e+00,6.521112335156911577e+00
-1.718444906501635217e+01,8.004287645910396876e+00,-1.296331426930044017e+01,1.311108949131810775e+01,-5.025052979303548994e+00,1.723325135265196906e+01,3.073129438915445100e-01,1.803855240268697102e+01
4.547454051815880582e+00,-4.460818317748607598e+00,4.384828898342280068e-01,-5.275913748922066659e+00,-2.699751313134446384e+00,-3.666461070402807110e+00,-5.016512248966122911e+00,-5.192013767879735120e-01
-1.063436011163771511e+01,3.462894797891646892e+00,-1.016440428570101062e+01,6.524187033509140754e+00,-8.519028145827467924e+00,9.217700717803669619e+00,-4.500697707445906914e+00,1.104149025360164060e+01
-6.311234554896684834e+00,1.281975684966565998e+00,-4.674068443211344182e+00,1.685571269626722213e+00,-4.852107204786484829e+00,2.889757282851688203e+00,-4.252920270703143046e+00,3.511825835284170694e+00
-2.799000891321486773e+00,-2.624928451099864946e-01,3.291796064339547190e+00,3.874347659412914480e-01,-3.488066307827407897e+00,-1.853612844142912053e+00,2.200687006943529589e+00,1.979360269841098807e+00
9.979056434534709918e-01,-1.170570302918691041e+01,-1.207177077758616157e+01,-2.999145079947472592e+00,-2.680244427020820552e+00,1.046276388033910365e+01,1.013041874605126225e+01,5.322902726678056418e+00
-1.400894154127615465e+01,5.845734125581791396e+00,1.128604038452610325e+01,-1.058345195690764307e+01,-7.920637953414569665e+00,1.319573575257177644e+01,1.750662348541232927e+00,-1.590506426952623364e+01
-1.232926450487442338e+01,4.502004229532929891e-01,-1.288847633886210531e+01,-1.398011156562669166e+00,-1.328931726965011961e+01,-1.430822584737367897e-02,-1.246346242212335120e+01,-4.919078021784788479e-01
-1.447957843425659341e+01,4.792400176065703121e+00,1.206309406096919901e+01,-8.985008565922722568e+00,-7.959576444703748699e+00,1.297833701857233990e+01,3.605123526478089868e+00,-1.462034711955072730e+01
1.205154578606873272e+01,1.229593047164397035e+01,6.623262505390095090e-01,-1.600563242100651351e+01,-1.153840606450973283e+01,1.074426158240966700e+01,1.590169037817990194e+01,1.202094627330567045e+00
2.811469630570214040e+00,1.304200004558927972e+01,-1.220670585345487780e+01,6.556305157474256795e+00,-9.751381812066522770e+00,-1.176894208547633625e+01,7.790692638215293009e+00,-1.177145505854353047e+01
1.954357541048954516e+01,-1.964896000326133985e+00,1.795588571614930018e+01,-4.164933717359560639e+00,1.750057390634232135e+01,-6.229444811762820500e+00,1.707092433142306831e+01,-7.547883501738334999e+00
8.505831246614757646e+00,-8.974089776121527251e+00,-3.741030371930460507e-01,-1.127472932365098046e+01,-8.290580528891103640e+00,-7.275547523030895469e+00,-1.215851209375269626e+01,-1.655396322812535959e-01
-6.806839935929258623e-01,-1.068564913740070788e+00,1.472731796012115790e+00,-7.646386415644481627e-01,-6.025304652856837695e-01,1.469454532486713205e+00,-9.200237912501096904e-01,3.800539916597392986e-01
-7.184142646451939562e+00,4.930483201179894692e+00,1.162037437696970654e+00,-9.216521001030431037e+00,4.400942000230341655e+00,7.152405705710468631e+00,-7.219474309492689201e+00,-2.494683343790461638e+00
-6.703439447812755247e+00,1.347096628869035584e-01,-6.210860636045504535e+00,1.403586431461497863e+00,-6.069541158455698415e+00,2.369265417661887252e+00,-6.027373527771602291e+00,1.752831143525903190e+00
6.140368019196955629e-01,-2.196324721862982443e+00,1.714978491160043639e+00,1.652635267248020901e+00,-2.582674506182590868e+00,7.100664173488941966e-01,8.663068540646851057e-01,-2.038447502506274045e+00
8.277504768676463343e+00,4.467830230904689337e+00,-5.674511477542382387e+00,-8.998040997521068007e+00,9.665646507555921696e-01,1.009347128343693889e+01,3.376594617506880169e+00,-9.653141758364792935e+00
-2.981727241149770169e+00,-2.127307963081237929e+00,2.703020295113659710e+00,3.353500894149846534e+00,-2.483421419535870589e-01,-3.527480791566572016e+00,-1.168854463632121199e+00,3.441549636304235715e+00
-1.080427843052292047e+01,-1.165837894206042691e+01,-2.069569028455098270e-02,1.666597004919218250e+01,1.151524664763550732e+01,-1.066397364471259301e+01,-1.717523466096693951e+01,-8.601013469359264363e-03
-5.871841122564657844e+00,-2.366100419157045387e+00,-3.364871153832391659e+00,-4.985699328610882830e+00,-7.624182525375174935e-01,-6.356125770422710985e+00,2.492289483542426964e+00,-5.884248497477819306e+00
-1.772393431788967888e+01,5.706189474785145599e+00,-1.533743465227892955e+01,1.105021048903156355e+01,-1.190643711930822057e+01,1.501563920744487035e+01,-7.030487925351206258e+00,1.754073576166438642e+01
6.766490139180142416e-01,-1.040099546661798158e+01,-1.048452935824682264e+01,-4.140957197045841198e+00,-4.924104135711571573e+00,1.039955636413960249e+01,9.054114367917073025e+00,7.130548764132511153e+00
-1.228138676060607359e+01,7.934766804689825648e+00,6.897156189835272677e+00,-1.288423460150594302e+01,2.379992295389255497e-01,1.468028415253750651e+01,-6.204420084759600940e+00,-1.355121261237221297e+01
1.175555841274480429e+01,-9.155602479248859282e+00,-5.272562190135073656e+00,1.415265760628685143e+01,-4.890438140255021437e+00,-1.403253639756883508e+01,1.326750989175592821e+01,8.020542679091400728e+00
-3.796477561251147215e+00,1.580767108801492959e+00,3.099074739814080104e+00,-1.749148581260105972e+00,-1.554269068197929204e+00,2.154905456887816761e+00,7.408433640930086606e-01,-1.861567089474826631e+00
1.644261398919129036e+00,-5.153650145139494931e+00,-4.454916762847846101e+00,-2.088974383952420411e+00,-2.866892073427819376e+00,3.387707779317733259e+00,2.772874746247952160e+00,4.016058313507002708e+00
2.454595920102227602e+00,7.043234557884014535e+00,-5.726699774245255448e+00,4.956843269666729945e+00,-6.420080230034185043e+00,-2.758872531139735962e+00,1.181359388747201589e+00,-7.422050961429033755e+00
-4.642368670794470908e+00,-1.621773396942653989e+01,-1.353632779950167908e+01,9.072518393343854015e+00,1.362751168888848596e+01,1.154698626855811483e+01,7.624776632157293399e+00,-1.451107538504071215e+01
-5.013215690554398307e+00,1.340670253548119462e+01,-1.048960631067556371e+01,-1.017030996673215348e+01,1.384171775488939282e+01,-5.236600471428299208e+00,-3.895601074254335661e-01,1.493750573172404827e+01
-1.442169267329814542e+00,2.028508022111993991e+00,-4.560595705810016609e-01,-1.645590018948568156e+00,1.434273198888104783e+00,5.501313842360376627e-02,-1.183628022643354427e+00,1.550049463107297854e+00
5.962865323345896584e+00,-1.075872316089697023e+00,5.185921234009214231e+00,-3.330204982882224218e+00,3.468191735182974522e+00,-4.316257272818909918e+00,2.573541753942393040e+00,-3.983122269551803374e+00
9.469808741542427910e+00,1.620193116142993661e+00,-8.200638260153409576e+00,-4.358973134260614835e+00,6.734092520905510248e+00,6.651152051559789946e+00,-5.233727271003703940e+00,-8.179463646949116651e+00
-1.801448856053681880e+00,-4.243818672716446194e+00,-3.924715827198136164e+00,2.654388620542112776e+00,3.497678168690577127e+00,2.134596526314719078e+00,1.266977747965767787e+00,-4.173222982735561359e+00
-1.210661060545755952e+01,1.900004067276663378e+00,-1.151919595377693994e+01,3.369843894727732270e+00,-1.063496968880104809e+01,5.423647771989024591e+00,-9.190544074407664965e+00,7.723187664553392118e+00
-3.299543001242584594e+00,-1.704884777795743656e+00,1.065095749012755499e-01,3.036451234125928877e+00,2.889928797288850326e+00,-3.268721548009018374e+00,-4.098047580895117115e+00,2.474562336702063048e-01
2.646925440118072625e+00,-1.737251748504885640e+01,-1.618459124318475872e+01,-4.993420079306746473e+00,-6.882131944797960088e+00,1.513708280466450340e+01,1.535197631586102851e+01,9.116949016205904144e+00
-2.627619334032068377e+00,-1.753563030216096408e+01,-1.639502123702747127e+01,5.613542613854036745e+00,8.360935899273954419e+00,1.577110954454018454e+01,1.264855141200860800e+01,-1.129886134934761799e+01
2.201373027224780288e-01,1.722476592147657248e+00,-1.508837730501695784e+00,-1.078785936089044162e+00,-5.862260208143589557e-02,-2.015537041770403270e+00,1.612707655547445329e+00,-4.351813320738776580e-01
-2.404980367389942586e+00,1.726857158847539653e+00,1.189394581775308213e+00,-3.032861235380680753e+00,7.908606543330254368e-02,2.432010716680926610e+00,-1.178305052231446659e+00,-2.211160780772480017e+00
-4.779950332583245753e+00,-9.520619029539400202e+00,-6.913475364719309013e+00,8.301002093662704695e+00,1.060556899740048031e+01,4.268518592912130316e+00,-2.143378819753043896e+00,-1.052520442689389135e+01
-1.568007447861978854e+01,-4.242996073830441084e+00,1.471225215266195008e+01,5.690118814333269270e+00,-1.353444014385837413e+01,-8.718739835639635061e+00,1.071230736035422737e+01,1.091805417941093914e+01
1.008229814080660702e+00,3.537702565227488494e-01,-5.365632336568506577e-01,1.612601216261792647e+00,-1.875186541478588431e+00,-2.182625252660394533e-01,-2.616206636972318034e-02,-9.330259263020214133e-01
-8.691822628263830008e-01,-1.825310742082533721e+01,-1.680929989842638506e+01,3.951592647308099782e-02,5.265477033909902183e-01,1.736045567894481678e+01,1.776218562801347289e+01,-2.169418045736536405e-01
2.231465089818355896e+00,1.012587227798494460e+01,8.928519082032980947e+00,-4.860460111111814641e+00,-8.312345496927854072e+00,-7.590564971029240660e+00,-5.095615716823524544e+00,9.081124350457697503e+00
1.586687144634656121e+01,2.791748685502519201e-01,-1.613131976009892199e+01,-1.234865084440936123e+00,1.501771664054073874e+01,2.996211594311284809e+00,-1.601229377747288041e+01,-2.471523562453744383e+00
6.196210736076842807e+00,-1.003066923337903127e+01,-4.740005225281895385e+00,-1.026605869513939950e+01,-1.158479607972508063e+01,-2.643272503309148647e+00,-8.764699000198888257e+00,7.061906951627717532e+00
-1.142839326915051501e+01,-4.758954536903325483e+00,-9.779320903781663077e+00,-9.058391973467726288e+00,-6.161533458016958953e+00,-1.101982815682168670e+01,-2.062724996004649203e+00,-1.323664676906675020e+01
-7.229763649440708040e-01,-9.303719284436372527e-01,1.678885008245555976e+00,-6.128396095541520650e-01,8.388263872683924260e-01,2.043992381124571711e+00,-1.199345040867195955e+00,1.075748829391523831e+00
-9.057986241777733483e+00,3.135784294113532766e+00,7.957163683399000043e+00,-5.994283893207037472e+00,-4.912761545820530706e+00,7.829953134611872478e+00,2.756356174181776808e+00,-7.668222769873374034e+00
-7.083165691699401023e+00,8.377735760120369690e+00,1.284760164071922173e+00,1.188616633556261881e+01,8.684254296739014833e+00,6.168430077113221444e+00,1.087038030847547887e+01,-3.139341372093510163e+00
-1.770801424474544561e+01,4.362758340331752471e+00,-1.753215538293096287e+01,6.188793130780585017e+00,-1.566763266519551401e+01,1.070664395085943355e+01,-1.446589898249198924e+01,1.260091545536797319e+01
-1.372646297551661654e+01,1.139390099138828027e+01,-3.732870709124607611e+00,1.757900870167729224e+01,8.317127606421093944e+00,1.639873578172717572e+01,1.654974378920252320e+01,7.435999169591833713e+00
-8.310202952932725928e-01,-1.308968441407281080e+00,6.761663539337224860e-01,-1.503762281016537639e+00,6.886177187613615747e-01,1.605044860059648415e-01,1.294899632435855708e+00,9.735586867780761100e-01
-3.200496175493502404e-01,1.422323261669422578e+01,-1.329806337796515869e+01,-1.855606601108578335e+00,5.001870839762481147e-01,-1.339199821356937825e+01,1.515770323400845498e+01,1.608467228190738618e+00
1.425357000456938472e+01,6.912574373903265013e+00,-1.060868302683276454e+01,-1.273731636694522606e+01,4.928768375064354501e+00,1.533665198885022107e+01,1.675296740204892387e+00,-1.598621427188497712e+01
-3.934478003002422342e-01,-8.638792929145902022e+00,8.182693573024195643e+00,2.027759675427877051e-01,-2.637660343030380217e-01,6.995712996023666363e+00,-7.733090432467903952e+00,4.729468252126254879e-01
-3.648188483503773227e+00,-5.403407099092305543e-01,2.755858361437276471e+00,2.310841540004906047e+00,-2.576903027460967444e+00,-2.559498305486094694e+00,1.654402634164176877e+00,3.286528759056329907e+00
1.357247546278466999e+01,-1.278593748977855604e+01,2.101044757812303043e+00,-1.818446013042196086e+01,-1.073802230517960510e+01,-1.523285943551872279e+01,-1.709160502978716423e+01,-5.553430905360228209e+00
-5.446441744143027286e+00,9.932054928952490869e+00,5.481597957768493679e+00,9.445570468546746312e+00,1.227232141690525680e+01,1.064684757301036788e-01,5.193367339481043565e+00,-9.733716797610576066e+00
4.393403380650195977e+00,-1.345506700491268859e+01,1.127473700780979726e+01,9.165316738983687372e+00,-1.241273275892859829e+01,8.195865257496173228e+00,-4.472983606198434714e+00,-1.371861325183060032e+01
1.236851475104211451e-01,-6.885201888855615238e+00,7.454135948492942809e+00,1.010522662724024023e+00,-1.249645405169236279e+00,7.506617639406479192e+00,-8.010188429413370059e+00,-1.739881904631272569e+00
-6.310074929661411147e+00,1.173441161379724562e+01,-8.864012954610702266e+00,-1.119507045067384254e+01,1.418723746087315440e+01,-4.353532202975516796e+00,-3.442261160883592019e+00,1.450630950087030158e+01
1.232510979126521278e+01,-8.287633519279934191e+00,-7.747500538313722096e+00,1.318627436072668502e+01,9.021271314818765097e-01,-1.544857661072470023e+01,7.155958228859869763e+00,1.365872738458147495e+01
1.460300225317838096e+00,-4.491907102175429323e+00,-2.604945235081830734e+00,-4.398083673858157461e+00,-4.794648330057590613e+00,1.248147498887977047e+00,-1.637860149990786773e+00,4.340442788892952208e+00
5.097190077624895288e+00,5.260274290750143855e+00,7.735754374496967012e-02,7.142907840564285848e+00,-4.619862027288935913e+00,5.546662880251455263e+00,-6.631225936288373646e+00,-4.903921239085434758e-01
-5.435300654052221958e+00,-1.285950301948083840e+01,8.686318798298382049e+00,-1.079319763274217614e+01,1.323116922560471309e+01,3.424758498386703209e+00,1.515439512294354474e+00,1.302792056097795559e+01
1.392390055318575470e+01,-1.097290417672280860e+01,4.883422421151358606e+00,-1.821397363809381886e+01,-8.837325636580343868e+00,-1.611628072323226846e+01,-1.515335635059856045e+01,-7.122576045355955898e+00
4.821772022765521970e-01,4.468482051592876481e+00,4.641244903512191655e+00,-1.205845233512345294e+00,-1.662335123193337427e+00,-3.611931720326512441e+00,-4.065617743237640802e+00,2.976649772682221418e+00
2.647344024950691210e+00,1.154321387989776682e+01,9.192159504375643664e+00,-5.103510563022971347e+00,-6.178552983921472119e+00,-8.909931591703951881e+00,-6.667807763976713709e+00,8.340314526958023222e+00
1.268863240000337456e+00,-1.893161750346231020e+00,-1.745696655836758981e-01,2.439344186258327607e+00,-1.021990700708487854e+00,-1.799280253090060455e+00,2.392429344215438292e+00,3.255665144322238969e-01
-5.971475063848732390e-01,1.893921531581581330e-01,2.951001843304566497e-01,-2.849831105305999923e-01,-5.380819076854528316e-01,1.341077158632597577e-02,4.280504898862242946e-01,-7.016939302231894882e-02
-1.543345749031814318e+00,-6.846788126812982433e+00,5.289591654322841840e+00,-5.079282149748859609e+00,6.619969221351809985e+00,3.450271281525701283e+00,5.383599293343350745e-01,8.137281535502852492e+00
-1.212825504035497381e+00,6.890518821630965185e+00,-8.539950192907811655e+00,-2.930349087631978211e+00,4.513517116039120758e+00,-7.164224781080999804e+00,5.943489070966128551e+00,4.845242504929401228e+00
2.013040656992702626e+00,-4.669171030258249644e+00,-3.239276076444076669e+00,-3.436105882244543164e+00,-4.145388394240852037e+00,1.766122812523560404e+00,-1.876436644857739089e-01,5.155968302204740894e+00
7.727276341494352385e-01,1.028795960391606812e+01,1.069356336056725709e+01,-7.673917386647441941e-01,-1.335213769652955074e-01,-1.110484259839418719e+01,-1.057881021559358103e+01,-6.023109181558119474e-01
2.383306938142616627e+00,-1.738086816043788341e+00,-4.810719487295022079e-01,1.640932057330160898e+00,-1.271017775107661452e+00,-2.160938017139856449e+00,2.609995726161085994e+00,1.589364130887545024e-01
4.247598739821425440e+00,-1.027844715681106180e+01,-7.191409656780981763e+00,-8.722675460055224761e+00,-1.125688683724844452e+01,2.494050990355453745e+00,-2.132566144971494548e+00,1.125421916572964420e+01
-1.204795668776266560e+01,2.041588597547213446e+00,-1.181958421349982302e+01,5.446282471407082326e+00,-1.091312919603981690e+01,7.448890898103640801e+00,-7.833581494260538847e+00,9.159205896113048695e+00
-1.286422121684108966e+01,1.241191895100340581e+01,-4.388950048191966324e-01,1.749661248748031994e+01,1.170120792480423333e+01,1.350801904458438685e+01,1.837005599607991257e+01,2.060395086666127806e+00
-3.635946495514148946e+00,-2.952575934951731651e-01,3.494299876864829457e+00,-3.497177403409230112e-01,-3.628880112273029646e+00,-6.809912079216988712e-01,3.053606552808410868e+00,6.667281668607025757e-01
1.181745799751292125e+01,1.078481161017938739e+01,-1.956068780876695667e+00,-1.609998143855715114e+01,-9.951221569763617936e+00,1.261931818361809121e+01,1.609956369407624166e+01,-4.678117134500538121e+00
-7.054314663850934863e+00,8.724490319980818143e+00,3.098572659196964896e+00,1.195216005128364500e+01,1.072303872978853256e+01,5.497317520357033693e+00,1.065414288102463480e+01,-6.011615989756485590e+00
-1.065667410568413587e+01,-6.262843204382006590e+00,-5.971113287320804375e+00,-1.132460182118527570e+01,9.743512408975394390e-01,-1.358627020704616761e+01,6.724502957492600075e+00,-9.739764976468613611e+00
-2.698892818106367053e-01,-4.730120410996352942e-01,-3.183017274782817263e-01,6.353422821475445126e-01,5.550495877179910664e-01,1.120601463933329489e-02,8.107832152106095314e-02,6.030968629347863708e-01
-8.454534330007302145e+00,1.114785161713749773e+01,-4.628559616565236290e+00,-1.412882124187340160e+01,1.422004027719332164e+01,4.557832270602786728e+00,-1.139635702668869577e+01,9.065606793975192090e+00
3.806625362328556417e+00,-4.647494306080544924e+00,-3.804003583826165436e-01,-4.741609440480909932e+00,-4.773085221698100789e+00,-3.066536564046497659e+00,-5.028899920664899881e+00,2.318572808238999361e+00
-5.339590058928684435e+00,1.656628272546054959e+01,1.481967044811075240e+01,9.874793849662742318e+00,1.241540459505750249e+01,-1.137229061405483144e+01,-7.142669872502199979e+00,-1.571908435154701600e+01
-1.214498205692949462e+01,-1.138912129414852004e+01,1.199873347322024442e+00,1.587368168267921753e+01,1.179560400924444075e+01,-1.372804569804651464e+01,-1.618890365424077515e+01,1.954997304392894097e+00
-1.884331655177417519e-01,1.844066170076503086e+00,-1.385593177056056113e+00,-1.003170676236517123e+00,7.789881359514680970e-01,-1.170848425234568113e+00,5.473045687661360903e-01,1.820146384384945470e+00
8.079640813465389648e-01,-2.423039695477473110e+00,1.860008748109203580e+00,1.990588219958546290e+00,-1.711249348435271322e+00,1.227618212363109862e+00,-1.064526547585304517e+00,-1.639035516321277974e+00
5.710273192219665894e+00,-3.031946540323860795e+00,2.426289128338667389e+00,-4.537082106524359837e+00,-6.787209924523152083e-02,-6.782874136377518681e+00,-2.689073082040759566e+00,-4.702057107337216380e+00
-5.019317632976237675e+00,6.052842457968599987e+00,-1.492384617038688521e+00,-8.304210271377341357e+00,7.028715287813295021e+00,4.258425692584631328e+00,-8.312865319704012990e+00,1.908319850821850849e+00
1.488547783407648950e+01,4.858211346095615113e+00,-1.168855338953453327e+01,-1.036820473108161522e+01,6.299603018046756375e+00,1.362353947849754121e+01,-3.222347635627476503e+00,-1.661524553142110960e+01
-1.017384808385476846e+00,-1.107806965983155045e+01,-1.086720119528427730e+01,8.434299161277066803e-01,8.388501431231819572e-01,1.137755128143751548e+01,9.771606608195536836e+00,-1.402781857573000890e+00
1.564781455797499277e+00,-1.649237927171952833e+00,5.589432278606090154e-01,3.141839681848838772e+00,-2.034958338762693497e+00,-1.606394489203081699e+00,2.061861397905317084e+00,4.271895227289873587e-02
1.051271771207290229e+01,7.735625460276686738e+00,3.436702259478258359e+00,1.332936801041047836e+01,-3.077739460315798148e+00,1.208048705784747767e+01,-1.097959426786041170e+01,8.923634210549312940e+00
5.933806404403100254e-01,-4.124373623721731441e+00,-4.515085857744024267e+00,-1.623739494584152565e+00,-1.262808475191139479e+00,3.736534499279247523e+00,3.954357888517606501e+00,2.014020364749104175e+00
-1.399263687165953840e+00,7.572141399851797239e-01,-5.289955097827645503e-01,1.086917622671390582e-02,3.498461140257796975e-01,-7.945129050184303043e-01,1.275894845764931729e+00,3.613465577569605625e-01
-8.339323214823709307e+00,8.589983723274823291e+00,-1.433332493308672184e-01,1.126376267748870141e+01,9.291627800280018334e+00,7.544207121260782856e+00,1.084196904365531644e+01,-1.794421288688155425e+00
1.028771965717439230e+01,-1.110118767493132275e+01,1.733173944575241876e+00,1.568318904683003545e+01,-1.137765125146245460e+01,-9.974462119883030553e+00,1.444382757617725943e+01,-2.158391092044299686e+00
1.294065436839207450e+01,5.479481918527026041e-01,1.188818416489524665e+01,1.374854133215500207e+00,1.292704071755822426e+01,1.945063940868473562e+00,1.233560954315026414e+01,3.333909960543042672e+00
6.781898432577644797e+00,6.356235569685098064e+00,-1.642427202488079274e+00,-1.015751353446683325e+01,-6.804421559751077098e+00,7.420993810893825149e+00,9.004711043367846557e+00,-7.631536704208501387e-01
-7.201518938832912831e+00,-1.534415070739884968e+01,-1.006402585025528751e+01,1.388056868363855756e+01,1.645627187609317232e+01,2.312772768119378153e+00,-4.659051329008868869e+00,-1.647323396291180586e+01
2.419995025623486562e+00,-4.149823994311877762e+00,-2.234175942810988857e+00,-5.022339882521364096e+00,-4.864365843794567823e+00,8.879767695799331562e-02,-3.561456521033054212e+00,3.986426634067112840e+00
-5.921269033670123250e+00,5.337789377068459906e+00,3.322106052262552289e+00,-7.758261896086882103e+00,3.861459803166710003e+00,8.225295034705183639e+00,-7.691486337181291155e+00,-5.035382473754141941e+00
7.161424658605253235e-01,-1.595862984010976149e+00,1.581879888073983942e+00,-4.091504702306151264e-01,-8.625131559570117235e-01,1.693858632407485798e+00,-1.070073028608872878e+00,-6.582466278763221545e-02
1.027550741517695698e+01,-5.435055722386754162e+00,5.746401457243655031e+00,-1.047776995451169313e+01,5.559101914575770298e-01,-1.247712039256844818e+01,-6.080143989232649204e+00,-1.128420789169161154e+01
6.248427641982085001e-01,1.022412077286332543e+00,-8.243240908444022796e-01,1.254057519223910955e+00,-1.060487725378746804e+00,6.298964066967922548e-01,-1.366960863108090285e+00,3.292231967181425967e-01
1.965997346305010662e+00,-1.091423659499493937e+01,-9.274619226221183510e+00,-6.186714242588262636e+00,-8.099028801766991137e+00,7.860911510926927193e+00,6.108984490331408779e+00,9.815038559743507918e+00
4.138147164850392912e+00,-1.430160755917289528e+01,1.291728349212949567e+01,7.263718821034114370e+00,-1.082244429175292666e+01,9.489486781930194681e+00,-6.501860348906070897e+00,-1.324686803708152461e+01
6.497082017583507785e+00,2.152298458880483434e+00,5.635773783341644361e+00,2.795794715621402027e+00,4.755290456715700387e+00,4.942324233676870016e+00,4.732833826782389508e+00,5.967580939129618400e+00
6.041049484437654549e+00,-5.384624786699072629e+00,1.186821765989415356e+00,8.528692697445903192e+00,-6.844905269228311440e+00,-4.566615602497836157e+00,8.160349615703847093e+00,-2.001450602313401994e+00
1.298871956731691313e+01,4.081122846209467525e+00,1.036243665504122902e+01,7.901854056758631728e+00,6.933303536018327939e+00,1.049825897439033717e+01,5.246242277757132477e+00,1.245971642591825379e+01
4.468038115506121066e+00,9.738484632953873898e+00,7.313565896432564273e+00,-7.927991315468183586e+00,-9.266723550894806039e+00,-4.803298862327332941e+00,-2.352513657897276622e-01,1.082683358954062491e+01
9.203341607205675068e-01,1.057878137291065945e+00,4.433702953090886689e-01,1.582414031756935180e-01,2.044618396258556792e-01,7.419497524499920615e-01,-6.635575591794049544e-01,-2.758844300332445321e-01
-2.018000280829947091e+00,5.257100063929179612e+00,2.627331792143405398e+00,4.533872241956929727e+00,5.183601446240714061e+00,2.115660525463468611e-01,2.308691486217866906e+00,-4.541099502785394648e+00
-5.176797085747163463e-01,6.841871291171811031e-02,9.729046043225320073e-02,-9.388427253263144368e-03,-4.202923768047314157e-01,1.909650546552493777e-01,-5.026719984566669908e-01,-9.643145453771038156e-01
-4.944031254129512831e+00,2.710567818100901860e+00,-2.489848618725682083e+00,5.221010172163844665e+00,6.892001726228063063e-01,6.225163407395932325e+00,3.945728749579157757e+00,4.187081270389371390e+00
1.685409625533924594e+00,-5.046247017030972337e+00,-3.051015032744546662e+00,-3.157239810151108106e+00,-4.825276999962370361e+00,3.082135882800431048e+00,1.028698556480843074e+00,5.218877994724766545e+00
-8.000860463447731163e+00,3.554197584876724658e+00,5.915738747325208990e+00,-6.995415379290444768e+00,-1.975875510304927474e+00,8.558837057575512830e+00,-1.388682750616841766e+00,-8.547794473223920164e+00
-1.879829330830523837e+00,-6.534635742140438630e+00,6.877078260988620073e+00,-3.188265080555974684e+00,5.726518276222047454e+00,4.764507025980870836e+00,-3.559942616944967497e+00,7.197508554953097715e+00
-1.150634369706656224e-01,1.852675275839447133e+00,-2.080985577141144738e+00,-4.994164006756848795e-01,5.826546479741280260e-01,-1.603593515917667744e+00,1.540297520875212989e+00,1.240192291687864268e+00
5.377364024740264981e+00,-6.820313429597313792e+00,2.371332772794190191e+00,7.333633831479436260e+00,-8.202269526033767022e+00,-1.785776931291200631e+00,6.770664952381606483e+00,-5.654967694871284145e+00
1.632657793305065663e-01,7.616482790859519625e+00,-8.648047109660144116e+00,-1.132516061549337039e+00,1.232933305285430770e+00,-7.157346447129299349e+00,7.854934954547846182e+00,2.560259391417952557e+00
-3.319487681969820692e+00,-1.905201947262169515e+00,1.880593314928719950e+00,3.309181566444009626e+00,-1.330060722705488807e+00,-3.899473068180522972e+00,-1.069084163569110180e+00,3.616887122405178623e+00
2.380314125574827244e+00,-8.162467886550830443e+00,7.777502896277342259e+00,4.682647556587840931e+00,-6.023115349247924577e+00,5.396693367914509487e+00,-3.101880665665108783e+00,-6.812638421456905569e+00
3.521730107744510452e+00,5.643370949960931249e+00,-2.298005371277412667e+00,6.486501851510842798e+00,-6.998730218109585621e+00,1.550359530808061104e+00,-4.731749730389785746e+00,-5.230989164914927159e+00
-1.449462885746612972e+00,2.607707122134875988e+00,-4.187681992614944448e-01,-5.418463143454156361e-01,1.091618222021029094e+00,-2.029029056958031596e+00,1.256377271131693618e+00,1.424583984617060484e+00
-2.420740539963221138e+00,4.694993307018070716e+00,4.531163751864113465e+00,3.118251007202472280e+00,4.174782110478154173e+00,-2.186941549081536706e+00,-9.502289214231840475e-02,-6.345773325908142581e+00
-6.125252049524686493e-01,1.209873643138208721e-01,-4.575972158220237285e-01,-8.235436984987205833e-02,-2.875696126712897205e-01,1.024324224870326039e-01,-1.663861863509007444e-01,-6.101749617233553913e-01
8.677721404174294051e+00,5.908128946587499541e+00,-2.670250344479487836e+00,-9.860264440308057488e+00,-4.589213098022611348e+00,9.979010890584129712e+00,8.271465691434819689e+00,-4.416745920674564729e+00
4.995881424011518135e+00,5.707752012852362000e+00,-5.159894105209528181e-01,7.732729576393103876e+00,-6.359443319656922888e+00,3.211723769739452727e+00,-7.028982208624099393e+00,-1.173602308219232615e+00
6.871396749404593329e+00,1.775993314672602352e+00,4.938524243103184830e+00,4.529606258685381803e+00,2.798867084887832757e+00,5.331292408232370938e+00,1.348595505128518113e+00,6.388791591286250515e+00
-8.296186532507071831e+00,1.202559296002665512e+01,-6.324309650061634258e+00,-1.399261811570864644e+01,1.416627222548444820e+01,3.556183121202154407e+00,-1.105308850262887432e+01,1.000553301520569782e+01
-2.855222123892837249e+00,4.601959862393182554e+00,1.801062122881196714e+00,4.491341237241422313e+00,5.158209322559681453e+00,3.902909994366356994e-01,3.971379427096651593e+00,-3.677784045067840069e+00
7.872359226419520795e-01,8.774714399327565584e-01,-1.291295701077672942e-02,9.553896958956944463e-01,-3.455704048800767314e-01,1.137381257973570259e+00,-6.961622529114522839e-01,-3.325764462095996965e-01
3.475405403837344753e+00,9.546327206893527872e-01,-2.408262383611130986e+00,-4.119489581323896310e-01,2.868698140234954952e+00,2.370732287224212698e+00,-1.316923314502558728e+00,-2.339468254842638650e+00
3.424594367941173889e+00,-4.389554560573209585e+00,-3.599030781366944765e-01,-5.165600736926069914e+00,-4.296753726386646655e+00,-2.855722765200658042e+00,-4.957947179070210098e+00,1.422869630129935059e+00
-7.012512533543784343e+00,-7.703572644614625098e+00,-2.038150041809445145e+00,1.044259256446110129e+01,9.040798453384953248e+00,-5.218396610224158572e+00,-9.807553928162869639e+00,-3.808966135602661396e+00
-1.286768460226689115e+01,7.078437913684948235e+00,9.235046000851582448e+00,-1.181236197955554168e+01,-1.885665058394709659e+00,1.512433065963266188e+01,-5.579433223117024276e+00,-1.421588233324726502e+01
5.543007223844200304e+00,-1.049994794985373403e+00,6.065852364538624641e+00,-2.518804558755008305e+00,6.028097878305087143e+00,-3.133160706124755279e+00,5.197668604697601502e+00,-3.368532332410201224e+00
-9.207188790001389123e+00,1.115876340374804521e+01,-2.082615142996459667e+00,-1.445897420159749025e+01,1.144947257753739045e+01,7.420012965333658173e+00,-1.391822821061419901e+01,4.208702654479131944e+00
-1.109113503737441242e+01,4.944276488344259590e+00,-8.853138890359378621e+00,8.863699586909282502e+00,-3.620433122811407944e+00,1.060503951813831414e+01,3.955269636521026033e-01,1.264517131212139489e+01
-4.657288814723882231e-01,5.425125202882852271e+00,5.253414506650554650e+00,1.235640325706666154e+00,1.237838254530376325e+00,-4.691836285455463162e+00,-4.271384004678198565e+00,-3.101230910354995540e+00
-4.408717180402618396e+00,3.407007771262466012e+00,-1.888006570155611907e+00,5.203594579411499943e+00,1.005329802148041018e+00,4.860288818408174727e+00,4.029911748903429292e+00,4.079902497799962724e+00
6.178215815658527621e-01,-3.223400238943093798e-01,9.382921294209317642e-01,-4.182769072578700897e-01,5.923699236444954774e-01,-2.985262832473386529e-01,9.206868523211688693e-01,-3.188229060530861636e-01
1.710220661261434572e+01,-7.292219408453799900e+00,1.220876539680602235e+01,-1.362666135943041290e+01,6.366163607635431099e+00,-1.790188489240453862e+01,-1.657022331970990248e+00,-1.780097943465881372e+01
-2.481043515081861273e+00,-2.289164712809899083e-01,3.434294823262144636e+00,-3.167955760416705235e-01,-2.730552641138342729e+00,4.963559609436932196e-01,2.488293481847044131e+00,6.393001996096644435e-01
1.167120090232383234e+01,-9.238213630655954134e+00,-2.377182330273581723e+00,1.421961178553317140e+01,-7.876481468434562316e+00,-1.296235797554004421e+01,1.382982931596018261e+01,4.292824225563733442e+00
-3.987920641162687740e+00,1.087029104694512682e+01,9.523811875128853188e+00,7.430897323655630160e+00,9.445172759487045155e+00,-6.258446407556553126e+00,-3.049300107994317610e+00,-1.074552605718977283e+01
1.120507832339740828e+00,4.414373638035906211e+00,4.235541334242651779e+00,-2.151052445713114381e+00,-2.459351152884394764e+00,-5.075374960673531888e+00,-3.815723318981358414e+00,2.611172174279317915e+00
-3.960405622632951594e+00,-2.376068970683366199e+00,1.902481829492280063e+00,3.130773459056595875e+00,1.341918345055926665e+00,-4.287871606528621093e+00,-3.841952629314599577e+00,2.185726343749816003e+00
-6.022235419821120317e+00,-1.656689662858435330e+00,-4.463077829463507840e+00,-3.407345342893447260e+00,-4.174713181349256175e+00,-4.966680133113188234e+00,-3.110822097449885248e+00,-6.657710465690044543e+00
-3.084018089759323900e+00,1.368392733106534642e+00,2.751524316169348339e+00,-1.247421329125236955e+00,-2.292019927209500096e+00,1.261347611664934032e+00,2.114428447129015787e+00,-2.368406953318042074e+00
9.266193311640703589e-01,-1.476463062424679951e+00,1.814429601461846620e+00,1.790534646669291075e+00,-1.929207532890889532e+00,-2.598535645856113740e-01,-1.089157988653544074e-01,-2.253969945028765576e+00
9.182849470909665968e+00,-3.689405272743352171e+00,-5.927028210321171109e+00,7.108562457556613090e+00,3.213427654411122436e+00,-8.745503043190160142e+00,-6.708718064132773717e-02,9.210909741589544453e+00
2.442602288144819944e+00,2.070304501717240786e+00,-3.479187399493853139e+00,-1.650476102655466182e+00,2.134402502009788982e+00,2.949587707730310537e+00,-8.805174401983392185e-01,-3.102793859215320804e+00
3.693682282819004126e+00,1.070061325032367394e+00,-1.116588600678346088e+00,-2.988599507887040208e+00,-1.045699885133633877e+00,3.709039503223817480e+00,3.478479570662949438e+00,-2.557081280802767864e+00
6.448235265299112617e-02,1.478009915319132839e+00,-2.072134794067710839e+00,-2.302025168003261069e-01,-5.845193364182765805e-02,-1.487219448259204935e+00,1.105853825563325898e+00,1.750810235740126508e+00
-1.409212474319044839e-01,-4.135579133519112105e+00,-4.728673723674760687e+00,2.091320048706295509e+00,2.516077621850708823e+00,3.989108862390491783e+00,3.093314831829920841e+00,-2.664365431359128067e+00
5.963066837662133857e+00,7.046653359238239656e-01,6.420936853115958520e+00,2.868250989779709492e+00,5.634168928231144235e+00,3.677380004422124760e+00,5.508747787650695393e+00,4.296347766293801662e+00
-5.959427699581552496e+00,1.580959674234555656e+01,1.363360504064027978e+01,1.155467999847735783e+01,1.523618206222470661e+01,-8.640642909056682086e+00,-1.917001378012080481e+00,-1.738620453439258284e+01
1.042821981258744923e+00,1.320269536292090784e+01,-1.436717648932483549e+01,2.514470546197544287e+00,-2.138836514665909405e+00,-1.375176704215975754e+01,1.393333728231361057e+01,-2.886300359551811745e+00
6.310103668870053362e+00,8.187298784651659389e+00,1.365162847234151711e+00,-9.386394606262010498e+00,-7.510433525238108921e+00,5.963394543927702074e+00,1.005928831296417236e+01,2.298619507705445209e+00
-9.806313199051192697e+00,1.041190834468181770e+01,-1.816188576790067621e-02,-1.545934627689168828e+01,1.134448635494585034e+01,8.775646515848803730e+00,-1.379997883779662438e+01,2.333741270385668809e+00
-1.029655416493650044e+01,-1.234706476347835391e+01,-2.538274787800298693e+00,1.608707170419405585e+01,1.435331466366056752e+01,-8.220678932993234156e+00,-1.502054838305898876e+01,-5.354373830236126786e+00
-1.167881769914164813e+01,-6.401218412198541152e+00,-7.101968655537258535e+00,-1.079851933627974958e+01,-1.137506192922757675e+00,-1.368526953283111780e+01,6.361791932123935567e+00,-1.198541677532764282e+01
8.526888626836900187e+00,-2.788078724789615492e+00,-7.389666266996852251e+00,5.889713566946339185e+00,5.691191188981217230e+00,-6.790179720595384438e+00,-2.719154637175599021e+00,9.038357353504245850e+00
-3.088414472301152180e+00,-2.662186366351289024e+00,7.715333873725545022e-01,3.618632800832771501e+00,2.405617952969799411e+00,-3.113332222282328754e+00,-3.064098742573167833e+00,-2.520455157414080993e-02
-6.966583684600268889e+00,4.238312373489105944e+00,4.013581876804934723e+00,-7.731554491450241429e+00,7.784456968619406503e-01,8.872159461400555003e+00,-4.824978986143387161e+00,-6.857327531411925747e+00
-5.175931301526291328e+00,1.732671842189019173e+01,1.392728244876341037e+01,1.002585514801659983e+01,1.489166041795498607e+01,-9.841325411415994040e+00,-4.258595442214302196e+00,-1.739353505899304153e+01
-8.512329534264241104e+00,-6.198813093674190533e+00,3.611999466602121345e+00,9.178982603444213240e+00,2.034726084366631049e+00,-9.438794568102901295e+00,-7.149179703635858196e+00,7.694918288794345251e+00
4.223697756868578956e+00,-3.024844489642418921e+00,3.295536999990921201e-01,-5.920297487679769155e+00,-2.967294123626875280e+00,-4.780699528167395407e+00,-5.215978962208557057e+00,-1.955340352828351724e+00
2.921298226666969811e+00,1.022712649447543143e+01,8.346092259850241390e+00,-5.573382957940633986e+00,-8.599881920775549915e+00,-5.311981501931926530e+00,-3.555568703534270902e+00,1.015589703827229684e+01
3.945093483367188014e+00,-2.875145690207239202e+00,2.733245999466514142e+00,-4.816743366180308961e+00,1.446557939816206506e-01,-5.748191164064058611e+00,-2.703491193199675457e+00,-4.557288518856473125e+00
-3.048782027414800311e-01,2.742299218375903735e-01,-4.618248876251983548e-01,-1.004429866954698936e+00,-4.012143397601434236e-01,-2.267671950824562410e-01,-1.027266590896151466e-01,4.772669909607770711e-01
-5.591517479701385795e+00,8.417384434227110912e-01,-5.491404276929486628e+00,1.661277214339725639e+00,-4.269937205836322747e+00,4.118435680813617772e+00,-3.443452958607242653e+00,4.449738575629507586e+00
9.228265448490718725e+00,9.574357438371485785e+00,1.364373273704449163e+00,1.387396043937680012e+01,-8.395962276329733243e+00,1.040331391790708437e+01,-1.305383813298537099e+01,2.292173445345113691e+00
2.209070976331434011e+00,-1.129107061622191743e+01,-9.502184527365232114e+00,-4.764086412387437797e+00,-6.077881556461577794e+00,8.486107168304515724e+00,7.927504208565593125e+00,9.215920368441951283e+00
4.393945340537820599e+00,9.688167359746906016e+00,5.990997808712773320e+00,-8.116175070327498631e+00,-9.647161646788470435e+00,-2.320064610022065210e+00,3.223295228542528701e-01,1.062224003634673863e+01
-4.454939638398141000e+00,-4.338790380853605910e+00,-8.119779618120936959e-06,-7.523667937237111580e+00,4.973846325818300329e+00,-5.684883343651705445e+00,6.797435610890415703e+00,-1.048089020420740036e+00
-1.549373913670298641e+00,-1.801394727052927180e+01,-1.662432010559380302e+01,3.494154319878159054e+00,5.952094140132958344e+00,1.617655564121736944e+01,1.573707355582155110e+01,-6.165008331526368401e+00
-7.430200096916601549e-01,1.444029323326915470e+00,-1.155704391415753873e+00,-1.665917033808920644e+00,1.829199707299131061e+00,2.203228885517349300e-01,-6.402278302729592641e-01,1.939651272909090896e+00
8.669940887858357925e+00,1.440393901002660826e+01,6.462014767257887371e+00,-1.552508989046366317e+01,-1.568570236776976046e+01,3.367258518199960804e+00,1.153592357645403155e+01,1.238960908387903537e+01
-3.975134600934499218e+00,1.050953937755392076e+01,8.125514496654208330e+00,7.989395112538820953e+00,9.730607858433213408e+00,-4.441995382323047359e+00,-7.210776879883773471e-01,-1.158656914902648438e+01
1.435974558011538615e+00,-7.886377868832365579e+00,8.395223263764187038e+00,3.095787275382507087e+00,-4.403105970715381012e+00,6.622804046206892004e+00,-5.719430662160852386e+00,-6.131265250719061477e+00
-8.028346090894439513e+00,-1.112791943195592026e+01,4.001302697875295245e+00,-1.302815210758411446e+01,1.311959742239770499e+01,-5.487142165919544290e+00,1.244108206815499251e+01,7.109872345443963404e+00
-9.639345792733070795e+00,-8.976378416691646933e+00,4.526014078865281398e-02,-1.320736764909140781e+01,1.029933553901154397e+01,-8.646452697043606861e+00,1.362662493299872857e+01,1.358150264837399757e+00
7.306498838061354029e+00,1.153787587324630515e+01,-4.887250876260084809e+00,1.219044830279868386e+01,-1.359661557401031473e+01,2.846099244236570236e+00,-1.006455942868122477e+01,-9.768730825177440735e+00
1.573972550389396297e+01,-1.024743829333488776e+01,7.364052524135305866e+00,-1.617035803620748524e+01,-2.612232745220568475e+00,-1.818274448254164355e+01,-1.147121440450631091e+01,-1.413782930874777222e+01
9.467868915966809462e-02,-1.767952153242669522e-01,-3.288006447410370403e-01,-1.560098290118683839e-01,1.651979305349675076e-01,-9.909054592703315789e-01,-4.524783911165314865e-01,-1.349002386657937591e-01
-9.029995572883942057e-01,1.722081221447656674e+01,1.799374382691599905e+01,3.884441263577599113e+00,4.929847286774244886e+00,-1.661514273158955746e+01,-1.584803771720595833e+01,-6.588026616241260847e+00
8.859834472675586881e+00,-2.290593476775612203e+00,-7.610262771585391661e+00,4.741736337054927475e+00,6.906053212926579477e+00,-6.064395592284921754e+00,-4.131642058475073931e+00,9.022436569509334703e+00
-5.555969693939350584e+00,-1.017756083481619278e+00,-5.659714236721844038e+00,-3.778328059281043316e+00,-5.407331001186152619e+00,-4.696897071954267311e+00,-5.113696057359766733e+00,-5.502171528834796987e+00
7.333696217302758391e-02,-3.928385932215378018e-01,-5.739253256232519362e-01,-4.181794558494755787e-01,2.368044328375792928e-01,1.398482905759106387e+00,1.340907488274648840e-01,1.521239332048893722e-01
8.687346479929580756e-02,1.165511902279300749e+01,1.037683109435660533e+01,-1.249649307914342478e+00,-1.469077520558609073e+00,-1.094164491189259891e+01,-1.096127238626488953e+01,2.015692107785638676e+00
-2.385300030626311241e+00,-3.118541596978243291e+00,-3.891417327673698523e-01,3.839806008259384118e+00,3.581773695429029569e+00,-1.865983955079849155e+00,-3.588410638920726647e+00,-1.565365906198123769e+00
8.861760678027730265e+00,5.137765325384702209e+00,-4.871892599746745489e+00,-8.793504267558075682e+00,-6.675651397423268962e-01,1.019632765248376671e+01,5.783414524562895842e+00,-8.734641110907718442e+00
-8.490079364562193476e+00,5.195802093827999180e+00,5.120336138130716641e+00,-7.317865459893122981e+00,-2.677518271443126707e-01,8.704430139560123791e+00,-4.455635446271765332e+00,-7.617498525145470545e+00
7.983000137272931340e+00,1.109452147529279387e+01,-3.704309519331219658e+00,1.231541141095278391e+01,-1.229191627687183974e+01,5.432236508297362043e+00,-1.130861842440019949e+01,-6.856528126420991853e+00
-2.743102458841290670e+00,-3.871584541846828209e+00,-2.221517313518095005e+00,4.461696204628566420e+00,3.889622400698420357e+00,2.076945104609821402e-01,-1.348746981550245083e+00,-4.150740842672119513e+00
5.427196358254557040e+00,8.806558095366673555e+00,4.336660443499610551e+00,-9.206530036048318877e+00,-1.103506786921996508e+01,1.208941927605041933e+00,5.743311473200507500e+00,9.684805050861454490e+00
4.288168888744660734e+00,3.579085132618800014e+00,8.302262849831023583e-01,6.765831741919704712e+00,-3.306550321040424123e+00,5.826121213956777289e+00,-5.697988170088176041e+00,3.687085338907250875e+00
-1.006102727244002359e+01,-1.339671097722292759e+00,9.714715532331819503e+00,2.340460810030813299e+00,-8.369883211525014133e+00,-3.697266821043025509e+00,8.419548438867490603e+00,4.975177908688801942e+00
6.637116588187700117e+00,3.579511272800474320e+00,1.223673399962722730e+00,6.405969636685753699e+00,-2.673256215983637940e+00,6.552377636284554718e+00,-6.645333448588040426e+00,4.160872991786551012e+00
-2.210294857764475207e+00,7.175105845272305771e+00,-7.192639221011077666e+00,-7.200761691023739530e+00,7.303041832440985814e+00,-4.244577815452874603e+00,6.186591275340836971e-01,7.715450987572957331e+00
-4.423868212469138861e+00,-5.924505590860310811e+00,1.800576917730246196e+00,-7.376882373709795715e+00,5.932034012493068609e+00,-1.809939379059738229e+00,5.737249267702700273e+00,4.802175230934258465e+00
6.656447827873130052e+00,-1.004481692000962667e+01,-3.512362169441118898e+00,-1.097251506340595206e+01,-1.060682395669219957e+01,-3.573661943618209325e+00,-9.880262443494572722e+00,5.223268587386896478e+00
-9.193758372983747762e+00,1.467281419352514149e+01,8.274778681204844943e+00,1.607770917782059428e+01,1.831263286053395234e+01,3.090792339199148753e-01,9.612802876574569666e+00,-1.450511314038972621e+01
-2.901664231093100454e+00,-3.691873463604641525e+00,-6.620275113568085956e-02,4.172801700595750951e+00,4.591661687445501627e+00,-2.093839125599573858e+00,-3.476205484332400175e+00,-1.857926274434872127e+00
1.246382414387053039e+01,-6.036318783801969401e-01,1.238965853107852766e+01,1.335125235659805343e-01,1.145933782280719981e+01,6.144336251592114051e-01,1.167036413785715965e+01,5.400521707614204248e-01
-2.894943394171438644e+00,-2.948347447524976572e-01,2.627717639180282116e+00,1.164055531061471527e+00,-3.076326199329602940e+00,-1.192742441377280471e+00,3.266796837794097907e+00,1.353464182555256246e+00
1.251303471458740546e+00,5.406522869897810724e-01,7.008049241142244590e-01,1.674346635727526511e+00,-4.667233040020808410e-01,3.792494620351898327e-01,-6.150708997705749415e-01,2.547332634015371799e-01
-8.411168290259533720e+00,-9.764863975178275979e+00,2.118398896977109924e+00,-1.302013584133672808e+01,1.206160695179567632e+01,-6.726875435107885437e+00,1.254518250755534758e+01,4.407912838431512270e+00
-1.372683307580045975e+00,-1.333161340496547709e+01,1.284103884569375076e+01,-4.763323313664646896e+00,6.184534507851081386e+00,1.268398766258275501e+01,-1.146825773050679587e+01,8.605541951149524138e+00
-6.475495470300913770e-01,1.436405470915481875e+00,-7.941771809470561383e-01,5.141520003282507023e-01,-1.042654000188139030e+00,-2.217665206196316685e+00,7.884974422628086010e-01,-5.756516718041441161e-01
7.722298954258292270e+00,-9.780244083210101635e+00,-2.522675116977793675e+00,-1.071657550181205210e+01,-1.160940853098727032e+01,-5.786733716285768381e+00,-1.124713530843783893e+01,4.319331658958873277e+00
3.861672350560941602e+00,5.880287189804414005e-01,-2.950206593995623017e+00,-3.565920792903417014e-01,2.647044115414653120e+00,1.445158748055010989e+00,-2.983461617367852980e+00,-1.609568872165342501e+00
4.983891067648575479e+00,5.761771105015674799e+00,-2.073633107549097687e+00,7.163053993099079975e+00,-6.593754416639930227e+00,4.540614068767876432e+00,-6.612324068982941228e+00,-4.336013395670770265e+00
5.566203499165851554e-01,-7.930097675345103347e+00,7.609038663493923771e+00,1.322115783066471595e+00,-1.894233581792767129e+00,7.248602711252815745e+00,-6.822069521334796605e+00,-1.955263241925570439e+00
-8.497591933082560445e+00,4.281237249801118416e+00,6.482826339034639673e+00,-6.253930238256466545e+00,-4.138044154880456738e+00,8.071054256071571231e+00,2.560547123574282713e-01,-9.294553663956307332e+00
-1.088110379654020798e+00,-1.100553815300908411e+01,-1.121262035954693204e+01,1.916273371154523675e+00,2.805539737308769155e+00,1.062037607355726188e+01,1.025821089992670743e+01,-3.160050038084216251e+00
9.043826926775027530e+00,-1.122169241662977490e-01,-9.231685312952645717e+00,1.616782823851044881e+00,9.603371763048096810e+00,-1.466768102361679427e+00,-8.072495009101547936e+00,2.367873221063033995e+00
3.267278105475266869e+00,1.987512952424438151e+00,-1.286397526862777863e+00,-2.665754816875506528e+00,1.818483605446846729e-02,2.941771582620238412e+00,1.305669008543454801e+00,-3.060961348966886320e+00
-2.295101106049784345e+00,1.138071370235264723e+01,1.093233168902875185e+01,3.968860410297653907e+00,5.312514111097362601e+00,-9.455324463009768365e+00,-8.560083889986639605e+00,-7.770776484994813771e+00
1.002244352354141910e+01,-1.111932612784890040e+01,1.672244307392797946e+00,1.488864993901560219e+01,-1.248937553641909659e+01,-7.091392710683552814e+00,1.419970565698270448e+01,-4.406382880797470314e+00
-2.126178040840733363e+00,-2.807105147279900681e+00,-5.617182711709772791e-01,3.760791570574444798e+00,2.843487224657273327e+00,-2.091680504595993639e+00,-3.751278049291259187e+00,-3.531454889855054624e-01
2.714298800376880205e+00,9.726212010836704502e-03,-2.588820111003711677e+00,2.325338426243728218e-01,3.209236076506508883e+00,3.190742884521206024e-01,-1.583246430646833458e+00,6.124112441183751088e-01
-3.835111321283863006e+00,4.300125876812022518e+00,5.480731374064760075e-01,5.101197002801556302e+00,4.005316294479507988e+00,4.126454091969663729e+00,5.378700837538153756e+00,1.696044722534542748e+00
3.292039130715302964e+00,-3.837037141061039325e+00,-1.544178299175392510e+00,-4.206152320419911383e+00,-5.145873651841291974e+00,-2.121739268696528846e+00,-4.435380762614309802e+00,2.772117388214113909e+00
-6.860427123395185234e+00,5.016750940250826574e+00,3.703376725643960476e+00,-7.506951383688733159e+00,1.245822332257569665e+00,9.326140338994974854e+00,-5.397786861978326023e+00,-6.884278219207805805e+00
2.238106091476022907e+00,1.388347056500269971e+01,-1.354400507994024494e+01,4.154288854425697508e+00,-5.819580323330414195e+00,-1.219837458240354344e+01,1.159372862448191732e+01,-8.012156784291336820e+00
1.491779951159094075e+01,-4.619119567216186439e+00,-1.339376120233351308e+01,7.729389071789391608e+00,9.929881875682660564e+00,-1.224036156204275194e+01,-5.431502352471654582e+00,1.384960886052352791e+01
-8.239607678499947241e+00,-4.260214153555838656e+00,6.242721734963394553e+00,8.243862375487392313e+00,-2.105289950871600091e+00,-1.055989672932138745e+01,-3.164337993233207413e+00,9.053659098550644657e+00
-1.203286504204394625e+01,-1.098246493318951345e+01,2.050087103548993817e+00,1.606846274898956750e+01,9.082619669678170027e+00,-1.312116916896802543e+01,-1.551456677362760495e+01,2.943852939977880112e+00
-8.645505658567634866e-01,-6.483117012416374614e+00,7.223861095744862126e+00,-1.641983917596655074e+00,1.964013176632774638e+00,7.563355210598370348e+00,-7.524071188605477190e+00,3.313742226478259667e+00
9.297185349854075298e+00,-1.570366375234089062e+01,-7.379233970135480547e+00,-1.556682129500800826e+01,-1.801750002244352089e+01,-1.280888407764159354e+00,-1.053366247051148896e+01,1.450554021198983534e+01
5.399510033153882560e-01,-7.572154943708470753e+00,7.544434173732144089e+00,1.871566675246354672e+00,-3.161710318259900010e+00,8.192663861169631190e+00,-6.925551108480902940e+00,-3.319630867540825925e+00
-5.788111783855987014e+00,2.197167148208207355e+00,-4.829489625849161527e+00,4.121508125589821603e+00,-2.260984570754096978e+00,5.295306661986183272e+00,-5.084568044021096078e-01,5.203439853906085766e+00
1.146467954007639101e+01,2.044445486431976544e+00,1.162571772282721305e+01,5.178691660457689139e+00,1.137827081683970931e+01,6.610925123400311243e+00,9.083360833614618102e+00,8.957362803869349577e+00
5.142071418681255501e+00,-1.042843819760457436e+01,-6.319509000218523020e+00,-1.009913977402762875e+01,-1.128285213299082201e+01,1.209639300113444227e+00,-3.721861578654652725e+00,1.104473200808410915e+01
4.715248352303366808e+00,1.346066888755662916e+01,-1.083071978435262572e+01,8.731864313328021154e+00,-1.226286427926512523e+01,-7.142096922485981381e+00,2.636177828453608374e+00,-1.359129358444712388e+01
1.230823098470738453e+00,8.760279522361777982e-01,-7.738468077397613332e-01,6.210400568206466687e-01,-8.124722275993285781e-01,1.083048972538899424e+00,-4.104682658458114197e-01,-5.874440439087396104e-01
-4.600452490979649589e+00,-5.242369949478815627e+00,6.230290657406916122e-01,-8.023503934663985149e+00,5.451550292521555541e+00,-4.197137107712234361e+00,6.654023731831760990e+00,5.179089967782271042e-01
-1.293663601679574526e+01,-2.310479407769705951e+00,-1.102202469145240471e+01,-5.224712250892016741e+00,-9.099803661476864036e+00,-8.370583080300544765e+00,-7.727085939695716554e+00,-9.263952179570745571e+00
-1.236158288306258068e+00,-2.258470135303921045e-01,6.351067100646368146e-03,-7.308807188312200775e-01,1.213544829606482800e+00,-7.907623935367895651e-01,1.287743881387299005e+00,-1.831342840213043277e-01
7.946174070587776583e+00,-9.488761273373990335e+00,-1.822469524346569836e+00,-1.149354182401986790e+01,-9.776937365870280061e+00,-6.525382918430343793e+00,-1.174521192069214237e+01,2.882717035443295828e+00
1.196157414905652239e+01,-2.289123850684976258e+00,1.154112451294692754e+01,-5.868212863022430170e+00,1.022122513000553390e+01,-6.581521054535581783e+00,8.114826184575047563e+00,-9.025301542023481005e+00
-2.932731098237948419e+00,-1.010184683496285984e+01,-9.304284266418207494e+00,5.493830002230463805e+00,7.735295328314668595e+00,7.117258351791829085e+00,5.546598209005880520e+00,-1.086589217904557536e+01
1.079912517710739017e+01,-3.601523520728009409e+00,8.189539095829578841e+00,-7.526502532553132951e+00,5.608485785712825411e+00,-1.155711431692450830e+01,9.696861864539574327e-01,-1.293326221586946012e+01
-9.197543257192698718e+00,-9.263406190436525023e+00,1.276760125621019482e+00,-1.258729161504484395e+01,1.167296894921869921e+01,-7.630058628754580852e+00,1.314212463732045322e+01,2.538667171880215179e+00
-1.943895504930180707e+00,-5.067321680863377864e+00,-4.153400532623543029e+00,2.576701768811089366e+00,2.437892481272341261e+00,3.529342488056473659e+00,2.465780017703395277e+00,-4.026018887568253213e+00
-4.273253085521400152e+00,-6.900031928102207779e+00,1.890984056889544629e+00,-6.964218822485055860e+00,7.688544097698156499e+00,-2.282836378418891865e+00,4.773251218518432815e+00,5.476530804298186617e+00
-2.041044779010641630e+00,4.342983720545568360e+00,3.484628354372990788e+00,1.587426919295551908e+00,3.701488401572354370e+00,-3.813951665999273821e+00,-3.645451677386736478e+00,-3.944958872969091868e+00
-2.489237321019313054e-01,-2.056628692219617527e+00,1.853338910673331563e+00,1.431193389193080145e+00,-1.698634768394228001e+00,1.174905757314624877e+00,-9.187366657082431942e-01,-2.113414724993102567e+00
6.431289936377591054e+00,-1.171715691116497648e+00,5.146080855375803509e+00,-8.089518574620562230e-01,6.569139313889677645e+00,-1.140819882002964247e+00,5.552252226518785250e+00,-2.491299951498526788e+00
1.343143382277876796e+01,8.192737866750350761e+00,-7.633479506100654177e+00,-1.468190965061673303e+01,-8.689721851567910882e-03,1.561209505799765118e+01,8.223314043903828363e+00,-1.351469253600894405e+01
-3.666320233219595881e+00,4.005559036640833348e+00,6.041255832598875219e-01,5.509258898337236587e+00,4.344876794955188970e+00,2.452727169382735273e+00,5.106376826161981519e+00,-1.599457966585370761e+00
9.615131275803706856e+00,3.847970181046763916e+00,-7.254859434733414325e+00,-6.028862822680965294e+00,4.486511880131719643e+00,1.031355469397415092e+01,-3.231159035327466622e-01,-1.006595392202626194e+01
9.289350508727594047e+00,-8.560162755599328932e+00,1.494923345674851412e+00,-1.144267791402478984e+01,-7.284179696494632594e+00,-9.108348322538335040e+00,-1.152362984999945716e+01,-2.178666210824375504e+00
-9.570256227133823179e-01,-1.028677512092271407e+01,-1.067604122131350941e+01,2.821751483984722420e+00,3.233598500574380807e+00,9.712819047594898336e+00,9.515449522616140854e+00,-4.402402471975927156e+00
6.902730220240814063e+00,9.065029575239174520e+00,1.969963969483310429e+00,-1.039379294936736464e+01,-9.328292246415438527e+00,4.614739779683820764e+00,9.360218017944600177e+00,3.633731776773509115e+00
-3.803225324339009616e-01,1.190130709421494792e+00,-1.347198073185235767e+00,1.971245603525118018e-02,-3.135323410040727898e-01,-4.804966895712310948e-01,5.178512360051608088e-01,-8.106661299667304865e-01
-3.020480329451857404e+00,-9.294641874537545867e-01,3.080072560743384091e+00,-4.441168877915613322e-01,-3.484970840633457634e+00,-8.367250976083235869e-01,3.088064402676929276e+00,1.393630804738349216e+00
1.686405155706661496e+00,1.634140512426739278e+01,1.716603296478704976e+01,-3.197968179028124247e+00,-4.512297060510817914e+00,-1.661721470216610896e+01,-1.632629190821651832e+01,5.725404133304834886e+00
-6.730726855964722866e+00,-1.216034213344833326e+01,5.927099580114532529e+00,-1.278359874226851645e+01,1.324512674929122191e+01,1.762216842701811448e-01,7.700803205764581882e+00,1.174002438701432993e+01
2.918863837714279708e+00,-7.801621406446416218e-01,-1.198077615713074140e+00,1.958433793973289205e+00,-1.574166366339212197e-02,-3.500795984880725964e+00,1.093881773831752557e+00,2.548128972161225025e+00
3.244691256924374656e+00,2.079675400108806471e+00,-1.249196724203099018e+00,-3.074621445638226369e+00,-2.322265089472278721e+00,3.863700834217814073e+00,3.909421970550689185e+00,-9.444187466355093985e-01
-6.190296926331823713e+00,-2.944502977878403094e+00,-4.784996630125449180e+00,-5.765737834216372093e+00,-1.818048440917452213e+00,-6.216970058140789845e+00,1.379843473675617105e+00,-7.439852679781959743e+00
4.194702769013892940e+00,-3.190820498443614373e+00,2.420140075189244122e+00,-4.423664894917885171e+00,-1.385386067117827746e+00,-6.582012123386468794e+00,-3.755527768432933566e+00,-4.085052800995673472e+00
7.003199003392342803e+00,1.542066003818055897e+01,1.062284094524601308e+01,-1.286640277047931846e+01,-1.632130442218308986e+01,-4.427943695441510563e+00,2.763066659785415435e+00,1.647956140522940061e+01
-2.558098042431522057e+00,1.548166320253201445e+00,3.434748772545490603e+00,-1.102482753771327761e+00,-1.248380109698007612e+00,2.528630513532939439e+00,1.080002108456997872e-01,-3.104911032195082576e+00
-2.237334717483444035e-02,-4.587476010732230769e+00,-4.550148642786625786e+00,-3.216610409333341414e-01,-8.061760448036348059e-02,4.770941565312155852e+00,4.805494418582602734e+00,5.007075596050322153e-01
4.903024375126242007e-01,-5.397262386558092651e+00,-4.561526268383139460e+00,-1.275581402055624425e-01,4.677956756411598693e-01,4.351441433715813822e+00,4.079442573633494717e+00,3.818305370557552592e-01
2.754628466316934032e-01,-7.603462107275078541e-01,-6.379515447304822118e-01,-5.095521063391775796e-01,3.848352205379172997e-01,-1.309187873300952099e-01,1.219665922262995306e+00,-9.340970470807835602e-02
-1.249673409445927774e+01,8.828918089326567298e+00,5.055329901778203627e+00,-1.528172052868111130e+01,5.507806671687210276e+00,1.499158180246137739e+01,-1.330570033114783257e+01,-8.238984779118910140e+00
-1.462523166009061093e+01,-5.895359217741152236e+00,1.067557895126274481e+01,1.249895952812075528e+01,-5.097230160491409201e+00,-1.572500553860411010e+01,-2.379486029083204279e+00,1.617570282173054963e+01
8.584240167296004032e+00,4.013927268647745628e+00,-5.111486888032138687e+00,-8.146035127703351364e+00,1.208245203117432331e-01,9.586011677141975440e+00,3.879823668967357087e+00,-8.310538060174135211e+00
5.288504338388289483e+00,1.307186799847236358e+01,-9.532800589033094241e+00,1.030886663366038469e+01,-1.292788154230993314e+01,-5.732028061406616359e+00,9.609027663106124439e-01,-1.355976927935794940e+01
-3.856522084084814672e+00,-1.617724016986202074e+01,-1.471697286866885612e+01,8.480574586421836258e+00,1.183042993060527870e+01,1.241545068837210408e+01,1.029690441405969814e+01,-1.368264667077287555e+01
-2.694557388435990131e+00,-7.496506931043208866e+00,4.109124194089636362e+00,-4.790884992413394272e+00,6.977004726046102334e+00,1.743196498400455985e+00,1.758608851894263525e+00,6.672372620796649834e+00
-2.909885229831881137e+00,5.057320863024054702e+00,2.606483484581761711e+00,4.982829316146675680e+00,5.203729546681206131e+00,-3.244315452235010389e-01,2.631615913817652697e+00,-4.546931695816335051e+00
1.231991416141190143e+01,-1.735730022397715455e+00,1.228047551053177777e+01,-4.544903879858349427e+00,1.110781712372368091e+01,-6.681910031998765653e+00,9.372616196398446675e+00,-9.023190739848750752e+00
-4.695668077368553739e+00,-9.300468218850744151e+00,-5.109733690472257450e+00,9.727330389609093686e+00,9.488487318692765626e+00,-4.594364304770646723e-01,-6.269590607513132241e+00,-9.140114525263324907e+00
2.697914251437196764e+00,7.171894548052793361e+00,-5.480538507380730451e+00,4.879074090817238307e+00,-7.402925613480661582e+00,-2.341916509786972522e+00,-5.873335146996219169e-01,-7.218813812457420376e+00
4.074916025567111966e+00,-4.394653261327241545e+00,-2.320803789692357011e+00,-4.288505856150338857e+00,-4.807209975404310498e+00,-1.592817217363303728e+00,-3.562630505169079420e+00,4.392158983228078739e+00
5.631344981359025503e-01,1.560352049411375397e-01,8.426358173029686593e-01,1.063312659014251871e+00,-4.250517470566975153e-01,3.123870349440636129e-01,-1.954833324788654569e-01,8.184842516295379733e-01
4.620021529913531211e+00,4.040154495113392308e+00,9.472845683951358620e-01,6.443342340164828208e+00,-4.456252387938096859e+00,4.760651165093960913e+00,-7.018675272867345605e+00,1.376275606115613837e+00
6.354922514185891380e+00,8.208947145391414235e-01,7.035048394249366233e+00,1.615491803624153011e+00,5.942305958720864645e+00,2.101066034849819353e+00,5.899670870358602492e+00,3.266199460870371052e+00
2.392946240634933996e+00,3.832268034065761331e+00,2.034248491035606232e+00,-3.657778496129151957e+00,-4.440646587315693061e+00,-3.222363092779864102e-01,1.776953865464906857e+00,4.236480498193899713e+00
3.193264068858489679e+00,1.864890949905117168e+00,-1.454017580958810729e+00,-2.713337869455771934e+00,-6.877885236496170673e-01,3.035135713975770866e+00,2.337328583290691597e+00,-2.301935190285189670e+00
2.560746431630330555e+00,6.585841147229903214e+00,-6.861080329190352600e+00,3.467585976310226137e+00,-5.571826053423863279e+00,-5.719721948703766934e+00,4.573591450475279707e+00,-5.999288272145451906e+00
-2.415561302737919025e+00,-1.337875130560580494e+01,1.289538803560905222e+01,-5.380900691784884948e+00,7.794295773038749431e+00,1.173843520486777514e+01,-9.552753639651273332e+00,9.531457672672914327e+00
-9.769578709348111900e+00,-1.987980824026960303e+00,8.973201662441011806e+00,4.052926055991395771e+00,-6.693264066896335684e+00,-5.913989205308654462e+00,5.588765438106984007e+00,8.010843939823429238e+00
2.975912832611080638e+00,-3.877607517249615832e+00,-1.760412848472409308e+00,-5.297870432535250806e+00,-5.323131510803973399e+00,-1.049120917886409821e+00,-4.258009975408659997e+00,2.502125819851639399e+00
1.300084469616023242e+01,3.973337800008336806e+00,1.124898521056635836e+01,7.418467207063214275e+00,8.632705763335760452e+00,8.603858481351474907e+00,5.890355600636241640e+00,1.146532323481132565e+01
2.278927864157314964e+00,1.027301241390141939e+01,1.001620859413844933e+01,-4.132865990121918465e+00,-5.603365558868080853e+00,-9.551374199195809211e+00,-8.488774085448426376e+00,8.208117359965953597e+00
8.327345123465581977e+00,-1.276905601112356869e+01,6.318299343423193548e+00,1.292620272498371037e+01,-1.437295588008313452e+01,-1.886448029907040524e+00,9.096582626367835545e+00,-1.249457594000299032e+01
3.175578929891228697e+00,-7.849397865377484074e+00,6.305374926515317391e+00,4.810432954651845172e+00,-6.497753003711329356e+00,3.020586552145447357e+00,-3.774991312215306150e-01,-8.082453644199974363e+00
-1.845694945208806104e+01,2.400628183376205094e+00,-1.817496474163620235e+01,5.467308469098919765e+00,-1.655636688686698932e+01,8.616976490765997809e+00,-1.523353394320684551e+01,1.055644036293022481e+01
-5.608242854025684565e-01,8.446649909173787663e+00,-6.412194889502542239e+00,-1.514628294155599075e+00,3.341181917640113852e+00,-8.330571611696989009e+00,6.876104984993234304e+00,4.269249655835099411e+00
8.605874438871941479e+00,3.932496042755150079e+00,-5.881942835141394710e+00,-6.883633698406518953e+00,2.000536514474447358e+00,1.002325957921263822e+01,1.346066174625548229e+00,-1.028975367425912779e+01
-5.969292667588714352e+00,-8.939740577118790554e+00,-4.025529451327270358e+00,9.305310931029746158e+00,1.077690108180363993e+01,-1.101762571251388989e+00,-6.751704481794933876e+00,-7.892733175226941178e+00
6.921331820964958581e+00,-1.029065033859654754e+01,-5.211780985007683498e+00,-9.968081989305506596e+00,-1.138825287070913639e+01,-1.466691088336373738e+00,-7.526821211411436785e+00,9.580436669768555902e+00
-8.046021512217897964e-01,1.707649373914822277e+01,1.767974262672954922e+01,1.272834898751666222e+00,3.417073720908201384e+00,-1.640813345898413189e+01,-1.650391042471882130e+01,-4.128416405458698257e+00
-4.072328523558371494e+00,3.351392850968834658e+00,-5.223725669901413404e-02,5.634617896361575617e+00,3.577792314146417851e+00,4.014758343921155159e+00,6.538627396453043694e+00,1.407256065395599665e+00
6.913958875258036096e-02,4.264060489647035546e+00,4.891279430624392077e+00,-6.812727866728385262e-01,-8.981764198337384153e-01,-4.546365058229245193e+00,-4.382126112506366411e+00,1.095307513242421260e+00
1.149487663978300311e+01,6.191031129344581885e+00,7.831127835591464859e+00,9.857964163990089901e+00,-6.981710417259134882e-02,1.322664531183800740e+01,-6.161930966201442317e+00,1.140606900968568027e+01
8.827866353157030943e+00,-1.214348390257602439e+01,4.863602362919102085e+00,1.451594065058543848e+01,-1.391319228098970306e+01,-4.156451285012687791e+00,1.222286347831915876e+01,-8.992240595802190484e+00
1.854709540585545158e+00,3.970188329358021573e+00,2.695650155004191806e+00,-3.063060451236276904e+00,-4.739041687972159522e+00,-1.898771915649574371e+00,-1.646354807323135994e-01,4.148588046187781764e+00
-9.756436618402940297e+00,-3.793858943272700124e+00,7.492700436440321354e+00,6.444131338529066610e+00,-4.193708807575963426e+00,-8.447574087769845974e+00,7.466197607586393392e-01,9.531721323847756722e+00
8.976467481150974592e+00,1.017322989176326864e+01,-1.465435684554563744e+00,1.365665542097565321e+01,-1.067756295461666660e+01,7.442602668589564097e+00,-1.274848506959492411e+01,-2.934253022118641141e+00
-8.793991520720888744e+00,1.954300158683856425e+00,8.284665209201834912e+00,-4.423946588020896797e+00,-7.610320842856049595e+00,4.434523389231272539e+00,7.119112256232908109e+00,-5.745439435394294136e+00
1.171149610632031468e+01,-1.109277904816128313e+00,1.223380883932264140e+01,-2.647719211696450081e+00,1.175747898913793499e+01,-2.549046885686332864e+00,1.150549108906354157e+01,-4.900842469011547742e+00
9.464576052198602207e-01,5.221157351396826130e+00,4.556845852897650317e+00,-2.407709071967834458e+00,-3.735775674103388511e+00,-3.087850140710753699e+00,-1.540963893392731876e+00,3.866983659009135987e+00
2.812166697982795505e+00,-1.205726833930019115e+00,-1.863483013188033111e+00,2.311880483588396373e+00,8.996689557202998122e-01,-1.631400933035632050e+00,-1.014084598985371954e-01,2.452429843790438824e+00
-1.815790995710061040e+01,4.180559027107950243e+00,-1.674218739991542648e+01,8.622457952644431600e+00,-1.391022391195831176e+01,1.176902245505050004e+01,-1.134316679548043716e+01,1.455990026504530910e+01
-1.270612966617807427e+00,5.306890342498274293e+00,5.323667394499089767e+00,2.175529501589999803e+00,3.110240833738912247e+00,-3.700994246894995232e+00,-4.038792950051744768e+00,-2.622152882993520784e+00
-1.092430982591824806e+00,-2.180657685128180923e+00,5.226927522762532252e-01,-1.303160480511138752e+00,5.218823779095287385e-01,1.575124588782386148e+00,-1.610972482020116781e+00,7.240995744109179899e-02
1.155238121144109265e+01,-1.440274939323844272e+01,-1.771357147626260620e+00,-1.821619310824885218e+01,-1.519905803743185047e+01,-8.004146641001986140e+00,-1.627780007961550623e+01,5.811020849127870314e+00
-1.922924833310903026e+00,4.552365232973733633e+00,3.519981545556396085e+00,4.295051711275320372e+00,4.577969487007311322e+00,-3.793009300540033379e-01,5.006065051706940494e-01,-5.321808034616425154e+00
-1.706514312847698500e+00,2.123151515725068439e+00,5.879820071963250960e-01,-1.963188649710088329e+00,2.749463196044323876e-01,2.889773318402950153e+00,-2.318436619715595448e+00,-1.854331116422154979e+00
-9.634314372528116621e+00,-4.452605283919258139e-01,8.663448736219683255e+00,1.548869479545836203e+00,-9.219417139639357828e+00,-3.472525035252325143e+00,8.178373197978315190e+00,3.922613392229136853e+00
1.564682700429863438e+01,4.150401944403339982e+00,-1.359258212358879803e+01,-8.873477546477044342e+00,1.158919971458958997e+01,1.159430944651561290e+01,-7.698805676289066646e+00,-1.354122422446870644e+01
-3.387988675976532083e+00,2.357234524002809195e+00,-1.185617025061162400e+00,5.309344266497816989e+00,2.086145585238323719e+00,4.839303998822774844e+00,4.751520817371966743e+00,3.127719867358614181e+00
3.519231099523026707e+00,-8.116516501254880112e+00,6.334228708877689407e+00,5.447685265991658810e+00,-7.682332954896669897e+00,2.810898435528851103e+00,9.089214910095330113e-01,-8.333520564424492960e+00
1.007309094633805913e+01,8.728794643470187964e+00,5.174355994648949242e-01,1.379298109792661364e+01,-9.296030592395105430e+00,1.018307669253418446e+01,-1.411447834694557990e+01,9.724576667867536051e-01
6.296983189566286221e+00,7.499086474479050857e-01,7.000120982498788891e+00,-4.257680667087546666e-01,6.042082795437457854e+00,-6.106627754857237855e-01,6.589108312846861715e+00,-5.893653285262786534e-01
6.932682321487129151e+00,-1.236195547604829237e+01,8.985807894330578804e+00,1.294753963567101707e+01,-1.468024899200107214e+01,2.288453082066756572e+00,4.250069274978792500e+00,-1.367733015421691434e+01
4.515502671367779719e+00,1.640224444270778648e+01,1.456016036466093233e+01,-1.043162096761617796e+01,-1.424299833179109775e+01,-9.672948890734692995e+00,-5.309005397327557496e+00,1.708796506524947389e+01
6.471779898813343479e+00,-1.268264759093138849e+01,9.904336480935691966e+00,1.071324068236701876e+01,-1.267861430273879364e+01,3.990905745107990565e+00,2.366821340372546878e-01,-1.367790035296947160e+01
8.219176172623072318e+00,-8.305827235577099898e+00,-5.222522312873363326e-01,-1.141464567221304982e+01,-8.839832441723546097e+00,-7.422805655443553974e+00,-1.063361482670442726e+01,1.465432288381211867e+00
-6.467423414419131156e+00,-3.566232313837932377e+00,-2.525085563213719020e+00,-6.776658441174277847e+00,4.689185646794689077e-01,-7.268663130675381723e+00,4.763881593376410706e+00,-5.209823439063773876e+00
-1.208159545377398558e+01,7.749561961693296475e+00,6.921551234594515378e+00,-1.364070928146203343e+01,1.965120971072781497e+00,1.530745792929344340e+01,-9.193082476212255827e+00,-1.192936691606537991e+01
5.504729549580472892e+00,-6.806487858156520687e+00,1.795529013707155119e+00,9.058184124409557114e+00,-7.530228021540319894e+00,-3.877638727963149456e+00,7.648939110702681177e+00,-4.169089543175314105e+00
-4.585674368989804961e+00,-4.921358755783587391e+00,-8.174041680392045706e-01,-7.597868020991528581e+00,3.558678906121995666e+00,-5.598017654058221382e+00,7.025612861026035993e+00,-1.928246514665244549e+00
7.342513347509680877e+00,1.500337854532795667e+01,1.093537900918126837e+01,-1.271028935987079223e+01,-1.530228630820131741e+01,-2.412868952818267410e+00,4.914037848605206982e+00,1.687099560356338301e+01
5.019394238361449823e-01,1.220651401420540377e-01,3.857048420784378040e-01,1.814855921633905245e-01,6.043076095492923017e-01,-4.704452296277603640e-01,-5.368850886978240866e-02,7.977052491389984290e-01
-4.552562858311584582e-01,-1.024460092580543602e+01,-1.146666453902968641e+01,7.413517640820734000e-02,-6.192672906878889938e-01,1.145051730403719503e+01,1.097836328380811111e+01,-7.724731197510543990e-02
2.570093300175732565e-01,1.943746620337329922e-01,-3.587562090591581154e-01,3.213997757143623457e-01,1.735745994447951968e-01,8.744657667687796287e-01,-1.345439560597589124e-01,6.875313291428801765e-01
-9.180555678905828465e-01,-4.159563949371656300e+00,-3.245633808105774065e+00,3.228081118140669670e+00,4.098048925779142593e+00,2.388182631527999256e+00,5.165823175978105919e-01,-4.452280540688202670e+00
3.725762617001761257e+00,7.444223301216791100e+00,-4.744946018317584446e+00,6.279408722928799591e+00,-6.821989398713694364e+00,-2.017958279146464307e+00,-1.786233079345674657e+00,-6.516694741128549850e+00
-4.922230868619823951e+00,-9.510265254499204346e+00,-5.592544073798364046e+00,8.590574802605464910e+00,9.477410825767712765e+00,1.617269210331190310e+00,-4.103473830853458182e+00,-9.124957487990705829e+00
3.000153348752694793e+00,-9.059791291659485823e-03,-2.101650177210642845e+00,-3.756378810037715454e-01,3.031108358577972339e+00,1.005034736292757858e+00,-2.171185383036801309e+00,-8.085788767321335779e-01
