Accuracy,Accuracy,Accuracy,Accuracy,Accuracy,Accuracy,Accuracy,Accuracy,Accuracy,AUROC,AUROC,AUROC,AUROC,AUROC,AUROC,AUROC,AUROC,AUROC,F1,F1,F1,F1,F1,F1,F1,F1,F1
Metric,Mismatch,Mix0.00,Mix0.25,Mix0.50,Mix0.75,KR,ExtraTrees,KNN,Metric,Mismatch,Mix0.00,Mix0.25,Mix0.50,Mix0.75,KR,ExtraTrees,KNN,Metric,Mismatch,Mix0.00,Mix0.25,Mix0.50,Mix0.75,KR,ExtraTrees,KNN
0.5361256544502618,0.5361256544502618,0.6638743455497382,0.6649214659685864,0.6607329842931937,0.6565445026178011,0.6554973821989529,0.5151832460732985,0.5392670157068062,0.4918249864435665,0.4918249864435665,0.5537899914788131,0.5385438453791929,0.5207776551243318,0.5019753660237044,0.4854631458672245,0.5439107405685956,0.4764965334262917,0.6418755052546483,0.6418755052546483,0.7938342967244701,0.7946084724005135,0.7938931297709924,0.7918781725888325,0.7913760304375397,0.5756186984417965,0.6589147286821705
0.587434554973822,0.587434554973822,0.6554973821989529,0.6534031413612565,0.6534031413612565,0.6534031413612565,0.6534031413612565,0.5424083769633508,0.5979057591623037,0.5736453249670772,0.5736453249670772,0.6382247850336974,0.6276023510728949,0.6158203578898443,0.5948393562630723,0.5618754357425052,0.6382247850336974,0.5341355837012937,0.6620926243567753,0.6620926243567753,0.7913760304375397,0.7903736542115263,0.7903736542115263,0.7903736542115263,0.7903736542115263,0.5744888023369036,0.7068702290076336
0.6115183246073298,0.5905759162303665,0.6607329842931937,0.6607329842931937,0.6534031413612565,0.6534031413612565,0.6534031413612565,0.562303664921466,0.612565445026178,0.5700867611743745,0.5568982880161127,0.5926219110697963,0.5953138314354327,0.5976523162134945,0.598380974513905,0.5982333062204663,0.5883806840189015,0.5481907002866218,0.7034372501998402,0.6802943581357318,0.7912371134020618,0.7912371134020618,0.7898412698412698,0.7903736542115263,0.7903736542115263,0.6313932980599647,0.7188449848024316
0.6596858638743456,0.6596858638743456,0.6554973821989529,0.6554973821989529,0.6534031413612565,0.6534031413612565,0.6534031413612565,0.6209424083769634,0.6335078534031413,0.5885041443953831,0.5885041443953831,0.63402471144163,0.6351794290804865,0.6346032806569061,0.6309357812378961,0.6231868270199086,0.63402471144163,0.5549955457432798,0.7590808005930318,0.7590808005930318,0.7913760304375397,0.7913760304375397,0.7903736542115263,0.7903736542115263,0.7903736542115263,0.6983333333333334,0.7430249632892805
0.6104712041884817,0.6376963350785341,0.669109947643979,0.6617801047120419,0.6586387434554973,0.6534031413612565,0.6534031413612565,0.6366492146596858,0.6607329842931937,0.5260186691455574,0.5397590828104424,0.6261813463475094,0.6367481020993107,0.6395271709659927,0.6313255287009064,0.6180474862499032,0.6289822023394531,0.5694452513750097,0.7288629737609329,0.7559943582510579,0.7942708333333334,0.7936102236421725,0.7926208651399491,0.7903736542115263,0.7903736542115263,0.72869429241595,0.7695590327169275
0.6219895287958115,0.6607329842931937,0.6774869109947644,0.6670157068062827,0.6659685863874345,0.6596858638743456,0.6565445026178011,0.6837696335078534,0.5968586387434555,0.5568208226818498,0.6226421488883724,0.6146535362925092,0.6010922612131071,0.5773733441784802,0.5478856805329615,0.516333081570997,0.6277064451158106,0.5163112944457355,0.7267221801665406,0.7420382165605095,0.8002594033722439,0.7958921694480102,0.7956438180653427,0.7920665387076136,0.7905491698595147,0.7532679738562091,0.7162859248341931
0.6178010471204188,0.6178010471204188,0.6544502617801047,0.6544502617801047,0.6544502617801047,0.6544502617801047,0.6544502617801047,0.5664921465968586,0.5298429319371728,0.5351741033387559,0.5351741033387559,0.5371204198621118,0.5170762646215818,0.4990655744054535,0.47693953830660785,0.45247017584630883,0.5258564761019443,0.4664478270973739,0.733382030679328,0.733382030679328,0.7908745247148289,0.7908745247148289,0.7908745247148289,0.7908745247148289,0.7908745247148289,0.6617647058823529,0.6516679596586501
0.6115183246073298,0.5958115183246073,0.643979057591623,0.650261780104712,0.6544502617801047,0.6534031413612565,0.6554973821989529,0.5905759162303665,0.6586387434554973,0.580726140677047,0.5694162018746611,0.6031087806956387,0.618374293128825,0.6329329343868618,0.6478910062746921,0.6580559106050042,0.6008066077930125,0.583447110543032,0.6961506961506961,0.6794019933554817,0.7769028871391076,0.7839586028460543,0.7881899871630296,0.789574062301335,0.7913760304375397,0.6677994902293968,0.7602941176470588
0.6073298429319371,0.6031413612565445,0.6450261780104712,0.6460732984293194,0.6481675392670158,0.650261780104712,0.6575916230366492,0.5727748691099477,0.5727748691099477,0.511556859555349,0.5175725269192036,0.5533590905569759,0.5543734022774809,0.5524827639631265,0.5482802695793633,0.539318498721822,0.5448209582461848,0.5021375590673174,0.7327156094084105,0.7239621267297888,0.7805825242718447,0.7827763496143959,0.7857142857142857,0.7872611464968153,0.7915869980879541,0.6792452830188679,0.6913767019667171
0.6649214659685864,0.6649214659685864,0.6575916230366492,0.6575916230366492,0.6554973821989529,0.6554973821989529,0.6554973821989529,0.6073298429319371,0.6628272251308901,0.6045685180881556,0.6045685180881556,0.6304419397319699,0.6362736269269502,0.6359201913393756,0.6351600627469207,0.628113138120691,0.6348623053683476,0.6001287861182121,0.7575757575757576,0.7575757575757576,0.7923809523809524,0.7923809523809524,0.7913760304375397,0.7913760304375397,0.7913760304375397,0.6747614917606245,0.7571644042232277
0.5675392670157068,0.5078534031413613,0.6534031413612565,0.6534031413612565,0.6544502617801047,0.6523560209424084,0.6450261780104712,0.4607329842931937,0.5382198952879581,0.5215377837167867,0.4829576264621582,0.4909656053915873,0.48405424510031764,0.47974523588194284,0.4778715431094585,0.48135990394298556,0.4767749244712991,0.4912996746455961,0.6698641087130296,0.5996592844974447,0.7884984025559105,0.7893061744112031,0.7900763358778626,0.7890724269377383,0.7836630504148053,0.5262189512419503,0.6457831325301204
0.5926701570680628,0.5926701570680628,0.6534031413612565,0.6523560209424084,0.6513089005235602,0.6513089005235602,0.6513089005235602,0.5005235602094241,0.5947643979057592,0.540768552947556,0.540768552947556,0.5246630257959563,0.5271588620342396,0.5305939654504609,0.5323901928886823,0.5312378960415215,0.5151759431404447,0.5239295259121544,0.6949019607843138,0.6949019607843138,0.7887683471601787,0.7893401015228426,0.7888395688015218,0.7888395688015218,0.7888395688015218,0.5627864344637947,0.708803611738149
0.612565445026178,0.6020942408376964,0.6607329842931937,0.6617801047120419,0.6586387434554973,0.6586387434554973,0.6575916230366492,0.5968586387434555,0.6031413612565445,0.5396791966844837,0.5196084127353009,0.5028928460763809,0.5086809590208382,0.5141132155860253,0.5196737741110853,0.5268683670307538,0.5115036021380431,0.5211189867534278,0.7238805970149254,0.7214076246334311,0.7909677419354839,0.7928159076330982,0.7915601023017903,0.7918263090676884,0.7918523233609166,0.7008547008547008,0.7219369038884813
0.618848167539267,0.6041884816753926,0.6397905759162303,0.6471204188481675,0.6492146596858639,0.6544502617801047,0.6534031413612565,0.5539267015706806,0.6157068062827226,0.513987334417848,0.508443721434658,0.5349029746688356,0.5210269966689907,0.5088891471066698,0.49669077775195597,0.480614300100705,0.5368565535672786,0.5030719846618639,0.7458100558659218,0.7303851640513552,0.774869109947644,0.7807417046193884,0.7853939782190903,0.7908745247148289,0.7903736542115263,0.6796992481203008,0.7474191328286304
0.5916230366492147,0.5769633507853403,0.6586387434554973,0.6586387434554973,0.650261780104712,0.6534031413612565,0.6534031413612565,0.5539267015706806,0.6408376963350786,0.5321650592609807,0.5386794097141528,0.5553417189557672,0.5676102912696569,0.5818130761484236,0.5981752072197691,0.6156993183050585,0.5554070803315516,0.5620231040359439,0.6990740740740741,0.672077922077922,0.7899484536082474,0.7912932138284251,0.7878017789072427,0.7903736542115263,0.7903736542115263,0.6230088495575221,0.7487179487179487
0.5947643979057592,0.5895287958115183,0.6565445026178011,0.6628272251308901,0.6586387434554973,0.6617801047120419,0.6575916230366492,0.5780104712041885,0.6418848167539267,0.546626868851189,0.5355275389263305,0.5680678209001473,0.5812829227670617,0.5935950693314742,0.6053141219304361,0.6137844720737471,0.5673682121000851,0.5748823495235882,0.6940711462450593,0.69375,0.7819148936170213,0.7884362680683311,0.7869281045751634,0.7906675307841866,0.7897106109324759,0.6710204081632654,0.7432432432432432
0.6554973821989529,0.6554973821989529,0.6544502617801047,0.6513089005235602,0.6492146596858639,0.6534031413612565,0.6534031413612565,0.6345549738219896,0.6178010471204188,0.6541003369742041,0.6541003369742041,0.6823606592299946,0.6800270160353241,0.6729607250755286,0.6546256487721744,0.6193038771399799,0.6763280463242699,0.5670922418467734,0.7141615986099045,0.7141615986099045,0.7876447876447876,0.7874920229738354,0.7873015873015873,0.7903736542115263,0.7903736542115263,0.6771507863089732,0.7146207974980453
0.4722513089005236,0.4722513089005236,0.6481675392670158,0.6481675392670158,0.6534031413612565,0.6534031413612565,0.6534031413612565,0.4282722513089005,0.5340314136125655,0.44791182508327526,0.44791182508327526,0.44170007359206753,0.44086974204043694,0.4318401890154156,0.41979432953753193,0.42698892245720044,0.4452029591757689,0.46752507940196764,0.5662650602409639,0.5662650602409639,0.7821011673151751,0.7835051546391752,0.7903736542115263,0.7903736542115263,0.7903736542115263,0.5054347826086957,0.657428791377983
0.4722513089005236,0.4722513089005236,0.6513089005235602,0.6554973821989529,0.6534031413612565,0.6534031413612565,0.6534031413612565,0.4722513089005236,0.6104712041884817,0.44791182508327526,0.44791182508327526,0.495095476024479,0.5017938066465257,0.503999147881323,0.5136726314974049,0.54779611124022,0.500341331629096,0.5380766325819196,0.5662650602409639,0.5662650602409639,0.7784431137724551,0.7825512227362855,0.7903736542115263,0.7903736542115263,0.7903736542115263,0.5662650602409639,0.7219730941704036
0.6020942408376964,0.6020942408376964,0.6523560209424084,0.6523560209424084,0.6534031413612565,0.6534031413612565,0.6534031413612565,0.5570680628272251,0.5821989528795811,0.5210269966689905,0.5210269966689905,0.5198601750716554,0.5346391083740026,0.5398196026028352,0.5509552444031296,0.5630422573398404,0.5198601750716554,0.49941900999302813,0.7205882352941176,0.7205882352941176,0.7896070975918885,0.7896070975918885,0.7903736542115263,0.7903736542115263,0.7903736542115263,0.6489626556016598,0.7064017660044151
0.6167539267015707,0.6136125654450262,0.650261780104712,0.6513089005235602,0.6523560209424084,0.6513089005235602,0.6523560209424084,0.6157068062827226,0.6450261780104712,0.5315356534200946,0.5454455225036796,0.5769109729645984,0.5905666589201333,0.6022857115190953,0.6128694128127663,0.6212259857463784,0.5620787822449455,0.5694839840421411,0.7340116279069767,0.7219291635267521,0.7864450127877238,0.7877629063097514,0.7885350318471338,0.7885714285714286,0.7893401015228426,0.7130570758405004,0.7501842299189388
0.5916230366492147,0.5916230366492147,0.650261780104712,0.650261780104712,0.6534031413612565,0.6534031413612565,0.6534031413612565,0.5497382198952879,0.6083769633507854,0.4967004609187389,0.4967004609187389,0.48650166550468665,0.5026289797815477,0.5233993725307925,0.5465881361840577,0.5692346424974823,0.4885980711131769,0.5336369006119761,0.7206303724928367,0.7206303724928367,0.7880710659898477,0.7880710659898477,0.7903736542115263,0.7903736542115263,0.7903736542115263,0.6587301587301587,0.7217261904761905
0.618848167539267,0.6104712041884817,0.6565445026178011,0.6544502617801047,0.6534031413612565,0.6534031413612565,0.6534031413612565,0.6041884816753926,0.6261780104712041,0.5515798086606244,0.5643204353551786,0.5757272058253932,0.576760883879464,0.5735751220079015,0.568121078317453,0.5606142032690371,0.5748121465644124,0.5266892284452707,0.7254901960784313,0.7056962025316456,0.7902813299232737,0.7908745247148289,0.7903736542115263,0.7903736542115263,0.7903736542115263,0.686046511627907,0.7484143763213531
0.5591623036649215,0.5591623036649215,0.6429319371727749,0.6429319371727749,0.6534031413612565,0.6534031413612565,0.6534031413612565,0.4952879581151832,0.5465968586387434,0.4697328414284607,0.4697328414284607,0.44071723216360675,0.4483282012549384,0.45442859632814314,0.4640681888604849,0.47944505771167406,0.45451574482918883,0.47572188008366256,0.6929248723559446,0.6929248723559446,0.7821086261980831,0.7821086261980831,0.7903736542115263,0.7903736542115263,0.7903736542115263,0.5859106529209622,0.6707224334600761
0.6481675392670158,0.6230366492146597,0.6649214659685864,0.6596858638743456,0.6554973821989529,0.6565445026178011,0.6554973821989529,0.5947643979057592,0.6041884816753926,0.5853643775660392,0.5909588271748392,0.6210710550778529,0.6223032380509722,0.6207539313657138,0.6137651057401812,0.6055102060577892,0.6115186110465567,0.5268853125726237,0.745839636913767,0.7068403908794788,0.7948717948717948,0.792332268370607,0.7908455181182454,0.7916137229987293,0.7911111111111111,0.6678111587982832,0.72
0.612565445026178,0.5769633507853403,0.6607329842931937,0.6607329842931937,0.6607329842931937,0.6575916230366492,0.6544502617801047,0.5549738219895288,0.6356020942408377,0.5772716709272601,0.5486094972499806,0.5672883259741265,0.5625459950422186,0.560478638934077,0.5555111743744674,0.5517395809125416,0.5783658687737238,0.5438308544426369,0.700162074554295,0.6644518272425249,0.7931034482758621,0.7933673469387755,0.7938931297709924,0.7923809523809524,0.7908745247148289,0.6275197195442594,0.7514285714285714
0.6356020942408377,0.6356020942408377,0.6534031413612565,0.6534031413612565,0.6523560209424084,0.6534031413612565,0.6534031413612565,0.581151832460733,0.6104712041884817,0.5509237741110853,0.5509237741110853,0.5747298396467582,0.5781068440622822,0.5812175613912773,0.5843040708033155,0.5893538422805794,0.5696607018359284,0.5444602602835231,0.7478260869565218,0.7478260869565218,0.7898412698412698,0.7898412698412698,0.7896070975918885,0.7903736542115263,0.7903736542115263,0.6830427892234548,0.7181818181818181
0.5738219895287958,0.5476439790575917,0.6638743455497382,0.6607329842931937,0.6534031413612565,0.6534031413612565,0.6534031413612565,0.5246073298429319,0.6178010471204188,0.5681937020683244,0.5524174025873422,0.5783779727322023,0.5695759741265783,0.5665015686730188,0.5588446045394685,0.5316978464637074,0.561817336741808,0.5195696800681695,0.6426690079016681,0.6079854809437386,0.7938342967244701,0.7936305732484077,0.7903736542115263,0.7903736542115263,0.7903736542115263,0.5634615384615385,0.7416843595187544
0.5078534031413613,0.543455497382199,0.6356020942408377,0.6481675392670158,0.6481675392670158,0.6523560209424084,0.6534031413612565,0.4722513089005236,0.4963350785340314,0.4666439112247269,0.47402732589666124,0.43960366798357736,0.42542751181346355,0.41177182585792854,0.3997017584630878,0.39349726934696727,0.43552463397629565,0.442225385390038,0.6147540983606558,0.667175572519084,0.7760617760617761,0.7859872611464969,0.7862595419847328,0.7893401015228426,0.7898412698412698,0.5677530017152659,0.6161213088587391
0.6376963350785341,0.6376963350785341,0.6565445026178011,0.6554973821989529,0.6534031413612565,0.6534031413612565,0.6534031413612565,0.5528795811518324,0.6429319371727749,0.5922466883569603,0.5922466883569603,0.6509460453946859,0.6515004066930048,0.6534152529243163,0.6530642381284375,0.646237605546518,0.6509460453946859,0.5863230110775428,0.7275590551181103,0.7275590551181103,0.7918781725888325,0.7913760304375397,0.7903736542115263,0.7903736542115263,0.7903736542115263,0.605724838411819,0.7382962394474291
0.6,0.5706806282722513,0.6492146596858639,0.6471204188481675,0.6450261780104712,0.6471204188481675,0.6397905759162303,0.5602094240837696,0.574869109947644,0.5187151405995817,0.49131419939577037,0.47525224649469366,0.4531479975211093,0.43303848090479513,0.41457268184987217,0.40291899062669456,0.46305145634828415,0.4803334882640019,0.7191176470588235,0.6953937592867756,0.7851186658114175,0.7843889955214332,0.7833865814696486,0.7846645367412141,0.7794871794871795,0.6827794561933535,0.7079136690647482
0.618848167539267,0.618848167539267,0.6492146596858639,0.6492146596858639,0.6534031413612565,0.6534031413612565,0.6534031413612565,0.5717277486910994,0.6230366492146597,0.526754589821055,0.526754589821055,0.5492703733829112,0.5509455612363467,0.5539570261058178,0.5571258424355101,0.559183515376869,0.545842532341777,0.5391805135951662,0.7392550143266475,0.7392550143266475,0.7873015873015873,0.7873015873015873,0.7903736542115263,0.7903736542115263,0.7903736542115263,0.6766798418972332,0.7379912663755459
0.6617801047120419,0.6481675392670158,0.6565445026178011,0.6617801047120419,0.6617801047120419,0.6586387434554973,0.6586387434554973,0.6261780104712041,0.6020942408376964,0.6234434309396545,0.5761435819970564,0.6787076845611587,0.6738055813773337,0.66017168254706,0.6364212952203888,0.6082142303819041,0.6735586606243705,0.5550730110775428,0.7430389817024662,0.7507418397626113,0.7872892347600519,0.7930813581037797,0.794136392606756,0.7928843710292249,0.7928843710292249,0.695132365499573,0.6993670886075949
0.4586387434554974,0.44712041884816756,0.6178010471204188,0.650261780104712,0.6534031413612565,0.6534031413612565,0.6534031413612565,0.44607329842931936,0.5717277486910994,0.43253011464869473,0.43861114338833374,0.4225879231543884,0.43101711983887214,0.43708362382833676,0.44818537454489116,0.47111753427841047,0.42355139824928334,0.48785972964598345,0.5554600171969045,0.5243243243243243,0.7565043362241495,0.7850707850707851,0.7903736542115263,0.7903736542115263,0.7903736542115263,0.5069897483690587,0.6990434142752023
0.5759162303664922,0.5727748691099477,0.6544502617801047,0.6523560209424084,0.6523560209424084,0.6534031413612565,0.6534031413612565,0.5287958115183246,0.6513089005235602,0.5343316678286466,0.5290906538074212,0.5521099620419863,0.5668017468432875,0.5805954179254783,0.5960545936943218,0.6112983190022465,0.5604859013091642,0.5558500852118677,0.6736502820306205,0.6725521669341894,0.7870967741935484,0.7893401015228426,0.7893401015228426,0.7903736542115263,0.7903736542115263,0.599644128113879,0.7646643109540636
0.5392670157068062,0.5225130890052356,0.6345549738219896,0.6408376963350786,0.6534031413612565,0.6523560209424084,0.650261780104712,0.5277486910994764,0.5267015706806283,0.492810248663723,0.47573398404214107,0.49540533736153075,0.47926591912619104,0.46514544116507867,0.4539371756139128,0.44683215198698584,0.4880485513982494,0.47468336044620035,0.6463022508038585,0.632258064516129,0.7714472822527833,0.776255707762557,0.7863137508069722,0.7866323907455013,0.785622593068036,0.6148590947907772,0.6401273885350318
0.556020942408377,0.556020942408377,0.6638743455497382,0.6565445026178011,0.6565445026178011,0.6534031413612565,0.6534031413612565,0.5246073298429319,0.625130890052356,0.5801064180029437,0.5801064180029437,0.6508734216438145,0.6379221860717329,0.6328893601363389,0.6268833759392672,0.6099475172360369,0.6333468897668293,0.5627711286699202,0.5961904761904762,0.5961904761904762,0.7895081967213115,0.787012987012987,0.7918781725888325,0.7903736542115263,0.7903736542115263,0.536734693877551,0.7275494672754946
0.6429319371727749,0.6376963350785341,0.6544502617801047,0.6565445026178011,0.6534031413612565,0.6534031413612565,0.6534031413612565,0.6429319371727749,0.6575916230366492,0.5912880548454567,0.610688279494926,0.642979219924084,0.6532603222557904,0.6601160043380587,0.6514205205670462,0.6200252730653033,0.643209195135177,0.5642042373537842,0.7354538401861909,0.715927750410509,0.7887323943661971,0.7910828025477707,0.7898412698412698,0.7903736542115263,0.7903736542115263,0.7057808455565142,0.7682494684620836
0.5162303664921466,0.5162303664921466,0.6450261780104712,0.6523560209424084,0.6534031413612565,0.6534031413612565,0.6534031413612565,0.4942408376963351,0.5947643979057592,0.48653071500503525,0.48653071500503525,0.49494296614764893,0.5107773646293283,0.5247308079634363,0.5477452746146099,0.5808011852196143,0.49494296614764893,0.5147087303431714,0.611764705882353,0.611764705882353,0.7797270955165692,0.7890724269377383,0.7903736542115263,0.7903736542115263,0.7903736542115263,0.56289592760181,0.7143911439114391
0.6376963350785341,0.6356020942408377,0.6554973821989529,0.6554973821989529,0.6513089005235602,0.650261780104712,0.6523560209424084,0.587434554973822,0.6481675392670158,0.5418869587109768,0.543121562475792,0.5090053451080642,0.5271249709504997,0.5434096366875825,0.5567215702223256,0.5666443953830661,0.5258976295607716,0.5584112828259353,0.7549575070821529,0.7517831669044223,0.790044671346522,0.790044671346522,0.7874920229738354,0.7864450127877238,0.7871794871794872,0.6978527607361963,0.759656652360515
0.5403141361256545,0.5350785340314136,0.6513089005235602,0.6586387434554973,0.6565445026178011,0.6575916230366492,0.6565445026178011,0.5225130890052356,0.5738219895287958,0.49148365481447054,0.47896574095592226,0.4757315632504454,0.49149091718955773,0.5099131419939577,0.5318455147571463,0.5538166201874661,0.48496446277790684,0.5213804322565652,0.6490807354116707,0.6503937007874016,0.7839065541855937,0.7918263090676884,0.7908163265306123,0.7918523233609166,0.7916137229987293,0.6218905472636815,0.6797797010228167
0.587434554973822,0.587434554973822,0.6523560209424084,0.6523560209424084,0.6523560209424084,0.6534031413612565,0.6534031413612565,0.5738219895287958,0.5916230366492147,0.5197391354868697,0.5197391354868697,0.5739842358044775,0.5706169145557363,0.5611758269424433,0.5461814431791774,0.5253069563870169,0.580479219924084,0.53500222712836,0.701062215477997,0.701062215477997,0.7890724269377383,0.7890724269377383,0.7896070975918885,0.7903736542115263,0.7903736542115263,0.6571187868576243,0.6972049689440993
0.5685863874345549,0.5979057591623037,0.6450261780104712,0.6481675392670158,0.6513089005235602,0.6534031413612565,0.6534031413612565,0.5528795811518324,0.6376963350785341,0.5436178247734139,0.5582515105740181,0.538405860252537,0.5597524014253621,0.5814911108528933,0.6031354094042916,0.6240946239058021,0.5567748276396313,0.5482705864125803,0.6543624161073825,0.6908212560386473,0.7825529185375241,0.7862595419847328,0.7885714285714286,0.7903736542115263,0.7903736542115263,0.6244503078276166,0.7517934002869441
0.606282722513089,0.606282722513089,0.6712041884816754,0.6565445026178011,0.6534031413612565,0.6534031413612565,0.6534031413612565,0.6209424083769634,0.5947643979057592,0.5596967232163608,0.5596967232163608,0.6435529475559687,0.6362687853435587,0.6292315438841118,0.6112039081261136,0.5751268494848555,0.6446011503602138,0.5303131536137579,0.7025316455696202,0.7025316455696202,0.7934210526315789,0.7872892347600519,0.7903736542115263,0.7903736542115263,0.7903736542115263,0.6841186736474695,0.7048054919908466
0.5036649214659686,0.5036649214659686,0.6670157068062827,0.6607329842931937,0.6534031413612565,0.6534031413612565,0.6534031413612565,0.4513089005235602,0.5413612565445026,0.4896825857928576,0.4896825857928576,0.5282748470059648,0.5283983073824463,0.5288921488883724,0.5290737082655512,0.5282675846308778,0.5282748470059648,0.5043429003021148,0.5849387040280211,0.5849387040280211,0.7969348659003831,0.7938931297709924,0.7903736542115263,0.7903736542115263,0.7903736542115263,0.4609053497942387,0.6403940886699507
0.5654450261780105,0.5958115183246073,0.6607329842931937,0.6638743455497382,0.6670157068062827,0.669109947643979,0.6785340314136126,0.5937172774869109,0.6607329842931937,0.49014495700673943,0.5098356766596948,0.5301219110697962,0.5632625493841507,0.5991870981485785,0.6278613757843365,0.6471575063908901,0.5375004841583392,0.5531315361375784,0.6886721680420105,0.7186588921282799,0.7901554404145078,0.7919637070641607,0.7945736434108527,0.7961290322580645,0.8010369410239793,0.7125925925925926,0.7768595041322314
0.5780104712041885,0.5769633507853403,0.6712041884816754,0.6575916230366492,0.6554973821989529,0.6534031413612565,0.6534031413612565,0.581151832460733,0.6418848167539267,0.5458643194670385,0.5493187892168254,0.6191804167634982,0.6261886087225967,0.6320687117514913,0.6372976218142381,0.637094275311798,0.6113031605856379,0.5443827949492602,0.6683127572016461,0.6638935108153078,0.7987179487179488,0.7923809523809524,0.7913760304375397,0.7903736542115263,0.7903736542115263,0.6649916247906198,0.7588152327221439
0.6282722513089005,0.6293193717277487,0.6659685863874345,0.6659685863874345,0.6659685863874345,0.6670157068062827,0.675392670157068,0.5937172774869109,0.6146596858638743,0.5687214346579905,0.5702320086761175,0.6367505228910062,0.6424635912928964,0.6458236501665505,0.6473560113099388,0.6444728484003409,0.6314320435355179,0.5540490161902549,0.7283856159143076,0.7289433384379785,0.7940606843124597,0.7951188182402055,0.7951188182402055,0.7956298200514139,0.7992227979274611,0.6876006441223832,0.7182235834609495
0.5382198952879581,0.5382198952879581,0.6680628272251309,0.6575916230366492,0.6534031413612565,0.6534031413612565,0.6534031413612565,0.5047120418848168,0.5895287958115183,0.5281828569215277,0.5281828569215277,0.5339903361995507,0.537689305910605,0.5378636029126965,0.5390013750096831,0.5406378301959873,0.5339903361995507,0.5227602835231234,0.6134969325153374,0.6134969325153374,0.7942894224529526,0.7915869980879541,0.7903736542115263,0.7903736542115263,0.7903736542115263,0.5473684210526316,0.7021276595744681
0.587434554973822,0.587434554973822,0.6492146596858639,0.6492146596858639,0.650261780104712,0.6534031413612565,0.6534031413612565,0.5403141361256545,0.5790575916230366,0.5069718800836626,0.5069718800836626,0.5204750561623673,0.5201700364087072,0.518131729800914,0.5154325470601906,0.5116875823069177,0.5198238631962196,0.5133288790766133,0.7090103397341211,0.7090103397341211,0.7870311506675143,0.7870311506675143,0.7880710659898477,0.7903736542115263,0.7903736542115263,0.6199134199134199,0.6931297709923664
0.6293193717277487,0.6146596858638743,0.6523560209424084,0.6523560209424084,0.6544502617801047,0.6534031413612565,0.6534031413612565,0.5821989528795811,0.6617801047120419,0.567394840808738,0.5930600743667208,0.6150432837555194,0.6285246727089628,0.6407593539391122,0.6491861298319002,0.64886416453637,0.6164836548144704,0.5695372414594468,0.730593607305936,0.6923076923076923,0.7888040712468194,0.7890724269377383,0.7908745247148289,0.7903736542115263,0.7903736542115263,0.6440677966101694,0.7707594038325053
0.5842931937172775,0.5842931937172775,0.6544502617801047,0.6544502617801047,0.6523560209424084,0.6534031413612565,0.6544502617801047,0.5308900523560209,0.5497382198952879,0.5598928073437137,0.5598928073437137,0.5553852932062902,0.5468108490200635,0.538141993957704,0.5241086644976373,0.5065797118289566,0.5631342474242776,0.5100438647455263,0.6677824267782427,0.6677824267782427,0.7903430749682337,0.7903430749682337,0.7893401015228426,0.7901077996195307,0.7908745247148289,0.5717017208413002,0.6498371335504886
0.5602094240837696,0.562303664921466,0.6628272251308901,0.6575916230366492,0.6575916230366492,0.6575916230366492,0.6575916230366492,0.5172774869109947,0.5801047120418849,0.5315332326283988,0.5395194244325665,0.5382702959175769,0.5355662715934619,0.5305891238670696,0.5261469711054303,0.5203806452862344,0.5523229917112094,0.5034907816252228,0.65,0.6469594594594594,0.7933247753530167,0.7918523233609166,0.7921169739351558,0.7923809523809524,0.7923809523809524,0.5580057526366251,0.7009694258016406
0.4586387434554974,0.4586387434554974,0.6607329842931937,0.6628272251308901,0.6534031413612565,0.6534031413612565,0.6534031413612565,0.38848167539267014,0.5256544502617801,0.4304022387481602,0.4304022387481602,0.42037289875280814,0.42710269966689907,0.435197827097374,0.4528453985591448,0.48562775970253313,0.42037289875280814,0.47388207839491836,0.5577416595380668,0.5577416595380668,0.7928388746803069,0.7946428571428571,0.7903736542115263,0.7903736542115263,0.7903736542115263,0.42178217821782177,0.6390438247011953
0.6544502617801047,0.6544502617801047,0.6575916230366492,0.6544502617801047,0.6534031413612565,0.6534031413612565,0.6534031413612565,0.6115183246073298,0.5979057591623037,0.5554167634983345,0.5554167634983345,0.5817767642729879,0.5789807498644357,0.5763614532496708,0.5672907467658224,0.5498900960570146,0.5817767642729879,0.5305891238670695,0.7685834502103787,0.7685834502103787,0.7921169739351558,0.7906091370558376,0.7903736542115263,0.7903736542115263,0.7903736542115263,0.7034372501998402,0.7090909090909091
0.4806282722513089,0.4848167539267016,0.618848167539267,0.6397905759162303,0.6408376963350786,0.6534031413612565,0.6534031413612565,0.46910994764397906,0.5916230366492147,0.45006632969246263,0.45043429003021146,0.43086218917034624,0.4440288752033465,0.45833333333333337,0.48020034472073747,0.5129681811139515,0.43811488109071195,0.504502672554032,0.5803722504230119,0.5879396984924623,0.7547169811320755,0.774869109947644,0.7808306709265176,0.7903736542115263,0.7903736542115263,0.5633074935400517,0.7161572052401747
0.5287958115183246,0.5214659685863874,0.6460732984293194,0.6523560209424084,0.6492146596858639,0.6492146596858639,0.6513089005235602,0.49947643979057593,0.5664921465968586,0.4663558370129367,0.4628747385544968,0.48125096831667835,0.4806481911844449,0.4785880974513905,0.4769032264311721,0.4761866720892401,0.46520354016577575,0.4753418157874351,0.6500777604976672,0.6410054988216811,0.7833333333333333,0.7879948914431673,0.7856685860524633,0.7853939782190903,0.7858520900321544,0.603648424543947,0.6995645863570392
0.6335078534031413,0.6335078534031413,0.6554973821989529,0.6544502617801047,0.6554973821989529,0.6534031413612565,0.6534031413612565,0.581151832460733,0.6293193717277487,0.572018552947556,0.572018552947556,0.6349421914943063,0.6355449686265398,0.6333008947246107,0.627950945077078,0.6196161592687273,0.6246126733286854,0.5780342203114106,0.7336377473363774,0.7336377473363774,0.7905792488860598,0.7900763358778626,0.7913760304375397,0.7903736542115263,0.7903736542115263,0.6515679442508711,0.7242990654205608
0.4869109947643979,0.4869109947643979,0.6429319371727749,0.6471204188481675,0.6534031413612565,0.6544502617801047,0.6565445026178011,0.4481675392670157,0.6010471204188481,0.4690598613370517,0.4690598613370517,0.4749157564489891,0.5031034549539081,0.5342929351615152,0.5662861182121001,0.595923870942753,0.48417528468510346,0.5585274808273297,0.573170731707317,0.573170731707317,0.7821086261980831,0.7849393746011487,0.789574062301335,0.7895408163265306,0.7910828025477707,0.4327233584499462,0.6954436450839329
0.6261780104712041,0.6272251308900524,0.6670157068062827,0.6628272251308901,0.6628272251308901,0.6575916230366492,0.6575916230366492,0.6020942408376964,0.6408376963350786,0.5500958633511503,0.5530250213029668,0.5881313424742428,0.5929003021148037,0.5969357618715625,0.6015062165930745,0.6022493996436595,0.5720137113641646,0.5662788558370129,0.7361419068736141,0.7359050445103857,0.7969348659003831,0.7949044585987262,0.7949044585987262,0.7923809523809524,0.7923809523809524,0.6940418679549114,0.7464892830746489
0.5612565445026177,0.5926701570680628,0.6554973821989529,0.6523560209424084,0.6513089005235602,0.6513089005235602,0.6523560209424084,0.5392670157068062,0.5916230366492147,0.5117650476411806,0.540768552947556,0.5287154310945852,0.531770470214579,0.5314533465024401,0.5317051088387946,0.5346221628321326,0.5263648423580448,0.5186885118909288,0.6671961874503575,0.6949019607843138,0.7876049063912202,0.7869062901155327,0.7883026064844246,0.7888395688015218,0.7896070975918885,0.6333333333333333,0.7076461769115442
0.5675392670157068,0.5675392670157068,0.6628272251308901,0.6680628272251309,0.6534031413612565,0.6534031413612565,0.6534031413612565,0.49947643979057593,0.5675392670157068,0.5640953017274769,0.5640953017274769,0.5938831435432645,0.5840474668835696,0.5697720582539314,0.550960085986521,0.5251955999690139,0.5938831435432645,0.5151541560151832,0.6348364279398763,0.6348364279398763,0.7917205692108668,0.7971849008317339,0.7903736542115263,0.7903736542115263,0.7903736542115263,0.49256900212314225,0.6745468873128447
0.5769633507853403,0.5769633507853403,0.6471204188481675,0.6534031413612565,0.6534031413612565,0.6534031413612565,0.6534031413612565,0.5089005235602094,0.5455497382198953,0.5159820667751182,0.5159820667751182,0.5142487799209854,0.514183418545201,0.5131231117824773,0.5118400921837478,0.5112905724688203,0.5142487799209854,0.46428121852970794,0.6882716049382716,0.6882716049382716,0.7827208252740168,0.7887683471601787,0.7903736542115263,0.7903736542115263,0.7903736542115263,0.5875109938434476,0.6770833333333334
0.6397905759162303,0.6324607329842932,0.6366492146596858,0.6544502617801047,0.6523560209424084,0.6513089005235602,0.6534031413612565,0.6,0.6450261780104712,0.5846284568905414,0.5882402781005499,0.6485349368657527,0.6575959601828181,0.6638706522581145,0.6672161863815942,0.6670539933379812,0.6541172825160741,0.5822512394453482,0.7349768875192604,0.7225296442687748,0.7756948933419522,0.7900763358778626,0.7890724269377383,0.7888395688015218,0.7903736542115263,0.6848184818481848,0.7433762301286904
0.6230366492146597,0.6230366492146597,0.6837696335078534,0.6712041884816754,0.6534031413612565,0.6534031413612565,0.6534031413612565,0.5717277486910994,0.669109947643979,0.6001796227438222,0.6001796227438222,0.6570779107599349,0.6614450189790069,0.6651100976063211,0.6677899140134791,0.6664439538306608,0.6570779107599349,0.5964249748237664,0.7004991680532446,0.7004991680532446,0.8051612903225807,0.7989756722151088,0.7903736542115263,0.7903736542115263,0.7903736542115263,0.6078619367209971,0.7669616519174042
0.5884816753926702,0.5853403141361256,0.6649214659685864,0.6586387434554973,0.6586387434554973,0.6565445026178011,0.6554973821989529,0.5518324607329843,0.574869109947644,0.49500590673173755,0.49402064451158106,0.5127696761949028,0.512307304981021,0.5141350027112868,0.5173643388333721,0.519121833604462,0.5111308002169029,0.5016122472693471,0.7174694464414091,0.7138728323699421,0.7959183673469388,0.7928843710292249,0.7928843710292249,0.7918781725888325,0.7913760304375397,0.6692426584234931,0.6947368421052632
0.6136125654450262,0.6167539267015707,0.6565445026178011,0.6554973821989529,0.6586387434554973,0.6534031413612565,0.6534031413612565,0.6115183246073298,0.606282722513089,0.5404804787357658,0.5414657409559223,0.5747249980633666,0.5727907854984894,0.5651798164071579,0.5594812727554419,0.5524585560461694,0.5889084166085676,0.5206856650398947,0.7248322147651006,0.728486646884273,0.788931788931789,0.7884244372990353,0.7912932138284251,0.7901077996195307,0.7903736542115263,0.7191521574564723,0.7263464337700145
0.5727748691099477,0.5455497382198953,0.6544502617801047,0.6544502617801047,0.6544502617801047,0.6534031413612565,0.6534031413612565,0.4963350785340314,0.5685863874345549,0.5468229529785421,0.5146409481756914,0.5426107754279961,0.5252900108451468,0.5059769346967231,0.48590857153923617,0.46164255558137735,0.5364595437291811,0.4882930513595166,0.6588628762541806,0.6389351081530782,0.7908745247148289,0.7908745247148289,0.7908745247148289,0.7903736542115263,0.7903736542115263,0.5533890436397401,0.6943620178041543
0.6136125654450262,0.6136125654450262,0.6492146596858639,0.6492146596858639,0.6534031413612565,0.6534031413612565,0.6534031413612565,0.5780104712041885,0.6010471204188481,0.539061894802076,0.539061894802076,0.5413447013711364,0.5434967851886281,0.5445498295762646,0.5448693740800992,0.5443004880316058,0.5453244829188938,0.5067491672476566,0.7256505576208179,0.7256505576208179,0.7848426461143224,0.7851186658114175,0.7903736542115263,0.7903736542115263,0.7903736542115263,0.6788844621513944,0.7272727272727273
0.6523560209424084,0.6680628272251309,0.6617801047120419,0.6628272251308901,0.6575916230366492,0.6617801047120419,0.6565445026178011,0.6534031413612565,0.606282722513089,0.6063018049422884,0.6183210357115191,0.6761053334882641,0.6670515725462856,0.6492635951661632,0.6269729452320087,0.6030046866527229,0.6854205399333799,0.5313250445425672,0.7398119122257053,0.7544539116963594,0.7906675307841866,0.7911802853437094,0.7878001297858533,0.7901234567901234,0.7867360208062418,0.734136546184739,0.7202380952380952
0.6157068062827226,0.6209424083769634,0.6513089005235602,0.6523560209424084,0.6544502617801047,0.6586387434554973,0.6680628272251309,0.618848167539267,0.650261780104712,0.5222228677666744,0.5276478619567744,0.5731708497947169,0.594560965218065,0.6140096057014486,0.6305411921914944,0.6427444031295995,0.6110441358741963,0.5827111898675343,0.7376697641172266,0.7414285714285714,0.7874920229738354,0.7882653061224489,0.789002557544757,0.7907573812580231,0.7948220064724919,0.7311669128508124,0.75
0.643979057591623,0.643979057591623,0.6429319371727749,0.6387434554973822,0.6534031413612565,0.6534031413612565,0.6534031413612565,0.612565445026178,0.6146596858638743,0.6282632272058254,0.6282632272058254,0.6440153187698504,0.6472785459756759,0.6471163529320629,0.6407545123557209,0.6192433573475871,0.6501883375939267,0.5476653884886513,0.7138047138047138,0.7138047138047138,0.7801418439716312,0.7789878283151825,0.7903736542115263,0.7903736542115263,0.7903736542115263,0.6574074074074074,0.7220543806646526
0.6115183246073298,0.612565445026178,0.643979057591623,0.6523560209424084,0.6523560209424084,0.650261780104712,0.650261780104712,0.5821989528795811,0.6240837696335079,0.5310757029979084,0.5403884886513286,0.5618609109923309,0.568844895034472,0.5723211519095206,0.5723453598264776,0.5691934890386552,0.5479534627004415,0.5314702920443102,0.7274063188831741,0.7234678624813154,0.7831632653061225,0.7893401015228426,0.7890724269377383,0.787531806615776,0.7872611464968153,0.6860739575137687,0.7433881343817013
0.6282722513089005,0.6282722513089005,0.6869109947643979,0.6607329842931937,0.6534031413612565,0.6534031413612565,0.6534031413612565,0.5832460732984294,0.6963350785340314,0.6261740839724224,0.6261740839724224,0.6822323572701217,0.690024885738632,0.6935592416143777,0.6973017855759547,0.6891364551863042,0.6822323572701217,0.6435021109303586,0.6899563318777293,0.6899563318777293,0.8041912246234446,0.7931034482758621,0.7903736542115263,0.7903736542115263,0.7903736542115263,0.5995975855130785,0.7782874617737003
0.6230366492146597,0.6230366492146597,0.6554973821989529,0.6554973821989529,0.6534031413612565,0.6534031413612565,0.6534031413612565,0.5853403141361256,0.5863874345549738,0.5271225501588039,0.5271225501588039,0.5353653458827176,0.5240989813308544,0.5149725966380044,0.501065148346115,0.48383879463939883,0.5353653458827176,0.49624051049655277,0.7443181818181818,0.7443181818181818,0.7913760304375397,0.7913760304375397,0.7903736542115263,0.7903736542115263,0.7903736542115263,0.6881889763779527,0.7139753801593048
0.5863874345549738,0.5863874345549738,0.6534031413612565,0.6534031413612565,0.6534031413612565,0.6534031413612565,0.6534031413612565,0.5329842931937173,0.5727748691099477,0.5352515686730188,0.5352515686730188,0.5511125958633512,0.5497182198466186,0.5457553838407313,0.5434411069796266,0.5398462313114882,0.543898636610117,0.5071026028352312,0.6892210857592447,0.6892210857592447,0.7903736542115263,0.7903736542115263,0.7903736542115263,0.7903736542115263,0.7903736542115263,0.5952813067150635,0.6880733944954128
0.6094240837696335,0.6094240837696335,0.6575916230366492,0.6575916230366492,0.6534031413612565,0.6534031413612565,0.6534031413612565,0.5591623036649215,0.5581151832460733,0.5699027810055001,0.5699027810055001,0.6270068363157486,0.6134963978619568,0.6012447710899372,0.5788960221550856,0.5499094623905801,0.6270068363157486,0.5072333255867999,0.7004016064257028,0.7004016064257028,0.7921169739351558,0.7921169739351558,0.7903736542115263,0.7903736542115263,0.7903736542115263,0.6190045248868778,0.6656101426307448
0.6418848167539267,0.6418848167539267,0.6628272251308901,0.6534031413612565,0.6534031413612565,0.6534031413612565,0.6534031413612565,0.5727748691099477,0.643979057591623,0.6089283639321403,0.6089283639321403,0.6315167712448678,0.6389147106669766,0.6479491052753893,0.6584069254008832,0.6674388992176002,0.6248620148733441,0.5942172127972731,0.7233009708737864,0.7233009708737864,0.7946428571428571,0.7901077996195307,0.7903736542115263,0.7903736542115263,0.7903736542115263,0.620817843866171,0.735202492211838
0.562303664921466,0.5507853403141362,0.6460732984293194,0.6513089005235602,0.6554973821989529,0.6534031413612565,0.6534031413612565,0.5361256544502618,0.5769633507853403,0.47284597954915175,0.4846013440235495,0.43506468355410954,0.4450577116740259,0.4597422341002401,0.47932643891858395,0.5038684251297545,0.43336770857541246,0.48690109613447985,0.6953352769679301,0.6707597851112816,0.7819354838709678,0.7864015394483643,0.7903123008285532,0.789574062301335,0.7901077996195307,0.6486915146708961,0.706821480406386
0.5832460732984294,0.5759162303664922,0.6397905759162303,0.6450261780104712,0.6460732984293194,0.650261780104712,0.6523560209424084,0.5518324607329843,0.5581151832460733,0.5214990510496553,0.5208551204585947,0.5417586567511039,0.5368081377333642,0.5287323766364551,0.5187078782244946,0.5050134596018282,0.5267909016964909,0.498012530017817,0.6938461538461539,0.6833463643471462,0.777490297542044,0.7817128139085641,0.7844387755102041,0.7878017789072427,0.7896070975918885,0.6451077943615257,0.672360248447205
0.5581151832460733,0.5581151832460733,0.6240837696335079,0.6534031413612565,0.6534031413612565,0.6534031413612565,0.6534031413612565,0.5287958115183246,0.5790575916230366,0.5604302231001627,0.5604302231001627,0.5820793632349524,0.5855701448601751,0.5794963784956233,0.5697793206290185,0.5492873189247811,0.5820793632349524,0.5197125067782167,0.6205035971223022,0.6205035971223022,0.7411679884643114,0.7903736542115263,0.7903736542115263,0.7903736542115263,0.7903736542115263,0.5706106870229007,0.6888544891640866
0.5350785340314136,0.5340314136125655,0.6450261780104712,0.650261780104712,0.6523560209424084,0.6523560209424084,0.6523560209424084,0.4900523560209424,0.5340314136125655,0.46903565342009446,0.45688569989929506,0.3876026415678984,0.3825213997985901,0.3746707723293826,0.37075393136571383,0.37306094585173133,0.3739130645286235,0.43773481679448445,0.6579352850539292,0.6651617757712566,0.7828315182575273,0.7878017789072427,0.7893401015228426,0.7896070975918885,0.7896070975918885,0.6075745366639806,0.67823571945047
0.6670157068062827,0.6450261780104712,0.6565445026178011,0.6565445026178011,0.6544502617801047,0.6534031413612565,0.6523560209424084,0.643979057591623,0.625130890052356,0.5763808195832365,0.5709025679758308,0.622758346889767,0.6302676427298785,0.6361404833836858,0.6348526222015649,0.6277088659075064,0.6127144821442404,0.515957858858161,0.7738264580369844,0.7494456762749445,0.7916137229987293,0.7916137229987293,0.7906091370558376,0.7903736542115263,0.7896070975918885,0.7443609022556391,0.7524204702627939
0.5445026178010471,0.5445026178010471,0.6418848167539267,0.6418848167539267,0.6513089005235602,0.6534031413612565,0.6534031413612565,0.43664921465968587,0.5853403141361256,0.4925609071190642,0.4925609071190642,0.47714046401735216,0.49584592145015105,0.5177661902548609,0.5491299674645596,0.5841685064683555,0.473840924936091,0.5280666589201333,0.655035685963521,0.655035685963521,0.7813299232736572,0.7813299232736572,0.7888395688015218,0.7903736542115263,0.7903736542115263,0.497196261682243,0.6925465838509317
0.5413612565445026,0.53717277486911,0.5989528795811518,0.6397905759162303,0.6481675392670158,0.6534031413612565,0.6534031413612565,0.5287958115183246,0.5696335078534032,0.5504468781470293,0.5479510419087458,0.5428068595553489,0.5374036524905105,0.5346342667906112,0.5243313773336432,0.5031518707878224,0.5592755054613061,0.50540804864823,0.5974264705882353,0.5914972273567468,0.7424344317417619,0.7792041078305519,0.7865311308767471,0.7903736542115263,0.7903736542115263,0.5706106870229007,0.6845740598618573
0.6,0.6,0.6492146596858639,0.6565445026178011,0.6554973821989529,0.6534031413612565,0.6534031413612565,0.5570680628272251,0.6429319371727749,0.5924815051514447,0.5924815051514447,0.6215334262917345,0.6325964443411574,0.6422626655821521,0.6506676543496785,0.6593389302037339,0.6265420443101711,0.5891601789449221,0.6684027777777778,0.6684027777777778,0.7859424920127795,0.7913486005089059,0.7911111111111111,0.7903736542115263,0.7903736542115263,0.5807730426164519,0.7366795366795367
0.5968586387434555,0.6115183246073298,0.6523560209424084,0.6607329842931937,0.6575916230366492,0.6628272251308901,0.6596858638743456,0.6052356020942409,0.6492146596858639,0.514183418545201,0.5381686226663568,0.5697284840034085,0.5784844875668138,0.5857226547370051,0.5915204508482454,0.5976716825470603,0.6066334534046014,0.5507010612750793,0.7175348495964784,0.7233407904548844,0.7789613848202397,0.7868421052631579,0.786692759295499,0.7919896640826873,0.7909967845659164,0.720533728687917,0.7645818692902319
0.5947643979057592,0.5947643979057592,0.6534031413612565,0.6534031413612565,0.6534031413612565,0.6534031413612565,0.6534031413612565,0.5256544502617801,0.6052356020942409,0.5161273142768611,0.5161273142768611,0.5187756603919745,0.521518417383221,0.5238254318692386,0.5263527383995662,0.521782283678054,0.5268223719885351,0.5099542954527849,0.7135455218356773,0.7135455218356773,0.7901077996195307,0.7901077996195307,0.7903736542115263,0.7903736542115263,0.7903736542115263,0.614468085106383,0.7309064953604568
0.6104712041884817,0.6104712041884817,0.6513089005235602,0.6513089005235602,0.6534031413612565,0.6534031413612565,0.6534031413612565,0.6282722513089005,0.6052356020942409,0.5132514137423503,0.5132514137423503,0.6145324967077234,0.6261571384305523,0.635089859787745,0.6388227205825393,0.634859884576652,0.6164521845224263,0.5291051785575955,0.7357954545454546,0.7357954545454546,0.7874920229738354,0.7877629063097514,0.7901077996195307,0.7903736542115263,0.7903736542115263,0.7250193648334624,0.7201187824795843
0.44502617801047123,0.44502617801047123,0.6481675392670158,0.6554973821989529,0.6534031413612565,0.6534031413612565,0.6534031413612565,0.4178010471204188,0.5204188481675392,0.48240326516383925,0.48240326516383925,0.4920331745293981,0.4817811216980401,0.47190671237121384,0.4581977689983732,0.4403541134092494,0.486864784259044,0.4464690332326283,0.45918367346938777,0.45918367346938777,0.7826649417852523,0.7905792488860598,0.7903736542115263,0.7903736542115263,0.7903736542115263,0.3724604966139955,0.6519756838905775
0.6282722513089005,0.6282722513089005,0.6565445026178011,0.6544502617801047,0.6544502617801047,0.6554973821989529,0.6565445026178011,0.5958115183246073,0.6261780104712041,0.5417683399178868,0.5417683399178868,0.5671818111395152,0.5898815748702455,0.607480730498102,0.6233901735223488,0.6359928150902472,0.5776953094740104,0.5784675420249439,0.7433116413593637,0.7433116413593637,0.7916137229987293,0.7906091370558376,0.7906091370558376,0.7913760304375397,0.7918781725888325,0.6877022653721683,0.7195600942655145
0.5926701570680628,0.556020942408377,0.6607329842931937,0.6617801047120419,0.6554973821989529,0.6565445026178011,0.6554973821989529,0.5486910994764398,0.650261780104712,0.5294198814780386,0.4949913819815632,0.5570725850182043,0.5761556859555349,0.5961344798202803,0.6134165117359982,0.6313206871175149,0.5419765280037183,0.5727811023317065,0.7023718439173681,0.6713178294573643,0.7923076923076923,0.7936102236421725,0.7908455181182454,0.7916137229987293,0.7908455181182454,0.647010647010647,0.7551319648093842
0.5235602094240838,0.5235602094240838,0.6,0.6534031413612565,0.6534031413612565,0.6534031413612565,0.6534031413612565,0.5235602094240838,0.5507853403141362,0.5134184483693547,0.5134184483693547,0.4876200712681075,0.48823737315051513,0.48718432876287865,0.4841970718103649,0.49320967929351617,0.4876200712681075,0.4916942636919978,0.5998240985048373,0.5998240985048373,0.736551724137931,0.7903736542115263,0.7903736542115263,0.7903736542115263,0.7903736542115263,0.5998240985048373,0.6656274356975838
0.6073298429319371,0.6073298429319371,0.6712041884816754,0.6534031413612565,0.6534031413612565,0.6534031413612565,0.6534031413612565,0.581151832460733,0.5958115183246073,0.5675909249360911,0.5675909249360911,0.5856911844449609,0.5839482144240452,0.5872283871717405,0.5855919319854365,0.5699996126733287,0.5856911844449609,0.5360794794329538,0.6987951807228916,0.6987951807228916,0.7934210526315789,0.7903736542115263,0.7903736542115263,0.7903736542115263,0.7903736542115263,0.6581196581196581,0.7026194144838213
0.6649214659685864,0.6649214659685864,0.6554973821989529,0.6554973821989529,0.6554973821989529,0.6534031413612565,0.6534031413612565,0.6136125654450262,0.6376963350785341,0.5790340072817414,0.5790340072817414,0.6388856611666279,0.6438700712681076,0.6479757339840421,0.6516262878611822,0.6522169610349369,0.6366270625145246,0.563165717716322,0.7701149425287356,0.7701149425287356,0.7913760304375397,0.7913760304375397,0.7913760304375397,0.7903736542115263,0.7903736542115263,0.7069102462271644,0.7440828402366864
0.6879581151832461,0.6879581151832461,0.6701570680628273,0.6586387434554973,0.6565445026178011,0.6544502617801047,0.6534031413612565,0.6659685863874345,0.6586387434554973,0.6448940661553955,0.64702194205593,0.7239135486869624,0.7243275040669301,0.7191494306297932,0.7067452939809435,0.6861661437756604,0.718118173367418,0.6118187892168254,0.7668231611893583,0.7657232704402516,0.7958522359040829,0.7923566878980892,0.7916137229987293,0.7908745247148289,0.7903736542115263,0.7218831734960767,0.7453125
0.49214659685863876,0.49214659685863876,0.6429319371727749,0.6670157068062827,0.6534031413612565,0.6534031413612565,0.6534031413612565,0.4261780104712042,0.5130890052356021,0.468101227825548,0.468101227825548,0.4634145751026416,0.46338068401890153,0.46088242698892246,0.4589240065070881,0.4614125803702843,0.4689025098768301,0.45220873034317144,0.5844044558697515,0.5844044558697515,0.7781392322706572,0.7969348659003831,0.7903736542115263,0.7903736542115263,0.7903736542115263,0.44421906693711966,0.6358653093187158
0.6743455497382199,0.6816753926701571,0.650261780104712,0.6544502617801047,0.6544502617801047,0.6534031413612565,0.6534031413612565,0.6869109947643979,0.6293193717277487,0.603268552947556,0.6478885854829963,0.6687993841505925,0.6625924742427762,0.6520765551165852,0.6332040630567821,0.6000319544503834,0.6650713649391896,0.5255466147648927,0.770140428677014,0.7568,0.7842377260981912,0.7895408163265306,0.7906091370558376,0.7903736542115263,0.7903736542115263,0.7555192150449714,0.7527932960893855
0.5581151832460733,0.5612565445026177,0.643979057591623,0.6481675392670158,0.6513089005235602,0.6534031413612565,0.6534031413612565,0.5570680628272251,0.6020942408376964,0.48950102641567894,0.49190487256952514,0.49611947091176695,0.49251975366023704,0.48790572468820204,0.4799776318847315,0.47245139050275,0.4967391935858703,0.506131865365249,0.6783536585365854,0.6813688212927757,0.782608695652174,0.7862595419847328,0.7888395688015218,0.7903736542115263,0.7903736542115263,0.6607858861267041,0.7289586305278174
0.5958115183246073,0.5958115183246073,0.650261780104712,0.6534031413612565,0.6534031413612565,0.6534031413612565,0.6534031413612565,0.5738219895287958,0.631413612565445,0.49777771322333253,0.49777771322333253,0.5558210357115191,0.5583362382833682,0.5659932024169184,0.5720887559067318,0.574712894104888,0.5558210357115191,0.5299863467348361,0.7254623044096729,0.7254623044096729,0.7880710659898477,0.7903736542115263,0.7903736542115263,0.7903736542115263,0.7903736542115263,0.6852281515854601,0.7531556802244039
0.5706806282722513,0.5706806282722513,0.643979057591623,0.6481675392670158,0.6534031413612565,0.6534031413612565,0.6534031413612565,0.5162303664921466,0.49947643979057593,0.549476140677047,0.549476140677047,0.5204339027035402,0.5107531567123712,0.49759857463784957,0.4726886280889302,0.4361298319002247,0.5204339027035402,0.44675710744441866,0.6531302876480541,0.6531302876480541,0.7834394904458599,0.7865311308767471,0.7903736542115263,0.7903736542115263,0.7903736542115263,0.5714285714285714,0.6176
0.5853403141361256,0.5884816753926702,0.6450261780104712,0.6554973821989529,0.6544502617801047,0.6534031413612565,0.6534031413612565,0.5790575916230366,0.6366492146596858,0.47912551320783947,0.47656431559377177,0.5130819583236502,0.5249268920907894,0.5393596521806492,0.5573509760632118,0.5784530172747695,0.53691223177628,0.5417949686265395,0.7223001402524544,0.7276507276507277,0.7833865814696486,0.7913760304375397,0.7908745247148289,0.7903736542115263,0.7903736542115263,0.7103746397694525,0.7537260468417317
0.6,0.6418848167539267,0.6565445026178011,0.6534031413612565,0.6513089005235602,0.6471204188481675,0.6356020942408377,0.6324607329842932,0.6020942408376964,0.48466912619102953,0.5266504957781393,0.5100075528700906,0.5087705283135796,0.5080902858470835,0.5073737315051514,0.5059260980711131,0.5292165349755984,0.48910885816097294,0.7376373626373627,0.7670299727520435,0.7918781725888325,0.7893061744112031,0.7874920229738354,0.7841127482383088,0.7740259740259741,0.7633175994605529,0.7379310344827587
0.6397905759162303,0.6523560209424084,0.6931937172774869,0.6827225130890052,0.675392670157068,0.6732984293193718,0.6722513089005235,0.6387434554973822,0.6575916230366492,0.6335696026028351,0.6516964908203579,0.7104152141916492,0.7065734177705477,0.699158532806569,0.6910876132930515,0.6788166201874664,0.7124365752575722,0.6017967115965606,0.7034482758620689,0.710801393728223,0.8060886829913965,0.801311475409836,0.7992227979274611,0.7981888745148771,0.7976729153199742,0.6855059252506837,0.7494252873563219
0.5267015706806283,0.5267015706806283,0.6178010471204188,0.631413612565445,0.6513089005235602,0.6534031413612565,0.6534031413612565,0.5151832460732985,0.5675392670157068,0.4817762801146487,0.4817762801146487,0.5005446781315361,0.5081798551398249,0.5152316213494461,0.5255320900147185,0.5365128011464869,0.5016146680610427,0.490328937175614,0.6343042071197411,0.6343042071197411,0.760026298487837,0.7708333333333334,0.7885714285714286,0.7903736542115263,0.7903736542115263,0.5756186984417965,0.6915608663181478
0.5172774869109947,0.5172774869109947,0.6523560209424084,0.6534031413612565,0.6534031413612565,0.6534031413612565,0.6534031413612565,0.48586387434554973,0.5308900523560209,0.45966961034936865,0.45966961034936865,0.46697071810364865,0.46201777829421337,0.4569099078162523,0.45034956232086143,0.44991624060732827,0.46697071810364865,0.4615747734138973,0.6367218282111899,0.6367218282111899,0.7885350318471338,0.7893061744112031,0.7903736542115263,0.7903736542115263,0.7903736542115263,0.5711790393013101,0.6569678407350689
0.5612565445026177,0.5602094240837696,0.6523560209424084,0.6460732984293194,0.6450261780104712,0.6534031413612565,0.6534031413612565,0.5298429319371728,0.562303664921466,0.5060907119064219,0.4925221744519327,0.5116512704314818,0.507761058176466,0.5049238903090867,0.4995812030366411,0.4902127391742195,0.51294639398869,0.48845040281973817,0.6713725490196079,0.6793893129770993,0.781578947368421,0.7836107554417413,0.7836630504148053,0.7903736542115263,0.7903736542115263,0.617872340425532,0.6852409638554217
0.5696335078534032,0.5801047120418849,0.6397905759162303,0.6460732984293194,0.6523560209424084,0.6544502617801047,0.6513089005235602,0.5664921465968586,0.6136125654450262,0.49831512897978153,0.489304942288326,0.506064083197769,0.512341196064761,0.5205646254551088,0.5307222674103339,0.5426228793864745,0.49183466961034944,0.5184924277635758,0.6893424036281179,0.7096307023895728,0.7777777777777778,0.7824967824967825,0.7871794871794872,0.789002557544757,0.7866752081998719,0.6937869822485208,0.736992159657876
0.4638743455497382,0.4638743455497382,0.631413612565445,0.6492146596858639,0.6534031413612565,0.6534031413612565,0.6534031413612565,0.4481675392670157,0.5581151832460733,0.47554758308157097,0.47554758308157097,0.46850550003873265,0.4683965644124255,0.4699119800139438,0.47201806878921687,0.48028749322178327,0.46850550003873265,0.4838266906809202,0.5160680529300568,0.5160680529300568,0.7711313394018205,0.7864882090503506,0.7903736542115263,0.7903736542115263,0.7903736542115263,0.4504692387904067,0.6822289156626506
0.556020942408377,0.5518324607329843,0.6471204188481675,0.6554973821989529,0.6565445026178011,0.6544502617801047,0.6534031413612565,0.5225130890052356,0.587434554973822,0.5035028855837014,0.5073906770470215,0.5197802889456968,0.5262704314819119,0.5315453365868774,0.5359560190564723,0.5388633898830273,0.5084146719343093,0.5197391354868697,0.665086887835703,0.6553945249597424,0.7824402840542285,0.7911111111111111,0.7918781725888325,0.7908745247148289,0.7903736542115263,0.5971731448763251,0.701062215477997
0.5863874345549738,0.5863874345549738,0.6534031413612565,0.6534031413612565,0.6534031413612565,0.6534031413612565,0.6534031413612565,0.5465968586387434,0.6167539267015707,0.5068798899992254,0.5068798899992254,0.5204363234952359,0.5363142962274382,0.5485925517081106,0.5663877914633202,0.5884218374777287,0.5204363234952359,0.5634537919281122,0.7076239822353811,0.7076239822353811,0.7903736542115263,0.7903736542115263,0.7903736542115263,0.7903736542115263,0.7903736542115263,0.6327396098388465,0.7153965785381027
0.5392670157068062,0.5392670157068062,0.6293193717277487,0.6293193717277487,0.6534031413612565,0.6534031413612565,0.6534031413612565,0.4931937172774869,0.5602094240837696,0.5169261755364475,0.5169261755364475,0.5129730226973429,0.517168254706019,0.5201894027422729,0.5254618870555428,0.5290010845146798,0.5102617359981408,0.5081265977225191,0.6258503401360545,0.6258503401360545,0.7716129032258064,0.7716129032258064,0.7903736542115263,0.7903736542115263,0.7903736542115263,0.5355086372360844,0.6682464454976303
0.5801047120418849,0.6219895287958115,0.6492146596858639,0.6523560209424084,0.6523560209424084,0.6534031413612565,0.6534031413612565,0.5549738219895288,0.5717277486910994,0.4864677744209466,0.5249026841738322,0.47484555348981333,0.46108819428305836,0.4475220776202649,0.42392420017042376,0.3934706406383143,0.49730081725927655,0.4701274304748625,0.7113030957523399,0.744153082919915,0.7845659163987139,0.7890724269377383,0.7896070975918885,0.7903736542115263,0.7903736542115263,0.6718146718146718,0.7097232079489
0.5633507853403141,0.5633507853403141,0.6429319371727749,0.6429319371727749,0.6523560209424084,0.6534031413612565,0.6534031413612565,0.5026178010471204,0.5727748691099477,0.5020189402742272,0.5020189402742272,0.502822643117205,0.5123702455651096,0.5203491749941902,0.530073495235882,0.542712448679216,0.5083468897668293,0.5219977341389728,0.6774941995359629,0.6774941995359629,0.781829814459373,0.7821086261980831,0.7896070975918885,0.7903736542115263,0.7903736542115263,0.5894554883318929,0.6777251184834123
0.6973821989528796,0.6973821989528796,0.669109947643979,0.6513089005235602,0.6534031413612565,0.6534031413612565,0.6534031413612565,0.581151832460733,0.6471204188481675,0.6591985242853823,0.6591985242853823,0.7113278526609342,0.7046004725385391,0.6932832713610659,0.6747569525137502,0.6465595708420482,0.6991222209311333,0.5795980517468433,0.7719021310181531,0.7719021310181531,0.7948051948051948,0.7885714285714286,0.7903736542115263,0.7903736542115263,0.7903736542115263,0.6153846153846154,0.7475655430711611
0.5664921465968586,0.5664921465968586,0.6534031413612565,0.6544502617801047,0.6544502617801047,0.6544502617801047,0.6534031413612565,0.5350785340314136,0.5821989528795811,0.4824347354558835,0.4824347354558835,0.5018325393136571,0.5192210860639863,0.5367669842745371,0.5580505848632736,0.5794745913703618,0.5018325393136571,0.5256628127662871,0.695139911634757,0.695139911634757,0.7898412698412698,0.7906091370558376,0.7908745247148289,0.7908745247148289,0.7903736542115263,0.6348684210526315,0.6894941634241245
0.6607329842931937,0.606282722513089,0.6848167539267016,0.6659685863874345,0.6649214659685864,0.6534031413612565,0.6534031413612565,0.5790575916230366,0.6931937172774869,0.5978169300488032,0.5703361027190332,0.6613215586025254,0.671183863970873,0.6808573475869548,0.6904872569525138,0.6910416182508328,0.6454968432876288,0.6332960531412193,0.755656108597285,0.6952998379254457,0.800794176042356,0.7959053103007038,0.7959183673469388,0.7903736542115263,0.7903736542115263,0.6610455311973018,0.7792012057272042
0.6418848167539267,0.6356020942408377,0.6471204188481675,0.6523560209424084,0.6523560209424084,0.6523560209424084,0.6534031413612565,0.5853403141361256,0.5968586387434555,0.5741730575567434,0.5821326206522581,0.583599620419862,0.5826990859090557,0.5799539081261136,0.5707403749322179,0.5542112092338678,0.5805687892168254,0.5304971337826323,0.7436281859070465,0.7306501547987616,0.7838357921744709,0.7896070975918885,0.7896070975918885,0.7896070975918885,0.7903736542115263,0.6661045531197302,0.7076689445709947
0.46910994764397906,0.46910994764397906,0.6178010471204188,0.6544502617801047,0.6534031413612565,0.6534031413612565,0.6534031413612565,0.4513089005235602,0.5769633507853403,0.4504730226973429,0.4504730226973429,0.4557890812611356,0.4711344798202804,0.4791690874583624,0.4998087574560385,0.5388706522581145,0.4557890812611356,0.5145634828414285,0.5572052401746724,0.5572052401746724,0.7561790247160989,0.7906091370558376,0.7903736542115263,0.7903736542115263,0.7903736542115263,0.5009523809523809,0.6892307692307692
0.6282722513089005,0.6282722513089005,0.650261780104712,0.650261780104712,0.6513089005235602,0.6534031413612565,0.6534031413612565,0.5602094240837696,0.6198952879581152,0.567302850724301,0.567302850724301,0.5688957316600821,0.5811376752653188,0.5934110891625997,0.603643775660392,0.6094899876055466,0.5710478154775738,0.5616018862808894,0.7292143401983219,0.7292143401983219,0.7880710659898477,0.7880710659898477,0.7888395688015218,0.7903736542115263,0.7903736542115263,0.6385542168674698,0.7209838585703305
0.5539267015706806,0.5539267015706806,0.6638743455497382,0.6628272251308901,0.6534031413612565,0.6534031413612565,0.6534031413612565,0.4931937172774869,0.5821989528795811,0.5820503137346038,0.5820503137346038,0.6047428150902471,0.6051374041366487,0.6065487256952514,0.6003466573708266,0.586013149740491,0.6047428150902471,0.5221163529320629,0.5895953757225434,0.5895953757225434,0.7946257197696737,0.7946428571428571,0.7903736542115263,0.7903736542115263,0.7903736542115263,0.47391304347826085,0.6918918918918919
0.5298429319371728,0.5319371727748691,0.6387434554973822,0.650261780104712,0.6565445026178011,0.6534031413612565,0.6534031413612565,0.4952879581151832,0.5675392670157068,0.5040403013401502,0.4829455225036796,0.5031373460376481,0.50929584011155,0.5176257843365094,0.5271612828259353,0.5354016577581533,0.4976227825548068,0.49813114881090714,0.6204564666103127,0.6421136909527622,0.7737704918032787,0.7853470437017995,0.7908163265306123,0.7903736542115263,0.7903736542115263,0.5711743772241993,0.686408504176158
0.5246073298429319,0.5246073298429319,0.6460732984293194,0.6460732984293194,0.6534031413612565,0.6534031413612565,0.6534031413612565,0.5246073298429319,0.6356020942408377,0.5489750367960338,0.5489750367960338,0.5398268649779223,0.5579706987373151,0.5698713107134556,0.5777969827252305,0.5912517429700209,0.551984080873809,0.5388658106747231,0.5634615384615385,0.5634615384615385,0.7844387755102041,0.7844387755102041,0.7903736542115263,0.7903736542115263,0.7903736542115263,0.5634615384615385,0.7538896746817539
0.5256544502617801,0.5549738219895288,0.6492146596858639,0.6492146596858639,0.6513089005235602,0.6534031413612565,0.6534031413612565,0.46596858638743455,0.5979057591623037,0.45402190332326287,0.49702726779766054,0.4646007630335424,0.4671934309396545,0.4731631032612906,0.48360639863661015,0.49926892090789377,0.4843713688124564,0.5043453210938105,0.6544622425629291,0.6682279469164715,0.7867600254614895,0.7867600254614895,0.7888395688015218,0.7903736542115263,0.7903736542115263,0.5478723404255319,0.7245337159253945
0.5549738219895288,0.5675392670157068,0.6115183246073298,0.6471204188481675,0.6450261780104712,0.6544502617801047,0.6534031413612565,0.5643979057591623,0.5884816753926702,0.4998644356650399,0.5328864551863042,0.5433926911457123,0.5516306452862344,0.5566077930126269,0.5580626888217523,0.5592658222945232,0.5427923348051747,0.5177032496707723,0.6661429693637078,0.6611977030352748,0.74949358541526,0.7810266406757634,0.7822736030828517,0.7903430749682337,0.7903736542115263,0.6492411467116358,0.7038432554634514
0.6460732984293194,0.6376963350785341,0.6554973821989529,0.6554973821989529,0.6554973821989529,0.6575916230366492,0.6607329842931937,0.618848167539267,0.6575916230366492,0.5454600472538539,0.5319568711751491,0.5497109574715314,0.5670414052211634,0.5822125067782168,0.594081648462313,0.6023704392284451,0.5467672747695406,0.5720064489890774,0.7633053221288515,0.7597222222222222,0.7911111111111111,0.7911111111111111,0.7911111111111111,0.7921169739351558,0.7931034482758621,0.7346938775510204,0.7645788336933045
0.5633507853403141,0.5633507853403141,0.6554973821989529,0.6554973821989529,0.6534031413612565,0.6534031413612565,0.6534031413612565,0.5392670157068062,0.5518324607329843,0.477193721434658,0.477193721434658,0.4716767371601209,0.4689170346270044,0.4689388217522658,0.4676993764040592,0.4670481834379115,0.4716767371601209,0.4726353706716244,0.6940572267057961,0.6940572267057961,0.7913760304375397,0.7913760304375397,0.7903736542115263,0.7903736542115263,0.7903736542115263,0.6428571428571429,0.6805970149253732
0.5821989528795811,0.5821989528795811,0.6544502617801047,0.6544502617801047,0.6534031413612565,0.6534031413612565,0.6534031413612565,0.5591623036649215,0.6,0.5206977689983732,0.5206977689983732,0.5676998605623983,0.5816121504376792,0.5903245797505616,0.6024164342706639,0.612760477186459,0.5676998605623983,0.5364474397707026,0.6928406466512702,0.6928406466512702,0.7906091370558376,0.7906091370558376,0.7903736542115263,0.7903736542115263,0.7903736542115263,0.6354978354978355,0.7083969465648855
0.4952879581151832,0.4952879581151832,0.6492146596858639,0.6492146596858639,0.6534031413612565,0.6534031413612565,0.6534031413612565,0.44293193717277485,0.5193717277486911,0.45986569447672165,0.45986569447672165,0.4549853784181579,0.44239484080873814,0.43935916802231,0.4300851150360213,0.4220069331474165,0.4549853784181579,0.45701642265086373,0.5983333333333334,0.5983333333333334,0.7870311506675143,0.7870311506675143,0.7903736542115263,0.7903736542115263,0.7903736542115263,0.502803738317757,0.642244738893219
0.5162303664921466,0.5246073298429319,0.6020942408376964,0.6209424083769634,0.6272251308900524,0.6209424083769634,0.6219895287958115,0.5235602094240838,0.5696335078534032,0.44255461306065536,0.46173212487411874,0.4278192540088311,0.44430726624835387,0.4636857037725618,0.48700761096909123,0.5053886823146642,0.44208740026338217,0.509663800449299,0.6484018264840182,0.6469673405909798,0.7473404255319149,0.7621550591327201,0.7682291666666666,0.7640156453715776,0.7645140247879973,0.6391752577319587,0.6816421378776143
0.5225130890052356,0.5225130890052356,0.6146596858638743,0.6429319371727749,0.6534031413612565,0.6534031413612565,0.6534031413612565,0.48586387434554973,0.518324607329843,0.47005964830738245,0.47005964830738245,0.44987024556510957,0.44778836470679373,0.443682701990859,0.4394051630645287,0.43838600976063213,0.44987024556510957,0.4611801843674955,0.6369426751592356,0.6369426751592356,0.7597911227154047,0.7826641172721479,0.7903736542115263,0.7903736542115263,0.7903736542115263,0.5821276595744681,0.637223974763407
0.5329842931937173,0.5329842931937173,0.6387434554973822,0.6534031413612565,0.6534031413612565,0.6534031413612565,0.6534031413612565,0.4617801047120419,0.5518324607329843,0.4603401696490821,0.4603401696490821,0.46009324889611897,0.4502551514447285,0.4455055581377334,0.43520266868076535,0.41992021070570923,0.4626617088852739,0.46270528313579673,0.6610942249240122,0.6610942249240122,0.7740667976424361,0.7884984025559105,0.7903736542115263,0.7903736542115263,0.7903736542115263,0.5410714285714285,0.6871345029239766
0.5507853403141362,0.5706806282722513,0.6523560209424084,0.650261780104712,0.6471204188481675,0.6387434554973822,0.6335078534031413,0.562303664921466,0.5413612565445026,0.4931128476256875,0.5381274692075296,0.5599266984274537,0.5510690216128283,0.5361085289333023,0.5182019327600899,0.4967222480440003,0.5613041289023163,0.46887830195987296,0.6645817044566067,0.6622734761120264,0.7830065359477124,0.7845161290322581,0.7841127482383088,0.7789878283151825,0.7750642673521851,0.6415094339622641,0.6676783004552352
0.5696335078534032,0.5361256544502618,0.6607329842931937,0.6492146596858639,0.6408376963350786,0.6460732984293194,0.6523560209424084,0.53717277486911,0.6031413612565445,0.5500934425594546,0.5131037454489116,0.5398825431869239,0.5448935819970563,0.5449928344565806,0.5441213494461229,0.5429303199318305,0.5429109535982648,0.5402698698582384,0.6508071367884452,0.6236193712829227,0.7874015748031497,0.7823261858349577,0.7797045600513809,0.7833333333333333,0.7879948914431673,0.583804143126177,0.7104660045836516
0.6376963350785341,0.6115183246073298,0.6523560209424084,0.6534031413612565,0.650261780104712,0.6492146596858639,0.6450261780104712,0.5821989528795811,0.6010471204188481,0.5362126229762181,0.515471279727322,0.5587114609962043,0.5544048725695251,0.5493841505926098,0.5436226663568053,0.5346052172902627,0.521014892710512,0.5138420869161051,0.757703081232493,0.7359430604982207,0.7869062901155327,0.7879564381806534,0.7864450127877238,0.7859424920127795,0.7836630504148053,0.6993217784476262,0.7233115468409586
0.5528795811518324,0.5528795811518324,0.6523560209424084,0.6523560209424084,0.6534031413612565,0.6534031413612565,0.6534031413612565,0.4806282722513089,0.5528795811518324,0.4542857696180959,0.4542857696180959,0.41280792470369504,0.4242195367573011,0.43629928731892476,0.45258637384770317,0.4718001975366024,0.415751607405686,0.475564528623441,0.6939068100358423,0.6939068100358423,0.7893401015228426,0.7893401015228426,0.7903736542115263,0.7903736542115263,0.7903736542115263,0.5941080196399345,0.6801498127340824
0.5392670157068062,0.5392670157068062,0.6471204188481675,0.6450261780104712,0.6534031413612565,0.6534031413612565,0.6534031413612565,0.4973821989528796,0.556020942408377,0.4708221976915331,0.4708221976915331,0.48824221473390655,0.4863297892942908,0.4850709776125184,0.48609255170811067,0.4863612595863351,0.48458197768998373,0.4800962506778217,0.663093415007657,0.663093415007657,0.7807417046193884,0.784213876511776,0.7903736542115263,0.7903736542115263,0.7903736542115263,0.5804195804195804,0.6816816816816816
0.612565445026178,0.612565445026178,0.6596858638743456,0.6596858638743456,0.6596858638743456,0.6565445026178011,0.6544502617801047,0.53717277486911,0.606282722513089,0.5935853861646914,0.5935853861646914,0.6428944922147338,0.6335671818111395,0.6255107870477962,0.6096594430242467,0.5864682585792858,0.6384862305368347,0.5526038035479123,0.6885521885521886,0.6885521885521886,0.7925973197192087,0.7925973197192087,0.7933884297520661,0.7918781725888325,0.7908745247148289,0.5649606299212598,0.7071651090342679
0.6115183246073298,0.5884816753926702,0.6534031413612565,0.6534031413612565,0.6554973821989529,0.6554973821989529,0.6607329842931937,0.6020942408376964,0.5947643979057592,0.528947827097374,0.5177032496707723,0.5636765047641182,0.5753035672786428,0.5851344023549462,0.5919223022697342,0.5975143310868386,0.5598250251762336,0.5232202339453095,0.7286027798098025,0.7038432554634514,0.7887683471601787,0.7887683471601787,0.7908455181182454,0.7908455181182454,0.7936305732484077,0.6984126984126984,0.7092411720510894
0.5643979057591623,0.5643979057591623,0.6534031413612565,0.6544502617801047,0.6534031413612565,0.6534031413612565,0.6534031413612565,0.4900523560209424,0.5581151832460733,0.4758671275854055,0.4758671275854055,0.4377880742117903,0.4344570648384848,0.4313536098845766,0.4300488031605857,0.4307338872104733,0.4377880742117903,0.4703501433108684,0.6963503649635037,0.6963503649635037,0.7898412698412698,0.7906091370558376,0.7903736542115263,0.7903736542115263,0.7903736542115263,0.5931495405179615,0.6910688140556369
0.5507853403141362,0.5361256544502618,0.6408376963350786,0.6471204188481675,0.6492146596858639,0.6544502617801047,0.6554973821989529,0.5141361256544502,0.5696335078534032,0.5377982415369122,0.5279988767526532,0.5454624680455497,0.530840886203424,0.5146675768843443,0.4946185800604229,0.4737102021845225,0.5342396777442094,0.48909433341079867,0.6279271465741544,0.6096916299559472,0.7765472312703583,0.7846645367412141,0.7867600254614895,0.7906091370558376,0.7913760304375397,0.5614366729678639,0.6953298739807264
0.5685863874345549,0.5821989528795811,0.6523560209424084,0.6513089005235602,0.643979057591623,0.6303664921465969,0.618848167539267,0.5602094240837696,0.5465968586387434,0.5031881826632582,0.5093490975288558,0.498286079479433,0.48840682856921525,0.47919813695871094,0.46825131691068245,0.45879812533891084,0.485509140909443,0.46650108451467964,0.6845329249617151,0.7002253944402704,0.7835723598435462,0.7839065541855937,0.7795071335927367,0.7688277668631304,0.7576564580559254,0.6739130434782609,0.6771066368381805
0.5759162303664922,0.5759162303664922,0.6534031413612565,0.6534031413612565,0.6534031413612565,0.6534031413612565,0.6534031413612565,0.5214659685863874,0.5476439790575917,0.48751839801688746,0.48751839801688746,0.4706115888140058,0.46617669842745374,0.4638091641490433,0.4638067433573476,0.4685684406228213,0.4706115888140058,0.4779417460686344,0.7050254916241806,0.7050254916241806,0.7898412698412698,0.7898412698412698,0.7903736542115263,0.7903736542115263,0.7903736542115263,0.6275468622656887,0.6707317073170732
0.574869109947644,0.5664921465968586,0.6471204188481675,0.6513089005235602,0.6513089005235602,0.650261780104712,0.650261780104712,0.5664921465968586,0.5947643979057592,0.471112692695019,0.47392323185374546,0.5307416337438996,0.5293859903942986,0.524161921914943,0.5186376752653188,0.5122032109381053,0.5407564489890774,0.48491846773568836,0.713276836158192,0.7004341534008683,0.7849393746011487,0.7883026064844246,0.7883026064844246,0.7878017789072427,0.7878017789072427,0.6978102189781021,0.7310632383599722
0.6052356020942409,0.6010471204188481,0.6575916230366492,0.6575916230366492,0.6534031413612565,0.6534031413612565,0.6534031413612565,0.5727748691099477,0.5801047120418849,0.500733499883802,0.5010748315128979,0.5123339336896738,0.5033019598729569,0.49701274304748627,0.486327368502595,0.47422341002401425,0.5119877604771864,0.48788635835463623,0.7358093903293623,0.7303609341825902,0.7921169739351558,0.7921169739351558,0.7903736542115263,0.7903736542115263,0.7903736542115263,0.7,0.7104693140794224
0.5884816753926702,0.5884816753926702,0.6680628272251309,0.6596858638743456,0.6534031413612565,0.6534031413612565,0.6534031413612565,0.5602094240837696,0.675392670157068,0.5744466070183593,0.5744466070183593,0.6564412425439616,0.6627788752033466,0.6686735029824153,0.6713000619722673,0.6671847160895499,0.6564412425439616,0.613290630567821,0.6632390745501285,0.6632390745501285,0.7969250480461243,0.7931253978357734,0.7903736542115263,0.7903736542115263,0.7903736542115263,0.6022727272727273,0.766566265060241
0.5790575916230366,0.5738219895287958,0.6544502617801047,0.6565445026178011,0.6544502617801047,0.6544502617801047,0.6534031413612565,0.5675392670157068,0.6293193717277487,0.5502120613525447,0.5469149430629793,0.5932827872027266,0.5955438066465257,0.5964201332403749,0.5968776628708652,0.5934159307459912,0.5800580021690294,0.5269651986985824,0.6666666666666666,0.6605504587155964,0.78515625,0.7918781725888325,0.7908745247148289,0.7908745247148289,0.7903736542115263,0.6520640269587195,0.7521008403361344
0.5801047120418849,0.5612565445026177,0.6649214659685864,0.6628272251308901,0.6554973821989529,0.6534031413612565,0.6534031413612565,0.5392670157068062,0.6020942408376964,0.5112929932605159,0.5110557556743357,0.5615849407390193,0.5642962274382215,0.5651919203656365,0.5661432915020529,0.5665136726314974,0.5512626849484855,0.5437243396080254,0.6959818043972706,0.6677240285487708,0.7940797940797941,0.793854033290653,0.7908455181182454,0.7903736542115263,0.7903736542115263,0.6133567662565905,0.7067901234567902
0.6356020942408377,0.6356020942408377,0.6732984293193718,0.6554973821989529,0.6534031413612565,0.6534031413612565,0.6534031413612565,0.5926701570680628,0.6837696335078534,0.5970277519559997,0.5970277519559997,0.6354239290417537,0.6456299868308932,0.658511019443799,0.6774585560461692,0.6936052366565962,0.6354239290417537,0.6204101789449221,0.7216,0.7216,0.7994858611825193,0.7911111111111111,0.7903736542115263,0.7903736542115263,0.7903736542115263,0.6578715919085312,0.7736131934032984
0.5937172774869109,0.581151832460733,0.6366492146596858,0.6366492146596858,0.6429319371727749,0.643979057591623,0.6554973821989529,0.5643979057591623,0.6,0.5174539081261136,0.507838523510729,0.5415504686652722,0.5460579828026958,0.5537609419784646,0.5586412580370285,0.5639427918506468,0.5304414555736306,0.5201337245332713,0.7113095238095238,0.6996996996996997,0.777421423989737,0.777421423989737,0.7821086261980831,0.7831632653061225,0.7905792488860598,0.673469387755102,0.7182890855457227
0.4743455497382199,0.4837696335078534,0.6345549738219896,0.643979057591623,0.6513089005235602,0.6554973821989529,0.6534031413612565,0.431413612565445,0.5193717277486911,0.44384005345108063,0.4489237160120846,0.44185258346889766,0.4464496668990627,0.44988477031528396,0.45356437369277247,0.45956067472306145,0.4389912076845611,0.45346996281663954,0.5745762711864407,0.5874476987447699,0.7681063122923588,0.7786458333333334,0.7864015394483643,0.7913760304375397,0.7903736542115263,0.5041095890410959,0.6450116009280742
0.5633507853403141,0.5937172774869109,0.6408376963350786,0.6575916230366492,0.6523560209424084,0.6544502617801047,0.6534031413612565,0.6115183246073298,0.5455497382198953,0.5204605314121931,0.5713600976063211,0.5884678325199473,0.5684503059880703,0.5404925826942443,0.5023409055697575,0.45974949647532726,0.597962177550546,0.46144405066232863,0.6639806607574537,0.674496644295302,0.7744904667981591,0.7897106109324759,0.7879948914431673,0.7908745247148289,0.7903736542115263,0.6660666066606661,0.6789940828402367
0.7057591623036649,0.6984293193717277,0.6837696335078534,0.6931937172774869,0.6963350785340314,0.6921465968586388,0.6869109947643979,0.6994764397905759,0.7026178010471205,0.6308534743202416,0.6465232589666124,0.7134242582694246,0.7127052831357966,0.7069268533581223,0.699260206057789,0.6875048415833914,0.694912464172283,0.6100080370284298,0.7953386744355426,0.77947932618683,0.7931506849315069,0.7994524298425736,0.8066666666666666,0.8058124174372523,0.8034188034188035,0.7794004611837049,0.8002812939521801
0.6973821989528796,0.6984293193717277,0.6680628272251309,0.6628272251308901,0.6638743455497382,0.6617801047120419,0.6607329842931937,0.694240837696335,0.6900523560209424,0.6109666705399335,0.6103493686575258,0.7216041134092493,0.7234390735146022,0.719764311720505,0.7133419513517701,0.7020223293826012,0.7067791850646834,0.6351479587884421,0.7940128296507484,0.7954545454545454,0.7964033397559409,0.7946428571428571,0.7951499680918953,0.793873643905552,0.7925736235595391,0.7852941176470588,0.774390243902439
0.5905759162303665,0.5884816753926702,0.6397905759162303,0.6418848167539267,0.6418848167539267,0.6471204188481675,0.6492146596858639,0.587434554973822,0.6198952879581152,0.5122128941048881,0.5042267023007204,0.5489605120458595,0.5531387985126656,0.5565835850956696,0.559173832210086,0.5627275544193973,0.5411365132853048,0.5119514486017507,0.7101556708673091,0.7120879120879121,0.7751633986928105,0.7770534550195567,0.7784974093264249,0.7830006439150032,0.7859424920127795,0.704647676161919,0.7480916030534351
0.5172774869109947,0.5204188481675392,0.6240837696335079,0.6492146596858639,0.650261780104712,0.6534031413612565,0.6534031413612565,0.5246073298429319,0.5853403141361256,0.5291802231001627,0.5365491130219227,0.5268393175304051,0.524503253544039,0.5162507746533427,0.4997288713300798,0.48105730498102095,0.531906034549539,0.48763701680997756,0.570363466915191,0.568738229755179,0.7664281067013663,0.7870311506675143,0.7880710659898477,0.7903736542115263,0.7903736542115263,0.5634615384615385,0.717546362339515
0.5895287958115183,0.5842931937172775,0.650261780104712,0.6523560209424084,0.6523560209424084,0.6534031413612565,0.6534031413612565,0.5193717277486911,0.556020942408377,0.4865863932140367,0.4847078588581609,0.43960608877527313,0.4530414826864978,0.46777926253001784,0.48543893795026727,0.5044736230536835,0.4616716050817259,0.5027935936168565,0.7235543018335684,0.7178393745557925,0.7878017789072427,0.7896070975918885,0.7896070975918885,0.7903736542115263,0.7903736542115263,0.64,0.6656151419558359
0.5790575916230366,0.5581151832460733,0.6534031413612565,0.6544502617801047,0.6554973821989529,0.6596858638743456,0.6638743455497382,0.5319371727748691,0.5821989528795811,0.4899222441707336,0.48311739871407544,0.48747482376636453,0.5055411921914943,0.5249680455496165,0.5423614338833372,0.5622603416221241,0.4833401115500814,0.5221163529320629,0.7078488372093024,0.6827067669172933,0.7887683471601787,0.7895408163265306,0.790044671346522,0.792861695347355,0.7943625880845612,0.6426858513189448,0.6918918918918919
0.6272251308900524,0.6272251308900524,0.6534031413612565,0.6534031413612565,0.6534031413612565,0.6534031413612565,0.6534031413612565,0.5958115183246073,0.5738219895287958,0.5211068827949492,0.5211068827949492,0.5662038112944456,0.5553126694554187,0.5470190371058952,0.5342566232860795,0.5199666899062669,0.5611225695251375,0.4908808776822372,0.7524339360222532,0.7524339360222532,0.7901077996195307,0.7901077996195307,0.7901077996195307,0.7903736542115263,0.7903736542115263,0.703076923076923,0.7000736919675755
0.49947643979057593,0.49947643979057593,0.6565445026178011,0.6586387434554973,0.6534031413612565,0.6534031413612565,0.6534031413612565,0.5015706806282723,0.5696335078534032,0.4900239174219537,0.4900239174219537,0.5267110155705321,0.5222858083507631,0.5169770121620575,0.5119538693934464,0.504323533968549,0.5193493880238593,0.5117916763498335,0.5762411347517731,0.5762411347517731,0.7881136950904393,0.7899484536082474,0.7903736542115263,0.7903736542115263,0.7903736542115263,0.5423076923076923,0.6801556420233463
0.6230366492146597,0.6230366492146597,0.6523560209424084,0.6534031413612565,0.6534031413612565,0.6534031413612565,0.6534031413612565,0.6178010471204188,0.6230366492146597,0.5824473235727012,0.5824473235727012,0.6256584553412348,0.6268325393136571,0.6238477031528391,0.6170501200712681,0.6079794135874196,0.6256584553412348,0.561877856534201,0.7124600638977636,0.7124600638977636,0.7885350318471338,0.7893061744112031,0.7903736542115263,0.7903736542115263,0.7903736542115263,0.6784140969162996,0.7251908396946565
0.6167539267015707,0.5821989528795811,0.6596858638743456,0.6586387434554973,0.6544502617801047,0.6534031413612565,0.6534031413612565,0.574869109947644,0.6460732984293194,0.5216055658842668,0.521407060965218,0.5623305445812998,0.5829048532031915,0.6006831474165312,0.6205820551553181,0.6354215082500582,0.5649111085289333,0.5702852660934232,0.7393162393162394,0.69236700077101,0.792861695347355,0.7926208651399491,0.7908745247148289,0.7903736542115263,0.7903736542115263,0.6838006230529595,0.7511045655375552
0.6115183246073298,0.6115183246073298,0.6596858638743456,0.6565445026178011,0.6534031413612565,0.6534031413612565,0.6534031413612565,0.5769633507853403,0.6104712041884817,0.5537730459369432,0.5537730459369432,0.5800313734603765,0.586756332791076,0.5872211247966534,0.5915446587652026,0.5955776977302657,0.5800313734603765,0.5572275156867301,0.7139552814186585,0.7139552814186585,0.7925973197192087,0.7913486005089059,0.7903736542115263,0.7903736542115263,0.7903736542115263,0.6529209621993127,0.7102803738317757
0.5581151832460733,0.5675392670157068,0.6544502617801047,0.6544502617801047,0.6544502617801047,0.6534031413612565,0.6565445026178011,0.5507853403141362,0.5570680628272251,0.47176872724455804,0.48749176930823457,0.46007146177085756,0.45869161050429935,0.4552516655046867,0.4541163141993958,0.4585294174606863,0.49246891703462703,0.4830254086296382,0.6901615271659325,0.6933927245731255,0.7900763358778626,0.7900763358778626,0.7900763358778626,0.7890376035691523,0.7905491698595147,0.6737642585551331,0.6812358703843255
0.46701570680628274,0.46701570680628274,0.6523560209424084,0.6492146596858639,0.6534031413612565,0.6534031413612565,0.6534031413612565,0.4418848167539267,0.5706806282722513,0.42546382368889923,0.42546382368889923,0.4491391664730034,0.45244838872104737,0.45242176001239454,0.45453026957936327,0.459393640096057,0.4530681113951508,0.479965527926253,0.5789909015715468,0.5789909015715468,0.7882653061224489,0.7870311506675143,0.7903736542115263,0.7903736542115263,0.7903736542115263,0.4696517412935323,0.7024673439767779
0.5706806282722513,0.5706806282722513,0.6356020942408377,0.6534031413612565,0.6534031413612565,0.6534031413612565,0.6534031413612565,0.5507853403141362,0.6397905759162303,0.5253602138043225,0.5253602138043225,0.5360189596405609,0.5448693740800992,0.5512747889069641,0.5624176930823457,0.573289468587807,0.5360189596405609,0.5612218219846619,0.672,0.672,0.7731421121251629,0.7903736542115263,0.7903736542115263,0.7903736542115263,0.7903736542115263,0.6159355416293644,0.7478005865102639
0.5706806282722513,0.5350785340314136,0.6471204188481675,0.6544502617801047,0.6586387434554973,0.6534031413612565,0.6534031413612565,0.5193717277486911,0.5717277486910994,0.5012442869315982,0.48251220079014634,0.4978769656828569,0.4933210357115191,0.4895784917499419,0.48374680455496166,0.4776173599814084,0.49016432334030524,0.4793482260438454,0.6889226100151745,0.6476190476190476,0.7832797427652733,0.789272030651341,0.7928843710292249,0.7903736542115263,0.7903736542115263,0.6215993404781534,0.7042660882140275
0.5287958115183246,0.5287958115183246,0.6157068062827226,0.6617801047120419,0.6534031413612565,0.6534031413612565,0.6534031413612565,0.4869109947643979,0.5047120418848168,0.5089133550236269,0.5089133550236269,0.48220718103648613,0.4778037609419785,0.4732817220543807,0.4675178170268805,0.4594904717638857,0.48220718103648613,0.44508918196607017,0.614065180102916,0.614065180102916,0.7551701134089392,0.7943984723106302,0.7903736542115263,0.7903736542115263,0.7903736542115263,0.5609318996415771,0.6278520849724626
0.5706806282722513,0.556020942408377,0.6554973821989529,0.6586387434554973,0.6586387434554973,0.6607329842931937,0.6565445026178011,0.5591623036649215,0.6324607329842932,0.4891863234952359,0.49144492214733904,0.5553465605391587,0.5687165930745991,0.5814693237276318,0.5945125493841505,0.604965527926253,0.5565496940119298,0.5378805484545666,0.6967455621301775,0.6738461538461539,0.789776357827476,0.7918263090676884,0.7923566878980892,0.7938931297709924,0.7918781725888325,0.6759045419553503,0.7505330490405118
0.5518324607329843,0.5591623036649215,0.6617801047120419,0.6638743455497382,0.6554973821989529,0.6544502617801047,0.6534031413612565,0.4963350785340314,0.5947643979057592,0.4946234216438144,0.49668593616856455,0.483991304516229,0.4907888875978,0.5022150244015803,0.5189499573940661,0.5390401076768148,0.4642497482376636,0.5352781973816717,0.6651017214397497,0.6749034749034749,0.7914783731439639,0.7946257197696737,0.7908455181182454,0.7908745247148289,0.7903736542115263,0.5954583683767872,0.7016191210485736
0.46596858638743455,0.46596858638743455,0.6617801047120419,0.6617801047120419,0.6534031413612565,0.6534031413612565,0.6534031413612565,0.44293193717277485,0.6303664921465969,0.5204169571616702,0.5204169571616702,0.5728730924161437,0.5813724920598032,0.5818251801069022,0.588581609729646,0.6034016964908204,0.5614203269037106,0.5639403710589511,0.4562899786780384,0.4562899786780384,0.7714083510261854,0.7909385113268609,0.7903736542115263,0.7903736542115263,0.7903736542115263,0.38990825688073394,0.7339864355689525
0.5172774869109947,0.5308900523560209,0.6471204188481675,0.6471204188481675,0.6460732984293194,0.6460732984293194,0.6418848167539267,0.5267015706806283,0.5361256544502618,0.4376815593771787,0.4686676930823457,0.46042005577504075,0.4693334107986676,0.47630771167402586,0.48219749786970323,0.488443140444651,0.4718582965372997,0.4726741033387559,0.6536438767843726,0.6516329704510109,0.783558124598587,0.783558124598587,0.7827763496143959,0.7833333333333333,0.7793548387096774,0.6245847176079734,0.656855151045701
0.5979057591623037,0.5842931937172775,0.6534031413612565,0.6534031413612565,0.6575916230366492,0.6586387434554973,0.6607329842931937,0.5675392670157068,0.5738219895287958,0.5227869122317763,0.510242369664575,0.5222277093500658,0.5272290649934154,0.5302574754047564,0.5347262568750484,0.5365830041056627,0.5269773026570609,0.5079038848865133,0.713859910581222,0.702621722846442,0.7874116891457932,0.7874116891457932,0.7913209955328654,0.7923566878980892,0.7933673469387755,0.6775956284153005,0.6890756302521008
0.587434554973822,0.587434554973822,0.6617801047120419,0.6575916230366492,0.6534031413612565,0.6534031413612565,0.6534031413612565,0.5518324607329843,0.6240837696335079,0.5736453249670772,0.5736453249670772,0.630688860484933,0.6309720931133317,0.6328724145944691,0.6297520140986909,0.6198679216050818,0.630688860484933,0.5442375474475172,0.6620926243567753,0.6620926243567753,0.793873643905552,0.7923809523809524,0.7903736542115263,0.7903736542115263,0.7903736542115263,0.5939278937381404,0.7366104181951577
0.5738219895287958,0.5738219895287958,0.6460732984293194,0.6523560209424084,0.6534031413612565,0.6534031413612565,0.6534031413612565,0.5727748691099477,0.631413612565445,0.49229946161592686,0.49229946161592686,0.5360649546827795,0.5538892439383376,0.5637491285149896,0.5823117592377411,0.6059701564799753,0.5360649546827795,0.5498465218064916,0.6991869918699187,0.6991869918699187,0.7838874680306905,0.7896070975918885,0.7903736542115263,0.7903736542115263,0.7903736542115263,0.6730769230769231,0.743065693430657
0.53717277486911,0.53717277486911,0.6565445026178011,0.6565445026178011,0.6534031413612565,0.6534031413612565,0.6534031413612565,0.4963350785340314,0.5602094240837696,0.47702184522426216,0.47702184522426216,0.4958919164923697,0.4936551049655279,0.49116168951894035,0.48641451700364086,0.4807232357270122,0.4884721899449997,0.48330137888294983,0.6552262090483619,0.6552262090483619,0.7910828025477707,0.7910828025477707,0.7898412698412698,0.7903736542115263,0.7903736542115263,0.5615314494074749,0.6856287425149701
0.5497382198952879,0.5780104712041885,0.6554973821989529,0.650261780104712,0.650261780104712,0.650261780104712,0.650261780104712,0.5308900523560209,0.5696335078534032,0.47032351460221544,0.48202804245100317,0.4974145944689751,0.5001355643349601,0.5034810984584398,0.5080902858470835,0.5107458943372841,0.4888232047408785,0.5103730924161438,0.6791044776119403,0.7111111111111111,0.7884244372990353,0.7878017789072427,0.7878017789072427,0.7878017789072427,0.7880710659898477,0.6580152671755726,0.6811481768813034
0.5507853403141362,0.574869109947644,0.6460732984293194,0.6450261780104712,0.6366492146596858,0.6366492146596858,0.6293193717277487,0.5685863874345549,0.5675392670157068,0.4505553296149973,0.47394986056239835,0.4729645983422418,0.4537120419862111,0.4449076225888915,0.43996436594623906,0.43734749012316987,0.4837879580137888,0.4647944263691998,0.6933523945675483,0.7116477272727273,0.7844387755102041,0.7833865814696486,0.7765614938828075,0.7748215444516547,0.768324607329843,0.7069701280227596,0.7072997873848335
0.6157068062827226,0.618848167539267,0.6481675392670158,0.6492146596858639,0.6513089005235602,0.6523560209424084,0.6523560209424084,0.618848167539267,0.5706806282722513,0.5364087071035711,0.5544169765280037,0.5996494693624604,0.5914962429312882,0.57901222015648,0.5607158765202571,0.5407031915717717,0.5912009063444109,0.4891863234952359,0.7299484915378955,0.723823975720789,0.7854406130268199,0.7864882090503506,0.7883026064844246,0.7893401015228426,0.7893401015228426,0.6946308724832215,0.6967455621301775
0.5654450261780105,0.5654450261780105,0.6450261780104712,0.6554973821989529,0.6534031413612565,0.6534031413612565,0.6534031413612565,0.4848167539267016,0.5916230366492147,0.5277374312495158,0.5277374312495158,0.5584645402432412,0.5691668603300023,0.5667242815090248,0.5712632659384926,0.5812441900999302,0.5584645402432412,0.5286185994267565,0.6617766911165445,0.6617766911165445,0.7670103092783506,0.7905792488860598,0.7903736542115263,0.7903736542115263,0.7903736542115263,0.4927835051546392,0.7013782542113323
0.5696335078534032,0.5267015706806283,0.6554973821989529,0.6534031413612565,0.6554973821989529,0.6554973821989529,0.6565445026178011,0.5308900523560209,0.5612565445026177,0.49618725307924705,0.47681123634673483,0.5060180881555504,0.5059091525292432,0.5038756875048416,0.5036239251684871,0.5036311875435742,0.5138735572081493,0.49686991633743904,0.690744920993228,0.6384,0.7886962106615286,0.789574062301335,0.7913760304375397,0.7913760304375397,0.7913486005089059,0.631578947368421,0.6779400461183704
0.518324607329843,0.518324607329843,0.6335078534031413,0.6335078534031413,0.6450261780104712,0.6534031413612565,0.6534031413612565,0.518324607329843,0.5497382198952879,0.4675638120690991,0.4675638120690991,0.48991256100395075,0.4850201409869084,0.48132117127585405,0.4826889185839337,0.4922849368657526,0.48189247811604313,0.49302085754125025,0.632,0.632,0.7739018087855297,0.7739018087855297,0.7839388145315488,0.7903736542115263,0.7903736542115263,0.632,0.6630094043887147
0.625130890052356,0.625130890052356,0.6554973821989529,0.6554973821989529,0.6534031413612565,0.6534031413612565,0.6534031413612565,0.6146596858638743,0.6481675392670158,0.5478759973661786,0.5478759973661786,0.5991556278565342,0.6117873189247811,0.6255374157564491,0.6370507010612751,0.6454242195367573,0.5988506081028739,0.5619577426601596,0.7359882005899705,0.7359882005899705,0.790044671346522,0.7903123008285532,0.7903736542115263,0.7903736542115263,0.7903736542115263,0.7177914110429447,0.7579250720461095
0.5738219895287958,0.5654450261780105,0.6492146596858639,0.650261780104712,0.6492146596858639,0.6481675392670158,0.650261780104712,0.556020942408377,0.6031413612565445,0.517833972422341,0.50929584011155,0.5581401541560151,0.5629454256720118,0.5659472073746998,0.5685253505306375,0.5672108606398636,0.5441358741962972,0.5289211983887211,0.682279469164715,0.6755277560594214,0.7856685860524633,0.7864450127877238,0.786215698787492,0.7859872611464969,0.7872611464968153,0.6580645161290323,0.7173750932140194
0.6481675392670158,0.6481675392670158,0.6534031413612565,0.6554973821989529,0.6534031413612565,0.6534031413612565,0.6534031413612565,0.6031413612565445,0.6565445026178011,0.6279218955767294,0.6279218955767294,0.6696345572856147,0.6783348826400186,0.6793225656518708,0.678809357812379,0.6716244480594933,0.6746698040127044,0.5861002982415369,0.7204658901830283,0.7204658901830283,0.7857605177993527,0.7873303167420814,0.7903736542115263,0.7903736542115263,0.7903736542115263,0.646784715750233,0.7563150074294205
0.5790575916230366,0.5696335078534032,0.6586387434554973,0.6575916230366492,0.6554973821989529,0.6544502617801047,0.6534031413612565,0.5769633507853403,0.6094240837696335,0.49134082810442326,0.4805828298086606,0.5321941087613293,0.5313879851266559,0.5313274653342629,0.5312766287086529,0.530729529785421,0.5098840924936091,0.5032293361220854,0.706997084548105,0.7006554989075018,0.791025641025641,0.7918523233609166,0.7911111111111111,0.7908745247148289,0.7903736542115263,0.7016248153618907,0.7397069085833915
0.5863874345549738,0.5863874345549738,0.6492146596858639,0.6607329842931937,0.6607329842931937,0.6596858638743456,0.6586387434554973,0.5727748691099477,0.6523560209424084,0.5423444883414672,0.5480188240762259,0.5814378534355875,0.6078971066697653,0.6306162367340615,0.6532070648384849,0.6674679487179489,0.5793680765357502,0.5928252575722365,0.6842525979216627,0.680161943319838,0.777998674618953,0.788787483702738,0.79204107830552,0.792332268370607,0.7923566878980892,0.6524701873935264,0.7473363774733638
0.6136125654450262,0.6136125654450262,0.6670157068062827,0.6534031413612565,0.6534031413612565,0.6534031413612565,0.6534031413612565,0.5727748691099477,0.5884816753926702,0.5816194128127663,0.5816194128127663,0.6057135525602293,0.593135118909288,0.5777049926407932,0.5485731853745448,0.5026677124486792,0.6077954334185453,0.5184125416376172,0.6987755102040817,0.6987755102040817,0.7916120576671035,0.7852044127190136,0.7901077996195307,0.7903736542115263,0.7903736542115263,0.6243093922651933,0.7033962264150944
0.5780104712041885,0.5780104712041885,0.6513089005235602,0.6513089005235602,0.6534031413612565,0.6534031413612565,0.6534031413612565,0.5130890052356021,0.4712041884816754,0.5068532612905725,0.5068532612905725,0.4930087535827717,0.4710933263614532,0.4600448330622046,0.44007814315593774,0.4188744286931599,0.4930087535827717,0.4229946161592688,0.6958490566037736,0.6958490566037736,0.7888395688015218,0.7888395688015218,0.7903736542115263,0.7903736542115263,0.7903736542115263,0.599483204134367,0.5890968266883645
0.6272251308900524,0.6272251308900524,0.6544502617801047,0.6628272251308901,0.6534031413612565,0.6534031413612565,0.6534031413612565,0.574869109947644,0.6429319371727749,0.5828152839104501,0.5828152839104501,0.6139902393678828,0.6157574173057556,0.6178223526222015,0.6181878921682546,0.6162657835618561,0.6101581261135642,0.5664628360058874,0.7183544303797469,0.7183544303797469,0.7884615384615384,0.7949044585987262,0.7903736542115263,0.7903736542115263,0.7903736542115263,0.6368515205724508,0.7490802060338484
0.5476439790575917,0.5413612565445026,0.6481675392670158,0.6523560209424084,0.6523560209424084,0.6523560209424084,0.6513089005235602,0.5026178010471204,0.5780104712041885,0.4793603300023239,0.47100617786040744,0.45567046246804555,0.4626665504686652,0.480076884344256,0.5016872918119142,0.5269434115733209,0.4429758308157099,0.5139461809590208,0.6697247706422018,0.6661585365853658,0.7848911651728553,0.7888040712468194,0.7890724269377383,0.7893401015228426,0.7888395688015218,0.6077621800165153,0.6911877394636016
0.6492146596858639,0.6848167539267016,0.6450261780104712,0.6544502617801047,0.6534031413612565,0.6534031413612565,0.6534031413612565,0.6795811518324607,0.6198952879581152,0.5733984042141141,0.6275950886978077,0.6381110078239988,0.6361380625919901,0.6340222906499342,0.6184687040049578,0.5857129715702223,0.6513527383995662,0.5091142807343714,0.753495217071376,0.7714502657555049,0.781431334622824,0.7906091370558376,0.7903736542115263,0.7903736542115263,0.7903736542115263,0.7495908346972177,0.7494824016563147
0.5539267015706806,0.5455497382198953,0.6324607329842932,0.6324607329842932,0.6471204188481675,0.650261780104712,0.6523560209424084,0.53717277486911,0.5162303664921466,0.4770751026415679,0.47846705786660465,0.4410488806259199,0.42896428848090484,0.41413209776125187,0.39926359516616317,0.38086557827872025,0.44006361840576347,0.4375895692927415,0.6806596701649176,0.6671779141104295,0.7719298245614035,0.7719298245614035,0.7830006439150032,0.7864450127877238,0.7888040712468194,0.6552262090483619,0.6521084337349398
0.5884816753926702,0.5884816753926702,0.6513089005235602,0.650261780104712,0.6534031413612565,0.6534031413612565,0.6534031413612565,0.562303664921466,0.6010471204188481,0.5269240452397552,0.5269240452397552,0.529211693392207,0.527308951119374,0.5245758772949105,0.5188410217677589,0.5076497017584631,0.5226513478968162,0.5117142110155706,0.6979246733282091,0.6979246733282091,0.7880330999363463,0.787531806615776,0.7903736542115263,0.7903736542115263,0.7903736542115263,0.6402753872633391,0.7245119305856833
0.543455497382199,0.543455497382199,0.6596858638743456,0.6534031413612565,0.6534031413612565,0.6534031413612565,0.6534031413612565,0.512041884816754,0.5654450261780105,0.4960153768688512,0.4960153768688512,0.5058147416531102,0.5124549732744597,0.515028274847006,0.5225593578123789,0.5340000193663336,0.5058147416531102,0.5128422999457742,0.6506410256410257,0.6506410256410257,0.7925973197192087,0.7903736542115263,0.7903736542115263,0.7903736542115263,0.7903736542115263,0.5839285714285715,0.6729708431836091
0.5539267015706806,0.5539267015706806,0.6513089005235602,0.6534031413612565,0.6534031413612565,0.6534031413612565,0.6534031413612565,0.5539267015706806,0.562303664921466,0.47849368657525754,0.47849368657525754,0.4672103764815245,0.4658716786737934,0.47291134092493614,0.48557934386861884,0.5062625881168178,0.47092871252614454,0.49554332248818656,0.6796992481203008,0.6796992481203008,0.7855763039278815,0.7890376035691523,0.7903736542115263,0.7903736542115263,0.7903736542115263,0.6796992481203008,0.6804281345565749
0.5424083769633508,0.4869109947643979,0.6575916230366492,0.6544502617801047,0.6554973821989529,0.6534031413612565,0.6534031413612565,0.45549738219895286,0.6732984293193718,0.5101092261213107,0.48679216050817253,0.5358059299713379,0.5469391509799365,0.5617640793245023,0.5716844836935471,0.5800023239600279,0.5273210550778528,0.584734971725153,0.6373443983402489,0.5537340619307832,0.7855737704918033,0.7898089171974523,0.7911111111111111,0.7903736542115263,0.7903736542115263,0.5075757575757576,0.7774607703281027
0.5518324607329843,0.5518324607329843,0.6670157068062827,0.6586387434554973,0.6534031413612565,0.6534031413612565,0.6534031413612565,0.5172774869109947,0.5424083769633508,0.5357623557208149,0.5357623557208149,0.5576947284840035,0.5431264040591834,0.5333536679835773,0.5114188744286932,0.4809604733131923,0.5576947284840035,0.4824468394143621,0.6316695352839932,0.6316695352839932,0.7953667953667953,0.7920918367346939,0.7903736542115263,0.7903736542115263,0.7903736542115263,0.5711627906976744,0.6593920498830865
0.5654450261780105,0.5633507853403141,0.650261780104712,0.650261780104712,0.6481675392670158,0.6429319371727749,0.6397905759162303,0.5664921465968586,0.5968586387434555,0.4936914168409636,0.48996097683786505,0.4865137694631652,0.4866227050894725,0.4820958246184832,0.47960240917189556,0.47505132078394924,0.5127527306530327,0.5092183747772872,0.6863189720332578,0.6857573474001507,0.7858974358974359,0.7861715749039693,0.7846153846153846,0.7809890815671162,0.7786357786357786,0.6703821656050956,0.7204066811909949
0.5853403141361256,0.5853403141361256,0.6272251308900524,0.6450261780104712,0.6523560209424084,0.6523560209424084,0.6523560209424084,0.5078534031413613,0.5706806282722513,0.537996746455961,0.537996746455961,0.5087414788132311,0.5116803199318305,0.5111017507165544,0.5063666821597335,0.49871940119296615,0.5274057827872026,0.4813841118599427,0.6857142857142857,0.6857142857142857,0.7664041994750657,0.7836630504148053,0.7890724269377383,0.7893401015228426,0.7893401015228426,0.5765765765765766,0.7016011644832606
0.543455497382199,0.543455497382199,0.6513089005235602,0.6534031413612565,0.6544502617801047,0.6544502617801047,0.6534031413612565,0.45549738219895286,0.5602094240837696,0.5102012162057479,0.5102012162057479,0.5043090092183747,0.5092401619025486,0.5112808893020374,0.5172529824153691,0.5242466496242931,0.5043090092183747,0.5024522619877605,0.6390728476821192,0.6390728476821192,0.7880330999363463,0.789574062301335,0.7908745247148289,0.7908745247148289,0.7903736542115263,0.48,0.672386895475819
0.6041884816753926,0.6240837696335079,0.6565445026178011,0.6575916230366492,0.6554973821989529,0.6481675392670158,0.6460732984293194,0.6146596858638743,0.6041884816753926,0.4985136338988303,0.5151565768068789,0.4955287977380123,0.5114261368037804,0.5244209466263847,0.5339854946161592,0.5395702610581764,0.5096178054070803,0.5098623053683476,0.7356643356643356,0.7515570934256055,0.7910828025477707,0.7915869980879541,0.789776357827476,0.7840616966580977,0.7810880829015544,0.742296918767507,0.7296137339055794
0.5738219895287958,0.5790575916230366,0.631413612565445,0.625130890052356,0.6565445026178011,0.6554973821989529,0.6534031413612565,0.5706806282722513,0.6178010471204188,0.5398220233945309,0.5509213533193895,0.5603745448911612,0.5657293361220854,0.5681815981098458,0.5721638004492989,0.579583526996669,0.5657220737469981,0.5415577310403594,0.6661197703035275,0.6661129568106312,0.7589041095890411,0.7635402906208718,0.788931788931789,0.7913760304375397,0.7903736542115263,0.6513605442176871,0.7298297557364914
0.6544502617801047,0.6596858638743456,0.6534031413612565,0.650261780104712,0.6544502617801047,0.6534031413612565,0.6534031413612565,0.6586387434554973,0.625130890052356,0.6532990549229221,0.6643983848477807,0.6807338872104733,0.6697677008288792,0.6556714307847238,0.6286432915020528,0.5826191997830971,0.6846168370904021,0.5485852893330234,0.7130434782608696,0.7136563876651982,0.7809397749834547,0.7867177522349936,0.7903430749682337,0.7903736542115263,0.7903736542115263,0.7089285714285715,0.7355982274741507
0.5246073298429319,0.5246073298429319,0.6722513089005235,0.6649214659685864,0.6544502617801047,0.6544502617801047,0.6534031413612565,0.5151832460732985,0.5162303664921466,0.508545394685878,0.508545394685878,0.5442012355720816,0.5329251878534357,0.516103106359904,0.49445638701681,0.47659578588581614,0.5442012355720816,0.46383337206600045,0.6065857885615251,0.6065857885615251,0.7994875080076874,0.7959183673469388,0.7908745247148289,0.7908745247148289,0.7903736542115263,0.5543792107795957,0.631578947368421
0.512041884816754,0.512041884816754,0.6534031413612565,0.6534031413612565,0.6534031413612565,0.6534031413612565,0.6534031413612565,0.44607329842931936,0.5643979057591623,0.4748140831977691,0.4748140831977691,0.4695827523433263,0.4784307459911689,0.48835357115190947,0.5056598109845845,0.5273839956619413,0.4695827523433263,0.5063666821597335,0.6148760330578512,0.6148760330578512,0.789574062301335,0.789574062301335,0.7903736542115263,0.7903736542115263,0.7903736542115263,0.5051449953227315,0.67601246105919
0.6041884816753926,0.6073298429319371,0.6261780104712041,0.6450261780104712,0.6534031413612565,0.6554973821989529,0.6534031413612565,0.6073298429319371,0.5790575916230366,0.5630592028817104,0.5675909249360911,0.5262123324812147,0.5301436981950578,0.5294344062282128,0.5186909326826246,0.5022150244015804,0.5555281199163375,0.497015163839182,0.6971153846153846,0.6987951807228916,0.7612040133779264,0.7788649706457925,0.7876844130853111,0.7905792488860598,0.7903736542115263,0.6987951807228916,0.7035398230088495
0.6324607329842932,0.643979057591623,0.680628272251309,0.6659685863874345,0.6607329842931937,0.6565445026178011,0.6565445026178011,0.6115183246073298,0.6272251308900524,0.5896588620342397,0.5970543806646526,0.6535411340924936,0.6505732434735456,0.6448166008211326,0.6369296614764893,0.6253461732124874,0.6471526648074987,0.5608272329382602,0.7216494845360825,0.7335423197492164,0.8036059240180297,0.7964262922782387,0.7938931297709924,0.7918781725888325,0.7918781725888325,0.6820908311910883,0.7315233785822021
0.6083769633507854,0.6115183246073298,0.6586387434554973,0.6586387434554973,0.6554973821989529,0.6554973821989529,0.6575916230366492,0.5570680628272251,0.6198952879581152,0.5577528274847006,0.5629938415059261,0.5700916027577658,0.5882620652258115,0.6016926175536448,0.614680165001162,0.6254284801301419,0.5739551863041289,0.5658576380819583,0.7068965517241379,0.7081038552321007,0.7920918367346939,0.7923566878980892,0.7908455181182454,0.7908455181182454,0.7918523233609166,0.6448362720403022,0.7183863460046548
0.5329842931937173,0.5319371727748691,0.6544502617801047,0.6638743455497382,0.6680628272251309,0.6565445026178011,0.6544502617801047,0.5151832460732985,0.5696335078534032,0.495095476024479,0.48507339840421404,0.5431699783097064,0.5361182121000853,0.5321844255945465,0.5258225850182043,0.5163355023626927,0.5353556627159346,0.508954508482454,0.6338259441707718,0.6403861625100563,0.78,0.790058862001308,0.7942894224529526,0.7894736842105263,0.7895408163265306,0.6066270178419712,0.6821345707656613
0.574869109947644,0.574869109947644,0.643979057591623,0.6554973821989529,0.6534031413612565,0.6534031413612565,0.6534031413612565,0.5078534031413613,0.618848167539267,0.5718321519869858,0.5718321519869858,0.5896152877837167,0.5900849213726858,0.5896637036176311,0.5844928925555815,0.5734952358819428,0.5896152877837167,0.5508705166937795,0.6413427561837456,0.6413427561837456,0.7817715019255456,0.7911111111111111,0.7903736542115263,0.7903736542115263,0.7903736542115263,0.5346534653465347,0.7259036144578314
0.650261780104712,0.6356020942408377,0.6481675392670158,0.6492146596858639,0.6523560209424084,0.6534031413612565,0.6534031413612565,0.6,0.6167539267015707,0.5997341970718104,0.5885162483538616,0.6447996552792626,0.6410135370671624,0.6319573553334882,0.613426194902781,0.5823989077387869,0.638595166163142,0.5223148578511116,0.7406832298136646,0.7268445839874411,0.7829457364341085,0.7867600254614895,0.7890724269377383,0.7903736542115263,0.7903736542115263,0.6789915966386555,0.738944365192582
0.5790575916230366,0.5790575916230366,0.6638743455497382,0.6638743455497382,0.6544502617801047,0.6534031413612565,0.6534031413612565,0.5643979057591623,0.5727748691099477,0.5537585211867688,0.5537585211867688,0.5946384305523278,0.5915712874738555,0.581912328607948,0.5654993609109923,0.5381807266248355,0.6046266170888527,0.5113583546363003,0.6638795986622074,0.6638795986622074,0.7951499680918953,0.7951499680918953,0.7908745247148289,0.7903736542115263,0.7903736542115263,0.6413793103448275,0.6851851851851852
0.5947643979057592,0.5947643979057592,0.6554973821989529,0.6554973821989529,0.6554973821989529,0.6534031413612565,0.6534031413612565,0.5476439790575917,0.6020942408376964,0.5317317375474475,0.5317317375474475,0.551872724455806,0.5548357734913627,0.5544799171120923,0.5527345262994809,0.5482923735378419,0.551591912619103,0.5387592958401115,0.703902065799541,0.703902065799541,0.7892376681614349,0.7892376681614349,0.7913760304375397,0.7903736542115263,0.7903736542115263,0.6275862068965518,0.7099236641221374
0.4544502617801047,0.4544502617801047,0.6659685863874345,0.6607329842931937,0.6534031413612565,0.6534031413612565,0.6534031413612565,0.40104712041884816,0.5413612565445026,0.427197110543032,0.427197110543032,0.4464085134402355,0.45464162599736624,0.46914943062979314,0.489927085754125,0.5202450809512743,0.4464085134402355,0.4958313966999768,0.5527896995708155,0.5527896995708155,0.7945911139729556,0.7936305732484077,0.7903736542115263,0.7903736542115263,0.7903736542115263,0.4358974358974359,0.6473429951690821
0.5916230366492147,0.5790575916230366,0.6324607329842932,0.6460732984293194,0.6544502617801047,0.6534031413612565,0.6534031413612565,0.5738219895287958,0.6282722513089005,0.5321650592609807,0.5331890541482687,0.5413737508714851,0.5532646796808428,0.5630664652567976,0.5747371020218452,0.5902519559996902,0.5375585831590364,0.5474426756526454,0.6990740740740741,0.6794258373205742,0.7689269256089533,0.7830551989730423,0.7906091370558376,0.7903736542115263,0.7903736542115263,0.6582703610411419,0.7403072421360644
0.6209424083769634,0.6209424083769634,0.643979057591623,0.643979057591623,0.6513089005235602,0.6513089005235602,0.6523560209424084,0.5507853403141362,0.562303664921466,0.5475080370284298,0.5475080370284298,0.5250213029669223,0.5187006158494074,0.5085066620187466,0.49496959485630176,0.4785638895344333,0.5244790456270819,0.493415446587652,0.7306547619047619,0.7306547619047619,0.782608695652174,0.782608695652174,0.7885714285714286,0.7888395688015218,0.7896070975918885,0.6427976686094921,0.6818873668188736
0.5424083769633508,0.5581151832460733,0.6554973821989529,0.6554973821989529,0.6554973821989529,0.6554973821989529,0.6534031413612565,0.518324607329843,0.6429319371727749,0.48315613138120694,0.48879173444883417,0.4971483073824463,0.5259993028119916,0.5573800255635604,0.5933554109535982,0.6270140986908359,0.500554361298319,0.5529862886358354,0.6588602654176424,0.6788432267884322,0.7905792488860598,0.7913760304375397,0.7913760304375397,0.7913760304375397,0.7903736542115263,0.6101694915254238,0.7559055118110236
0.6240837696335079,0.6240837696335079,0.6544502617801047,0.6544502617801047,0.6544502617801047,0.6544502617801047,0.6544502617801047,0.6073298429319371,0.631413612565445,0.5633884305523278,0.5633884305523278,0.6337269540630568,0.6430106902161283,0.6439499573940662,0.6482420210705709,0.6476852389805563,0.6338092609807111,0.5881482880161127,0.7257448433919023,0.7257448433919023,0.7908745247148289,0.7908745247148289,0.7908745247148289,0.7908745247148289,0.7908745247148289,0.6819338422391857,0.7210776545166403
0.6104712041884817,0.6104712041884817,0.6523560209424084,0.6523560209424084,0.6544502617801047,0.6534031413612565,0.6534031413612565,0.5654450261780105,0.6031413612565445,0.505449202107057,0.505449202107057,0.4722819350840499,0.48477322023394537,0.4948606592299945,0.5056646525679758,0.5191315167712449,0.48269618095902084,0.5097703152839104,0.7398601398601399,0.7398601398601399,0.7890724269377383,0.7890724269377383,0.7906091370558376,0.7903736542115263,0.7903736542115263,0.6872645064054258,0.72831541218638
0.48586387434554973,0.48586387434554973,0.643979057591623,0.643979057591623,0.6565445026178011,0.6565445026178011,0.6565445026178011,0.4701570680628272,0.5916230366492147,0.4505262801146487,0.4505262801146487,0.45380403207064846,0.47130151444728485,0.48843587806956384,0.5164226508637385,0.5518896699976761,0.45259121543109465,0.5449323146641877,0.5898078529657477,0.5898078529657477,0.7800776196636481,0.7800776196636481,0.7913486005089059,0.7918781725888325,0.7918781725888325,0.5115830115830116,0.6904761904761905
0.5287958115183246,0.5287958115183246,0.6481675392670158,0.6534031413612565,0.6534031413612565,0.6534031413612565,0.6534031413612565,0.4743455497382199,0.5539267015706806,0.4762859245487644,0.4762859245487644,0.4626229762181424,0.4614731001626772,0.46135448136958707,0.4625430900921837,0.4640028274847006,0.4626229762181424,0.4806215624757921,0.6422893481717011,0.6422893481717011,0.7859872611464969,0.7901077996195307,0.7903736542115263,0.7903736542115263,0.7903736542115263,0.5469314079422383,0.6782477341389728
0.6157068062827226,0.5958115183246073,0.650261780104712,0.6523560209424084,0.6523560209424084,0.6523560209424084,0.6544502617801047,0.5476439790575917,0.6115183246073298,0.5356994151367264,0.5233122240297468,0.49902200015493064,0.5235470408242312,0.5497230614300099,0.5751970524440313,0.6007654543341854,0.4974145944689752,0.5480987102021845,0.7303453343130052,0.7106446776611695,0.787531806615776,0.7893401015228426,0.7893401015228426,0.7893401015228426,0.7903430749682337,0.6538461538461539,0.7174409748667174
0.4963350785340314,0.4963350785340314,0.6471204188481675,0.6534031413612565,0.6544502617801047,0.6544502617801047,0.6544502617801047,0.49214659685863876,0.5476439790575917,0.4989687427376249,0.4989687427376249,0.5129294484468201,0.5132126810752189,0.509501607405686,0.5023723758618018,0.490413664884964,0.5165485320319158,0.483616081803393,0.5599268069533394,0.5599268069533394,0.7841127482383088,0.7887683471601787,0.7906091370558376,0.7908745247148289,0.7908745247148289,0.4984488107549121,0.6666666666666666
0.6628272251308901,0.6586387434554973,0.675392670157068,0.6743455497382199,0.6732984293193718,0.6712041884816754,0.6732984293193718,0.6554973821989529,0.6607329842931937,0.583105778913936,0.5784820667751183,0.6768678828724146,0.6835904214114183,0.6850985746378497,0.6842803470446975,0.68013111007824,0.6554390347819352,0.5793753389108374,0.7656477438136827,0.7627365356622998,0.7989623865110247,0.7981829980532122,0.7971391417425228,0.7955729166666666,0.7950065703022339,0.7586206896551724,0.7648766328011611
0.5958115183246073,0.5591623036649215,0.6565445026178011,0.6534031413612565,0.6544502617801047,0.6554973821989529,0.6534031413612565,0.543455497382199,0.5738219895287958,0.5162193043612984,0.4846279727322023,0.4799510031760788,0.4739740684793554,0.46810364861724374,0.4621049267952591,0.4549902200015493,0.45114600278875205,0.49584592145015105,0.7149187592319055,0.6832204665161776,0.7905491698595147,0.789574062301335,0.7906091370558376,0.7913760304375397,0.7903736542115263,0.6512,0.6969471332836932
0.6324607329842932,0.6324607329842932,0.6523560209424084,0.6544502617801047,0.6544502617801047,0.6554973821989529,0.6554973821989529,0.6083769633507854,0.6115183246073298,0.522985417150825,0.522985417150825,0.5479002052831358,0.5521002788752034,0.5560389069641336,0.5590479510419087,0.5622555000387326,0.5406450925710744,0.5388779146332017,0.7577639751552795,0.7577639751552795,0.7890724269377383,0.7906091370558376,0.7906091370558376,0.7913760304375397,0.7913760304375397,0.7204783258594918,0.7229275578790142
0.6272251308900524,0.6272251308900524,0.6586387434554973,0.6586387434554973,0.6554973821989529,0.6575916230366492,0.6554973821989529,0.6136125654450262,0.6,0.5650829847393292,0.5650829847393292,0.59195861414517,0.5952557324347355,0.5911185994267566,0.5882983771012472,0.5782278836470679,0.5908353667983577,0.5307731040359439,0.7290715372907154,0.7290715372907154,0.7915601023017903,0.7915601023017903,0.7903123008285532,0.7921169739351558,0.7913760304375397,0.6896551724137931,0.7119155354449472
0.6366492146596858,0.6366492146596858,0.6481675392670158,0.6534031413612565,0.6534031413612565,0.6534031413612565,0.6534031413612565,0.5801047120418849,0.6335078534031413,0.505621078317453,0.505621078317453,0.4741725733984042,0.5142899333798125,0.5343776628708653,0.5629139553799675,0.604573359671547,0.49793506468355414,0.5110194437989,0.7703507610853739,0.7703507610853739,0.7848911651728553,0.789574062301335,0.7903736542115263,0.7903736542115263,0.7903736542115263,0.7044952100221076,0.7644683714670256
0.5916230366492147,0.6020942408376964,0.6544502617801047,0.6575916230366492,0.6575916230366492,0.6586387434554973,0.6586387434554973,0.6,0.6282722513089005,0.5279093074599117,0.5415964637074909,0.5628195445038345,0.5850666201874661,0.6033266519482532,0.6192748276396313,0.6336373847703153,0.5757538345340459,0.5722678944922147,0.7018348623853211,0.7081413210445469,0.7876447876447876,0.7905188981422165,0.7918523233609166,0.7928843710292249,0.7923566878980892,0.6929260450160771,0.7262914417887433
0.5769633507853403,0.5769633507853403,0.650261780104712,0.650261780104712,0.6534031413612565,0.6534031413612565,0.6534031413612565,0.5382198952879581,0.6460732984293194,0.498959059570842,0.498959059570842,0.560018688511891,0.57348555271516,0.5923096289410489,0.619618580060423,0.6449545859477884,0.5405071074444187,0.5688666821597335,0.6994047619047619,0.6994047619047619,0.7872611464968153,0.7872611464968153,0.7903736542115263,0.7903736542115263,0.7903736542115263,0.6469175340272217,0.7518355359765051
0.4680628272251309,0.5047120418848168,0.6240837696335079,0.631413612565445,0.6429319371727749,0.6534031413612565,0.6534031413612565,0.4586387434554974,0.5130890052356021,0.42910227360756065,0.4429613060655357,0.41529891935858704,0.41324850879231545,0.41367698892245724,0.41496727089627394,0.42069970563172976,0.4188962158184213,0.4429879347741885,0.5773710482529119,0.6296006264682851,0.7661237785016287,0.7729032258064517,0.7826641172721479,0.7903736542115263,0.7903736542115263,0.5508253692441355,0.6431312356101304
0.618848167539267,0.618848167539267,0.6544502617801047,0.6523560209424084,0.6523560209424084,0.6544502617801047,0.6544502617801047,0.5738219895287958,0.625130890052356,0.5565448524285382,0.5565448524285382,0.5968534549539081,0.5918714656441243,0.5893974165311023,0.5820261058176466,0.5705055581377334,0.5922805794407003,0.5492945812998683,0.7225609756097561,0.7225609756097561,0.7887323943661971,0.7890724269377383,0.7890724269377383,0.7908745247148289,0.7908745247148289,0.6530264279624893,0.735207100591716
0.5445026178010471,0.5445026178010471,0.6617801047120419,0.6596858638743456,0.6534031413612565,0.6534031413612565,0.6534031413612565,0.5089005235602094,0.5591623036649215,0.5024909946548919,0.5024909946548919,0.5239392090789372,0.5246727089627392,0.5242176001239445,0.5266771244867922,0.5353871330079789,0.5239392090789372,0.5002323960027888,0.6472019464720195,0.6472019464720195,0.7943984723106302,0.7933884297520661,0.7903736542115263,0.7903736542115263,0.7903736542115263,0.5716894977168949,0.6723735408560312
0.6261780104712041,0.6261780104712041,0.650261780104712,0.650261780104712,0.6492146596858639,0.6513089005235602,0.6513089005235602,0.5979057591623037,0.5926701570680628,0.5465494035169263,0.5465494035169263,0.5796609923309318,0.571396409481757,0.5612508714850104,0.5445498295762646,0.5217266054690526,0.5762791463320165,0.5038853706716244,0.7380777696258254,0.7380777696258254,0.7842377260981912,0.7872611464968153,0.7870311506675143,0.7888395688015218,0.7888395688015218,0.7032457496136012,0.7179115300942712
0.6261780104712041,0.6261780104712041,0.6492146596858639,0.6492146596858639,0.6534031413612565,0.6534031413612565,0.6534031413612565,0.5958115183246073,0.6,0.5834325857928576,0.5834325857928576,0.6323422612131071,0.6373484584398482,0.6398418738864359,0.6399048144705245,0.6339012510651483,0.6323422612131071,0.5492146951739096,0.716441620333598,0.716441620333598,0.7873015873015873,0.7873015873015873,0.7903736542115263,0.7903736542115263,0.7903736542115263,0.6553571428571429,0.7001569858712716
0.5308900523560209,0.5308900523560209,0.6513089005235602,0.6513089005235602,0.6534031413612565,0.6534031413612565,0.6534031413612565,0.5214659685863874,0.5235602094240838,0.497748663722984,0.497748663722984,0.510627275544194,0.4950252730653033,0.4786195677434348,0.45068847315826166,0.41712661708885274,0.510627275544194,0.4580936749554574,0.627906976744186,0.627906976744186,0.7880330999363463,0.7880330999363463,0.7903736542115263,0.7903736542115263,0.7903736542115263,0.5780240073868883,0.6481051817478731
0.6052356020942409,0.6052356020942409,0.6617801047120419,0.6638743455497382,0.6575916230366492,0.6554973821989529,0.6534031413612565,0.5476439790575917,0.612565445026178,0.5695348206677512,0.5695348206677512,0.5826869819505771,0.5844420559299713,0.5811183089317531,0.5731127507940197,0.5605851537686886,0.5826869819505771,0.5538650360213804,0.6942416869424168,0.6942416869424168,0.7930813581037797,0.794888178913738,0.7923809523809524,0.7913760304375397,0.7903736542115263,0.6176991150442478,0.7153846153846154
0.5581151832460733,0.5581151832460733,0.6617801047120419,0.6607329842931937,0.6534031413612565,0.6534031413612565,0.6534031413612565,0.4607329842931937,0.5979057591623037,0.502268281818886,0.502268281818886,0.4900336005887365,0.49087361530715,0.4935970059648307,0.4980875745603842,0.5069089394995739,0.4890023433263614,0.5114382407622589,0.6692789968652038,0.6692789968652038,0.7936102236421725,0.7936305732484077,0.7903736542115263,0.7903736542115263,0.7903736542115263,0.5279560036663611,0.7205240174672489
0.5968586387434555,0.5968586387434555,0.6534031413612565,0.6534031413612565,0.6534031413612565,0.6534031413612565,0.6534031413612565,0.562303664921466,0.6178010471204188,0.5184391703462701,0.5184391703462701,0.553535808350763,0.5655744054535595,0.5715779688589356,0.5778236114338834,0.5835124719188163,0.553535808350763,0.5330462274382214,0.7150259067357513,0.7150259067357513,0.7903736542115263,0.7903736542115263,0.7903736542115263,0.7903736542115263,0.7903736542115263,0.6516666666666666,0.7345454545454545
0.618848167539267,0.618848167539267,0.6638743455497382,0.6596858638743456,0.6534031413612565,0.6534031413612565,0.6534031413612565,0.6094240837696335,0.5979057591623037,0.5742771515996591,0.5742771515996591,0.6143194670385003,0.6130921256487721,0.6109473042063677,0.6037938647455264,0.5864271051204586,0.6149585560461694,0.5476121310713455,0.7115689381933439,0.7115689381933439,0.7883981542518128,0.7893713545042126,0.7903736542115263,0.7903736542115263,0.7903736542115263,0.6792777300085985,0.6981132075471698
0.5905759162303665,0.5905759162303665,0.6408376963350786,0.6523560209424084,0.6534031413612565,0.6534031413612565,0.6534031413612565,0.5256544502617801,0.6335078534031413,0.5342009450770779,0.5342009450770779,0.567745855604617,0.5881652335579828,0.5951879502672554,0.6084321016345186,0.6158784568905414,0.567745855604617,0.5549955457432798,0.6961926961926962,0.6961926961926962,0.7747866053841103,0.7888040712468194,0.7903736542115263,0.7903736542115263,0.7903736542115263,0.5428859737638748,0.7430249632892805
0.5696335078534032,0.562303664921466,0.6450261780104712,0.6523560209424084,0.6523560209424084,0.6534031413612565,0.6534031413612565,0.5225130890052356,0.606282722513089,0.46994345030598805,0.4643344759470137,0.404894356650399,0.41932953753195445,0.43452484700596483,0.4570745216515609,0.4917620458594778,0.4078235146022155,0.5135927453714463,0.707056307911618,0.7005730659025788,0.7833865814696486,0.7893401015228426,0.7893401015228426,0.7903736542115263,0.7903736542115263,0.6443057722308893,0.7302725968436155
0.587434554973822,0.5832460732984294,0.6544502617801047,0.6534031413612565,0.6534031413612565,0.6534031413612565,0.6534031413612565,0.5382198952879581,0.5633507853403141,0.47860020140986914,0.47539507320474084,0.4091985242853822,0.41149827639631265,0.41471066697652803,0.42138963126500895,0.4282211054303199,0.38525689441474936,0.45378708652877836,0.7252440725244073,0.7216783216783217,0.7906091370558376,0.7903736542115263,0.7903736542115263,0.7903736542115263,0.7903736542115263,0.6711409395973155,0.708187543736879
0.6136125654450262,0.6136125654450262,0.6523560209424084,0.6544502617801047,0.6544502617801047,0.6544502617801047,0.6534031413612565,0.5926701570680628,0.5340314136125655,0.5128180920288171,0.5128180920288171,0.5907579014640948,0.572606805329615,0.5487716902935936,0.518976586102719,0.4916821597335193,0.5798716012084592,0.470362247269347,0.7399577167019028,0.7399577167019028,0.7874519846350833,0.7900763358778626,0.7906091370558376,0.7908745247148289,0.7903736542115263,0.7116382505559674,0.6553059643687065
0.5937172774869109,0.5937172774869109,0.6544502617801047,0.6544502617801047,0.6534031413612565,0.6534031413612565,0.6534031413612565,0.512041884816754,0.6,0.4890822294523201,0.4890822294523201,0.4320653226431172,0.4469096173212488,0.4576700364087071,0.48362818576187155,0.5253408474707568,0.4320653226431172,0.5187151405995817,0.7275280898876404,0.7275280898876404,0.7895408163265306,0.7906091370558376,0.7903736542115263,0.7903736542115263,0.7903736542115263,0.631911532385466,0.7191176470588235
0.4827225130890052,0.4827225130890052,0.6670157068062827,0.6586387434554973,0.6534031413612565,0.6534031413612565,0.6534031413612565,0.45340314136125653,0.5602094240837696,0.5140865868773724,0.5140865868773724,0.5264035750251762,0.5289938221395926,0.5348085637927028,0.5432595476024479,0.5562325702997909,0.5264035750251762,0.5024522619877605,0.5099206349206349,0.5099206349206349,0.7916120576671035,0.7928843710292249,0.7903736542115263,0.7903736542115263,0.7903736542115263,0.41870824053452116,0.672386895475819
0.5989528795811518,0.5989528795811518,0.6534031413612565,0.6513089005235602,0.6565445026178011,0.6534031413612565,0.6534031413612565,0.5675392670157068,0.6198952879581152,0.5611806685258347,0.5611806685258347,0.5948320938879851,0.6025277906886668,0.6051906615539546,0.6088412154310946,0.6134044077775196,0.5952629948098225,0.5580554264466651,0.6903799514955538,0.6903799514955538,0.7860374919198448,0.7858520900321544,0.7918781725888325,0.7903736542115263,0.7903736542115263,0.631578947368421,0.7231121281464531
0.5738219895287958,0.5780104712041885,0.6429319371727749,0.6534031413612565,0.6554973821989529,0.6534031413612565,0.6534031413612565,0.574869109947644,0.643979057591623,0.5157060965218065,0.5182019327600899,0.4704663413122628,0.49258753582771714,0.5191024672708963,0.5558258772949105,0.5947449453869393,0.4676267526531877,0.5296716438143931,0.6837606837606838,0.6883217324052591,0.7790019442644199,0.789574062301335,0.7911111111111111,0.7903736542115263,0.7903736542115263,0.6833073322932918,0.7680763983628922
0.5738219895287958,0.5424083769633508,0.6649214659685864,0.6649214659685864,0.6659685863874345,0.6649214659685864,0.6649214659685864,0.5340314136125655,0.6335078534031413,0.5419498992950655,0.5143649779223798,0.5920433418545201,0.6004846424974823,0.6039754241227051,0.6054884189325277,0.6029901619025485,0.5621175149120767,0.5443561662406073,0.6644682605111294,0.633696563285834,0.795134443021767,0.795134443021767,0.7956438180653427,0.7948717948717948,0.795134443021767,0.6167097329888027,0.7485632183908046
0.5905759162303665,0.5905759162303665,0.6554973821989529,0.6554973821989529,0.6534031413612565,0.6534031413612565,0.6534031413612565,0.5445026178010471,0.6303664921465969,0.5625726237508715,0.5625726237508715,0.5924548764427918,0.6014069641335502,0.6086862847625687,0.6169000309861338,0.6220248470059648,0.5924548764427918,0.5731611666279339,0.676056338028169,0.676056338028169,0.790044671346522,0.7908455181182454,0.7903736542115263,0.7903736542115263,0.7903736542115263,0.6091644204851752,0.7286702536510377
0.5392670157068062,0.5392670157068062,0.6481675392670158,0.6481675392670158,0.6523560209424084,0.6534031413612565,0.6534031413612565,0.5267015706806283,0.5403141361256545,0.5133797157022232,0.5133797157022232,0.524094139747463,0.5165219033232629,0.49836838639708736,0.4767797660546906,0.4493231466418779,0.5424437408009916,0.4758792315438841,0.6290050590219224,0.6290050590219224,0.7857142857142857,0.7857142857142857,0.7896070975918885,0.7903736542115263,0.7903736542115263,0.5577299412915852,0.661003861003861
0.618848167539267,0.618848167539267,0.6450261780104712,0.6565445026178011,0.6544502617801047,0.6534031413612565,0.6534031413612565,0.5842931937172775,0.631413612565445,0.5593820202959175,0.5593820202959175,0.5987876675187853,0.6128694128127663,0.6226058370129367,0.6341990084437215,0.6466539817181811,0.5987876675187853,0.5526836896738709,0.7208588957055214,0.7208588957055214,0.7828315182575273,0.7913486005089059,0.7908745247148289,0.7903736542115263,0.7903736542115263,0.6544821583986075,0.7415565345080763
0.5403141361256545,0.5413612565445026,0.650261780104712,0.6544502617801047,0.6554973821989529,0.6534031413612565,0.6544502617801047,0.5507853403141362,0.5821989528795811,0.48155356727864285,0.4922849368657526,0.4763464443411573,0.4747099891548532,0.4736085289333024,0.4748358703230305,0.4769008056394764,0.5016509799364784,0.4852331706561315,0.656763096168882,0.6501597444089456,0.783678756476684,0.787917737789203,0.7889672867222579,0.7887683471601787,0.7903430749682337,0.6619385342789598,0.7147962830593281
0.5769633507853403,0.5769633507853403,0.6638743455497382,0.6565445026178011,0.6534031413612565,0.6534031413612565,0.6534031413612565,0.5036649214659686,0.6209424083769634,0.5379701177473081,0.5379701177473081,0.5605754706019057,0.567506197226741,0.5750154930668526,0.587489832674878,0.5991072120226199,0.5605754706019057,0.5446708691610505,0.6726094003241491,0.6726094003241491,0.7946257197696737,0.7913486005089059,0.7903736542115263,0.7903736542115263,0.7903736542115263,0.5586592178770949,0.7322485207100592
0.5863874345549738,0.5863874345549738,0.6649214659685864,0.6712041884816754,0.6534031413612565,0.6534031413612565,0.6534031413612565,0.5465968586387434,0.631413612565445,0.5849020063521575,0.5849020063521575,0.6077131265008907,0.6211122085366798,0.6277863312417693,0.6382296266170888,0.6549234061507476,0.6077131265008907,0.5753810326129056,0.6507515473032714,0.6507515473032714,0.7908496732026143,0.7989756722151088,0.7903736542115263,0.7903736542115263,0.7903736542115263,0.5824493731918997,0.7288135593220338
0.581151832460733,0.581151832460733,0.6513089005235602,0.6513089005235602,0.6534031413612565,0.6534031413612565,0.6534031413612565,0.5424083769633508,0.5403141361256545,0.5347916182508328,0.5347916182508328,0.5457965372995585,0.5218185955534898,0.510515919126191,0.48246620574792776,0.4448325780463243,0.5457965372995585,0.45885622433960804,0.6815286624203821,0.6815286624203821,0.7885714285714286,0.7885714285714286,0.7903736542115263,0.7903736542115263,0.7903736542115263,0.6183406113537118,0.6731198808637379
0.5403141361256545,0.5424083769633508,0.6429319371727749,0.6471204188481675,0.6492146596858639,0.6523560209424084,0.6523560209424084,0.5455497382198953,0.5968586387434555,0.5262389611898675,0.5150742698892246,0.5511706948640482,0.5568014563482842,0.5620448911612054,0.5660367766674415,0.5680508753582771,0.5580602680300566,0.5354621775505461,0.619254119687771,0.6330814441645676,0.7795733678086619,0.7843889955214332,0.7864882090503506,0.7893401015228426,0.7893401015228426,0.5874524714828897,0.7045280122793554
0.5947643979057592,0.5947643979057592,0.6565445026178011,0.6534031413612565,0.6534031413612565,0.6534031413612565,0.6534031413612565,0.5267015706806283,0.6366492146596858,0.504069350840499,0.504069350840499,0.5018736927724843,0.5232710705709195,0.5369315981098458,0.5624080099155628,0.595054806723991,0.5018736927724843,0.553143640096057,0.7205776173285199,0.7205776173285199,0.7918781725888325,0.7903736542115263,0.7903736542115263,0.7903736542115263,0.7903736542115263,0.6348949919224556,0.7480029048656499
0.6607329842931937,0.6607329842931937,0.6565445026178011,0.6565445026178011,0.6534031413612565,0.6534031413612565,0.6534031413612565,0.5790575916230366,0.6293193717277487,0.607037725617786,0.607037725617786,0.6281712371213882,0.6268640096057014,0.6221918816329692,0.6155080757610969,0.6055828298086606,0.6281712371213882,0.5439882059028585,0.7507692307692307,0.7507692307692307,0.7918781725888325,0.7918781725888325,0.7903736542115263,0.7903736542115263,0.7903736542115263,0.6492146596858639,0.7434782608695653
0.6565445026178011,0.6607329842931937,0.6670157068062827,0.6586387434554973,0.6534031413612565,0.6534031413612565,0.6534031413612565,0.6607329842931937,0.6303664921465969,0.6470994073901928,0.6623624990316833,0.6884465295530251,0.6845079014640948,0.6770978580835076,0.6562209504996513,0.616231892478116,0.6965610233170656,0.5533009915562785,0.7206132879045997,0.7167832167832168,0.7969348659003831,0.7928843710292249,0.7903736542115263,0.7903736542115263,0.7903736542115263,0.7132743362831858,0.739867354458364
0.5947643979057592,0.5947643979057592,0.6586387434554973,0.6554973821989529,0.6534031413612565,0.6534031413612565,0.6534031413612565,0.5706806282722513,0.574869109947644,0.5459175768843443,0.5459175768843443,0.6151715857153923,0.6096667053993338,0.5999012316988148,0.5806075218839569,0.545740859090557,0.6151715857153923,0.5079958749709506,0.6945540647198106,0.6945540647198106,0.7915601023017903,0.7911111111111111,0.7903736542115263,0.7903736542115263,0.7903736542115263,0.6345811051693404,0.6905487804878049
0.5528795811518324,0.5528795811518324,0.6544502617801047,0.6544502617801047,0.6534031413612565,0.6534031413612565,0.6534031413612565,0.47643979057591623,0.618848167539267,0.5138662948330622,0.5138662948330622,0.47946926562863107,0.500111356418003,0.5208817491672477,0.5559517584630878,0.6017555581377334,0.47946926562863107,0.566474939964366,0.6519967400162999,0.6519967400162999,0.7908745247148289,0.7908745247148289,0.7903736542115263,0.7903736542115263,0.7903736542115263,0.5421245421245421,0.7165109034267912
0.4586387434554974,0.4586387434554974,0.6376963350785341,0.6513089005235602,0.6534031413612565,0.6534031413612565,0.6534031413612565,0.4712041884816754,0.6,0.4594832093887985,0.4594832093887985,0.49756468355410954,0.49897358432101635,0.5020479897745759,0.5064586722441707,0.5209398481679448,0.49756468355410954,0.5187151405995817,0.5243790248390064,0.5243790248390064,0.7750325097529259,0.7885714285714286,0.7903736542115263,0.7903736542115263,0.7903736542115263,0.4528710725893825,0.7191176470588235
0.6418848167539267,0.6261780104712041,0.6596858638743456,0.6670157068062827,0.669109947643979,0.6712041884816754,0.6617801047120419,0.6282722513089005,0.6282722513089005,0.558568634286157,0.5508051553179951,0.6171421101557053,0.6239566387791464,0.62112915407855,0.6150941203811295,0.6100080370284298,0.6156412193043612,0.5410590479510419,0.7518142235123367,0.7357512953367875,0.7871643745907008,0.7937743190661478,0.7953367875647669,0.7976804123711341,0.7925497752087347,0.7300380228136882,0.7436823104693141
0.5162303664921466,0.5162303664921466,0.6565445026178011,0.6565445026178011,0.6544502617801047,0.6534031413612565,0.6534031413612565,0.47958115183246075,0.5884816753926702,0.4858214230381904,0.4858214230381904,0.5083686768920908,0.5090126074831514,0.5106539042528468,0.5139195522503679,0.5194534820667751,0.5107507359206755,0.5106103300023239,0.6124161073825504,0.6124161073825504,0.7905491698595147,0.7905491698595147,0.7908745247148289,0.7903736542115263,0.7903736542115263,0.5510388437217706,0.7082405345211581
0.5445026178010471,0.5539267015706806,0.6565445026178011,0.6565445026178011,0.6575916230366492,0.6575916230366492,0.6586387434554973,0.5141361256544502,0.5654450261780105,0.4570963087768224,0.4643078472383608,0.43992321248741195,0.440254860949725,0.4426030288945697,0.4484008250058099,0.4531334727709351,0.43902509876830115,0.49014495700673943,0.6803820720058781,0.689051094890511,0.7916137229987293,0.7916137229987293,0.7921169739351558,0.7918523233609166,0.7918263090676884,0.6414219474497682,0.6886721680420105
0.6136125654450262,0.6136125654450262,0.6921465968586388,0.675392670157068,0.6534031413612565,0.6534031413612565,0.6534031413612565,0.6073298429319371,0.6376963350785341,0.5922587923154389,0.5922587923154389,0.6705084630877682,0.6729510419087459,0.6763982492834456,0.673026086451313,0.658501336277016,0.6762118483228754,0.5787701409869084,0.6912133891213389,0.6912133891213389,0.8058124174372523,0.7992227979274611,0.7903736542115263,0.7903736542115263,0.7903736542115263,0.6562786434463794,0.735474006116208
0.6345549738219896,0.6178010471204188,0.6534031413612565,0.6523560209424084,0.650261780104712,0.6513089005235602,0.6523560209424084,0.6157068062827226,0.5643979057591623,0.5543782438608722,0.5635457820125495,0.5881555503911999,0.5719822410721203,0.550669590983035,0.5246727089627391,0.4927231001626772,0.5784191261910294,0.48579721512123325,0.7446964155084126,0.7168347556245152,0.7871382636655948,0.7871794871794872,0.7872611464968153,0.7888395688015218,0.7893401015228426,0.7135050741608119,0.6900149031296572
0.5926701570680628,0.5403141361256545,0.6534031413612565,0.6544502617801047,0.6544502617801047,0.6534031413612565,0.6481675392670158,0.5256544502617801,0.5664921465968586,0.49395528313579673,0.45885622433960804,0.4833401115500814,0.4777287163994113,0.47629560771554724,0.47269589046401733,0.47002091564025095,0.4696747424277636,0.48314402742272833,0.7235252309879175,0.6731198808637379,0.7898412698412698,0.7908745247148289,0.7908745247148289,0.7901077996195307,0.7862595419847328,0.6430260047281324,0.6946902654867256
0.5685863874345549,0.5685863874345549,0.6607329842931937,0.6607329842931937,0.6534031413612565,0.6534031413612565,0.6534031413612565,0.506806282722513,0.587434554973822,0.5500014524750175,0.5500014524750175,0.5804453288403439,0.5723671469517391,0.5626888217522659,0.54598777984352,0.5201530908668371,0.5804453288403439,0.5261227631884731,0.6490630323679727,0.6490630323679727,0.7885117493472585,0.7931034482758621,0.7903736542115263,0.7903736542115263,0.7903736542115263,0.5359605911330049,0.696923076923077
0.6523560209424084,0.6481675392670158,0.6596858638743456,0.6554973821989529,0.6554973821989529,0.6534031413612565,0.6534031413612565,0.6303664921465969,0.5979057591623037,0.6453128631187544,0.64707277868154,0.6603822914245874,0.6545457626462159,0.6401565768068789,0.612956561313812,0.5617519753660238,0.6594236579130839,0.5015081532264312,0.7152658662092625,0.7073170731707317,0.7912652536929994,0.7913760304375397,0.7913760304375397,0.7903736542115263,0.7903736542115263,0.6799637352674524,0.7261055634807418
0.5361256544502618,0.5361256544502618,0.6408376963350786,0.6534031413612565,0.6534031413612565,0.6534031413612565,0.6534031413612565,0.49842931937172774,0.5759162303664922,0.5045922418467735,0.5045922418467735,0.502490994654892,0.5130335424897359,0.5226295607715548,0.5364159694786583,0.5507349523588194,0.502490994654892,0.5073785730885428,0.6311407160699417,0.6311407160699417,0.7797045600513809,0.7890376035691523,0.7903736542115263,0.7903736542115263,0.7903736542115263,0.5326829268292683,0.6924829157175398
0.606282722513089,0.606282722513089,0.6492146596858639,0.6523560209424084,0.6534031413612565,0.6534031413612565,0.6534031413612565,0.4282722513089005,0.6031413612565445,0.5845219420559299,0.5845219420559299,0.5701618057169415,0.5640299403516926,0.5745966961034936,0.5744635525602293,0.5623959059570843,0.5701618057169415,0.5275026144550314,0.6850921273031826,0.6850921273031826,0.7851186658114175,0.7893401015228426,0.7903736542115263,0.7903736542115263,0.7903736542115263,0.41914893617021276,0.7182156133828996
0.5947643979057592,0.5947643979057592,0.6471204188481675,0.6513089005235602,0.6513089005235602,0.6544502617801047,0.6544502617801047,0.5821989528795811,0.6,0.49768572313889536,0.49768572313889536,0.4362532922767061,0.4596913974746301,0.48375406693004885,0.5106006468355411,0.5373746029901618,0.43146254551088387,0.5080757610969092,0.7241625089094796,0.7241625089094796,0.7852135117909497,0.7885714285714286,0.7885714285714286,0.7908745247148289,0.7908745247148289,0.7081199707388441,0.7251798561151079
0.5706806282722513,0.5706806282722513,0.6513089005235602,0.6481675392670158,0.6534031413612565,0.6534031413612565,0.6534031413612565,0.5329842931937173,0.5738219895287958,0.553731892478116,0.553731892478116,0.5469439925633279,0.5409041172825161,0.5361036873499109,0.524425788209776,0.49706357967309633,0.5469439925633279,0.5192525563560306,0.6495726495726496,0.6495726495726496,0.7841866493843163,0.7862595419847328,0.7903736542115263,0.7903736542115263,0.7903736542115263,0.5893186003683242,0.6812842599843383
0.6261780104712041,0.6261780104712041,0.6575916230366492,0.6575916230366492,0.6565445026178011,0.6534031413612565,0.6534031413612565,0.5298429319371728,0.6178010471204188,0.5813047098923232,0.5813047098923232,0.5886300255635605,0.5910774459679293,0.591900515144473,0.592854307072585,0.5914454063056782,0.5991653110233172,0.5720572856146875,0.7177865612648221,0.7177865612648221,0.7913209955328654,0.7918523233609166,0.7918781725888325,0.7903736542115263,0.7903736542115263,0.5994647636039251,0.7114624505928854
0.574869109947644,0.574869109947644,0.6554973821989529,0.6554973821989529,0.6565445026178011,0.6534031413612565,0.6534031413612565,0.5246073298429319,0.6115183246073298,0.5271467580757612,0.5271467580757612,0.5751050623595942,0.5778381361840577,0.5819728484003408,0.5851513478968162,0.5902858470834301,0.5725317607870478,0.5601566736385467,0.6772655007949125,0.6772655007949125,0.7903123008285532,0.7908455181182454,0.7918781725888325,0.7903736542115263,0.7903736542115263,0.5931899641577061,0.7099296325254105
0.5989528795811518,0.5937172774869109,0.6,0.6356020942408377,0.6471204188481675,0.6534031413612565,0.6534031413612565,0.4816753926701571,0.6429319371727749,0.5782036757301109,0.6046968200480285,0.5747976218142382,0.5859841002401425,0.6034283251994732,0.6244432179099854,0.6388033542489736,0.5852530211480362,0.5749743396080254,0.6778805719091674,0.6466302367941712,0.7415426251691475,0.77431906614786,0.7857596948506039,0.7903736542115263,0.7903736542115263,0.49126413155190135,0.7445692883895131
0.6628272251308901,0.643979057591623,0.6910994764397905,0.6712041884816754,0.6659685863874345,0.6607329842931937,0.6617801047120419,0.6083769633507854,0.6596858638743456,0.6114774575877294,0.6006008404988767,0.6726968587806957,0.6793516151522194,0.6856166240607329,0.6877783910450074,0.6853285498489425,0.6759770315283911,0.6041085676659694,0.7511591962905718,0.731437598736177,0.8060486522024983,0.7984595635430038,0.7959053103007038,0.7938931297709924,0.7943984723106302,0.6770293609671848,0.7509578544061303
0.6303664921465969,0.6335078534031413,0.6596858638743456,0.650261780104712,0.643979057591623,0.6397905759162303,0.6397905759162303,0.6240837696335079,0.5979057591623037,0.5731611666279339,0.5727278449144009,0.6033097064063832,0.5915833914323341,0.5807455070106128,0.5612847625687505,0.5374133356572933,0.6040165775815323,0.541228503369742,0.7286702536510377,0.7332317073170732,0.7874427730542839,0.783678756476684,0.7812097812097812,0.7792041078305519,0.7792041078305519,0.7078925956061839,0.7023255813953488
0.5413612565445026,0.5298429319371728,0.6513089005235602,0.6565445026178011,0.6554973821989529,0.6544502617801047,0.6534031413612565,0.5382198952879581,0.5989528795811518,0.5064707762026492,0.5196447246107367,0.561843965450461,0.5537633627701604,0.5424413200092958,0.5277640599581688,0.5094410876132931,0.5692733751646138,0.5278439460841273,0.6386138613861386,0.6057945566286216,0.7864015394483643,0.7913486005089059,0.7913760304375397,0.7908745247148289,0.7903736542115263,0.5803996194100857,0.7122464312546957
0.5832460732984294,0.5801047120418849,0.6481675392670158,0.6513089005235602,0.6534031413612565,0.6534031413612565,0.6534031413612565,0.5424083769633508,0.6198952879581152,0.49029020450848243,0.4900142342551708,0.490481447052444,0.4986032031915718,0.5099058796188705,0.5232008676117437,0.5374472267410334,0.4934904911302192,0.5183350763033543,0.7132564841498559,0.7092095721537346,0.7862595419847328,0.7888395688015218,0.7903736542115263,0.7903736542115263,0.7903736542115263,0.6630686198920586,0.7449051300070274
0.6010471204188481,0.6157068062827226,0.6596858638743456,0.6565445026178011,0.6565445026178011,0.6575916230366492,0.6586387434554973,0.6073298429319371,0.5759162303664922,0.5450509334572778,0.541373750871485,0.6058660624370594,0.6056021961422263,0.596913974746301,0.581152200015493,0.5620182624525525,0.6053625377643506,0.5236922883259741,0.704422032583398,0.7271375464684015,0.7907276239536382,0.7892030848329049,0.7908163265306123,0.7921169739351558,0.7926208651399491,0.699759807846277,0.6813532651455547
0.5947643979057592,0.5863874345549738,0.6356020942408377,0.6659685863874345,0.6617801047120419,0.6575916230366492,0.6565445026178011,0.5445026178010471,0.5958115183246073,0.5487547447517236,0.5444723642420017,0.5609337477728716,0.5677458556046169,0.5751728445270741,0.5845243628476257,0.5941663761716631,0.5570023820590286,0.5495560268030056,0.6926131850675139,0.6827309236947792,0.7719528178243774,0.794855305466238,0.7936102236421725,0.7921169739351558,0.7918781725888325,0.6304163126593033,0.6936507936507936
0.5821989528795811,0.5518324607329843,0.6544502617801047,0.6544502617801047,0.6534031413612565,0.6523560209424084,0.6523560209424084,0.5465968586387434,0.574869109947644,0.5100583894957007,0.49178625377643503,0.5471594430242466,0.5526619025486095,0.5583241343248896,0.5636135641800295,0.5681694941513673,0.5237770160353242,0.48813569989929506,0.6997742663656885,0.6671850699844479,0.7895408163265306,0.7906091370558376,0.7901077996195307,0.7896070975918885,0.7896070975918885,0.6482534524776604,0.7032163742690059
0.6471204188481675,0.6450261780104712,0.6554973821989529,0.6554973821989529,0.6565445026178011,0.6575916230366492,0.6534031413612565,0.6387434554973822,0.6544502617801047,0.5249825702997909,0.521961422263537,0.512162057479278,0.5203031799519715,0.5287372182198466,0.5339346579905493,0.543625087148501,0.47766577581532266,0.544777383995662,0.77367360644728,0.772635814889336,0.7913760304375397,0.7913760304375397,0.7918781725888325,0.7923809523809524,0.789574062301335,0.7667342799188641,0.7733516483516484
0.6722513089005235,0.6157068062827226,0.6649214659685864,0.6554973821989529,0.6544502617801047,0.6513089005235602,0.6513089005235602,0.5916230366492147,0.631413612565445,0.6115960763808196,0.6059193198543651,0.657554806723991,0.6504667286389341,0.6373944534820668,0.6161399023936788,0.582875803702843,0.6540858122240297,0.5498465218064916,0.763416477702192,0.6844368013757524,0.7927461139896373,0.7903123008285532,0.7903430749682337,0.7888395688015218,0.7888395688015218,0.6542553191489362,0.743065693430657
0.5026178010471204,0.5026178010471204,0.650261780104712,0.6554973821989529,0.6534031413612565,0.6534031413612565,0.6534031413612565,0.4638743455497382,0.5497382198952879,0.4229171508250058,0.4229171508250058,0.3931051010922612,0.40547050507397936,0.41539090944302426,0.43523171818111395,0.4640294561933535,0.3931051010922612,0.46393988690061205,0.6420497362471741,0.6420497362471741,0.787531806615776,0.7913760304375397,0.7903736542115263,0.7903736542115263,0.7903736542115263,0.5740432612312812,0.6833578792341679
0.5947643979057592,0.5958115183246073,0.6356020942408377,0.6356020942408377,0.6460732984293194,0.6460732984293194,0.6471204188481675,0.587434554973822,0.6031413612565445,0.5246388178789991,0.5282772677976606,0.5373867069486404,0.5312548415833914,0.5255732434735456,0.5188773336431947,0.5087777906886668,0.5358422418467736,0.5019681036486172,0.7083647324792766,0.7075757575757575,0.7757731958762887,0.7757731958762887,0.7838874680306905,0.7841634738186463,0.7849393746011487,0.6926677067082684,0.7325335215243473
0.5109947643979058,0.5109947643979058,0.6261780104712041,0.631413612565445,0.6513089005235602,0.6534031413612565,0.6534031413612565,0.4638743455497382,0.5738219895287958,0.4428039546053142,0.4428039546053142,0.4221061856069408,0.43149643659462383,0.43897668293438685,0.45207316600821124,0.4693309900069718,0.4243841505926098,0.49300875358277163,0.6399383191981496,0.6399383191981496,0.7692307692307693,0.7731958762886598,0.7885714285714286,0.7903736542115263,0.7903736542115263,0.5768595041322314,0.698741672834937
0.5413612565445026,0.5413612565445026,0.6607329842931937,0.6575916230366492,0.6554973821989529,0.6534031413612565,0.6534031413612565,0.4722513089005236,0.46596858638743455,0.46107609032457975,0.46107609032457975,0.4575828879076614,0.4477593152064451,0.44135874196297153,0.43606689131613596,0.4315303276783639,0.4642521690293593,0.4282090014718414,0.673134328358209,0.673134328358209,0.7938931297709924,0.7923809523809524,0.7913760304375397,0.7903736542115263,0.7903736542115263,0.5728813559322034,0.5742904841402338
0.5528795811518324,0.5528795811518324,0.6513089005235602,0.6513089005235602,0.6534031413612565,0.6534031413612565,0.6534031413612565,0.5036649214659686,0.5717277486910994,0.5507494771089938,0.5507494771089938,0.5518969323727632,0.5454043690448526,0.5337337322798048,0.518594101014796,0.5013701680997753,0.5518969323727632,0.49069689751336276,0.6197684772929652,0.6197684772929652,0.7869481765834933,0.7883026064844246,0.7903736542115263,0.7903736542115263,0.7903736542115263,0.5389105058365758,0.6972612879348631
0.6303664921465969,0.6198952879581152,0.6743455497382199,0.6732984293193718,0.6628272251308901,0.6617801047120419,0.6596858638743456,0.6083769633507854,0.643979057591623,0.5504638236888992,0.5587647184135099,0.6333638353086993,0.6392778294213339,0.6436497792237974,0.6463755906731738,0.6437030366411032,0.623319970563173,0.560880490355566,0.7413919413919414,0.7226890756302521,0.7989657401422108,0.7984496124031008,0.7935897435897435,0.794136392606756,0.7931253978357734,0.7059748427672956,0.7532656023222061
0.5958115183246073,0.5989528795811518,0.6513089005235602,0.6513089005235602,0.650261780104712,0.650261780104712,0.650261780104712,0.5769633507853403,0.5821989528795811,0.5268586838639708,0.5391926175536448,0.5594086490045704,0.5566876791385855,0.5459175768843443,0.5314848167944846,0.5182188783019599,0.563676504764118,0.49941900999302813,0.7084592145015106,0.7051578137028484,0.7847446670976083,0.7852998065764023,0.785622593068036,0.7867177522349936,0.7869897959183674,0.6813880126182965,0.7064017660044151
0.5612565445026177,0.5612565445026177,0.6387434554973822,0.6513089005235602,0.6513089005235602,0.6523560209424084,0.6523560209424084,0.53717277486911,0.5413612565445026,0.4812654930668526,0.4812654930668526,0.4983804903555659,0.4876951158106747,0.47679671159656056,0.4653754163761717,0.4544237547447517,0.4927860407467658,0.4788083894957007,0.6884758364312268,0.6884758364312268,0.7766990291262136,0.7880330999363463,0.7888395688015218,0.7896070975918885,0.7896070975918885,0.632890365448505,0.6604651162790698
0.556020942408377,0.5979057591623037,0.3633507853403141,0.36020942408376966,0.34554973821989526,0.34554973821989526,0.34554973821989526,0.4743455497382199,0.5591623036649215,0.6000121212121212,0.6005454545454546,0.6307878787878787,0.6319927272727273,0.6323224242424241,0.635190303030303,0.6305793939393939,0.6223466666666666,0.5945454545454545,0.5742971887550201,0.6583629893238434,0.058823529411764705,0.049766718506998445,0.0,0.0,0.0,0.4052132701421801,0.5876591576885406
0.4848167539267016,0.5078534031413613,0.34659685863874345,0.3424083769633508,0.34554973821989526,0.34554973821989526,0.34554973821989526,0.4523560209424084,0.5151832460732985,0.5241575757575758,0.5374666666666666,0.5503030303030303,0.5573212121212121,0.5570787878787878,0.5528509090909091,0.5478303030303031,0.5716315151515151,0.5351999999999999,0.5020242914979757,0.5401174168297456,0.04,0.006329113924050633,0.0,0.0,0.0,0.4143337066069429,0.5594671741198858
0.6150627615062761,0.6150627615062761,0.5481171548117155,0.5700836820083682,0.5763598326359832,0.5847280334728033,0.5711297071129707,0.5481171548117155,0.6182008368200836,0.5919081570996979,0.5919081570996979,0.5979987915407855,0.6099311178247734,0.6192555891238671,0.6269679758308158,0.6293341389728097,0.5979987915407855,0.5950187311178248,0.6938435940099834,0.6938435940099834,0.5947467166979362,0.6280542986425339,0.6314831665150137,0.6413730803974707,0.6065259117082533,0.5947467166979362,0.6965918536990856
0.5763598326359832,0.5763598326359832,0.5198744769874477,0.5366108786610879,0.5366108786610879,0.5094142259414226,0.4790794979079498,0.5198744769874477,0.5261506276150628,0.4983564954682779,0.4983564954682779,0.492082175226586,0.49464894259818726,0.49656314199395774,0.49867552870090637,0.5024531722054381,0.492082175226586,0.4876688821752266,0.6988847583643123,0.6988847583643123,0.6093617021276596,0.6311407160699417,0.6311407160699417,0.593939393939394,0.5257142857142857,0.6093617021276596,0.6283839212469237
0.6893305439330544,0.6893305439330544,0.6621338912133892,0.6642259414225942,0.6642259414225942,0.6182008368200836,0.5428870292887029,0.6621338912133892,0.6370292887029289,0.667893655589124,0.667893655589124,0.6922827794561933,0.6966090634441088,0.6949341389728096,0.6858851963746224,0.6612688821752266,0.6922827794561933,0.6229196374622357,0.756357670221493,0.756357670221493,0.7087466185752931,0.7156775907883083,0.7151730257320319,0.663594470046083,0.5462097611630322,0.7087466185752931,0.7066779374471682
0.6077405857740585,0.6077405857740585,0.5481171548117155,0.5523012552301255,0.5523012552301255,0.5502092050209205,0.5282426778242678,0.5481171548117155,0.5930962343096234,0.5927033232628398,0.5927033232628398,0.612826586102719,0.6080942598187311,0.6057667673716013,0.5946078549848943,0.5822453172205437,0.612826586102719,0.5573438066465257,0.6813933729821581,0.6813933729821581,0.5764705882352941,0.599250936329588,0.599250936329588,0.6062271062271062,0.570884871550904,0.5764705882352941,0.6839967506092608
0.5135983263598326,0.5135983263598326,0.448744769874477,0.46234309623430964,0.46234309623430964,0.4497907949790795,0.4435146443514644,0.448744769874477,0.5115062761506276,0.5221244712990936,0.5221244712990936,0.5085800604229608,0.5031613293051359,0.5028712990936556,0.4961474320241692,0.4901848942598187,0.5085800604229608,0.493522658610272,0.5706371191135734,0.5706371191135734,0.42529989094874593,0.47764227642276424,0.47764227642276424,0.4665314401622718,0.4388185654008439,0.42529989094874593,0.5963699222126189
0.553347280334728,0.553347280334728,0.48430962343096234,0.5,0.49686192468619245,0.5010460251046025,0.47384937238493724,0.48430962343096234,0.5219665271966527,0.4637027190332326,0.4637027190332326,0.4142380664652568,0.4289691842900302,0.4499287009063444,0.47211842900302115,0.4966864048338369,0.4142380664652568,0.49512749244712995,0.6885485047410649,0.6885485047410649,0.5968928863450531,0.6182108626198083,0.6021505376344086,0.5848563968668408,0.5102239532619279,0.5968928863450531,0.6143459915611814
0.549163179916318,0.549163179916318,0.48535564853556484,0.5052301255230126,0.5052301255230126,0.50418410041841,0.48430962343096234,0.48535564853556484,0.5460251046025104,0.5308495468277945,0.5308495468277945,0.5295154078549849,0.5313546827794562,0.5307069486404834,0.5303492447129909,0.5282199395770394,0.5295154078549849,0.538397583081571,0.6313088109495295,0.6313088109495295,0.5050301810865191,0.5429951690821256,0.5429951690821256,0.5415860735009671,0.49122807017543857,0.5050301810865191,0.6186291739894552
0.6558577405857741,0.6558577405857741,0.602510460251046,0.6161087866108786,0.6098326359832636,0.5700836820083682,0.5428870292887029,0.602510460251046,0.6129707112970711,0.6636108761329305,0.6636108761329305,0.684754078549849,0.6755577039274925,0.6719057401812688,0.6540882175226586,0.6296773413897281,0.684754078549849,0.5967033232628399,0.7080745341614907,0.7080745341614907,0.6281800391389433,0.6481303930968361,0.6410009624639076,0.5990243902439024,0.5471502590673575,0.6281800391389433,0.6869712351945855
0.5397489539748954,0.5397489539748954,0.45083682008368203,0.4592050209205021,0.4560669456066946,0.4372384937238494,0.4089958158995816,0.45083682008368203,0.46234309623430964,0.4518815709969788,0.4518815709969788,0.38407975830815716,0.3858441087613293,0.39145861027190326,0.40124954682779457,0.41347673716012084,0.38407975830815716,0.43247371601208456,0.6769456681350955,0.6769456681350955,0.5584524810765349,0.5723738626964433,0.5622895622895623,0.522202486678508,0.4411473788328388,0.5584524810765349,0.5629251700680272
0.5617154811715481,0.5617154811715481,0.4905857740585774,0.497907949790795,0.497907949790795,0.4790794979079498,0.4361924686192469,0.4905857740585774,0.5146443514644351,0.5106054380664653,0.5106054380664653,0.49942477341389724,0.49887371601208463,0.4981945619335348,0.49203383685800606,0.4921280966767372,0.49942477341389724,0.47318429003021145,0.6687747035573123,0.6687747035573123,0.566340160284951,0.5854922279792746,0.5854922279792746,0.5608465608465608,0.4861773117254528,0.566340160284951,0.6209150326797386
0.5240585774058577,0.5240585774058577,0.46443514644351463,0.49686192468619245,0.4989539748953975,0.5031380753138075,0.4895397489539749,0.46443514644351463,0.5617154811715481,0.5308350453172205,0.5308350453172205,0.5612229607250756,0.5571818731117825,0.5498537764350453,0.5382138972809668,0.5289836858006042,0.5612229607250756,0.524106344410876,0.5829514207149404,0.5829514207149404,0.4260089686098655,0.5251727541954591,0.5326829268292683,0.5514636449480642,0.5325670498084292,0.4260089686098655,0.658516707416463
0.5198744769874477,0.5198744769874477,0.4780334728033473,0.48221757322175735,0.48221757322175735,0.4801255230125523,0.46443514644351463,0.4780334728033473,0.547071129707113,0.5304773413897281,0.5304773413897281,0.5484398791540785,0.5506392749244712,0.5488265861027188,0.5490078549848942,0.5494211480362539,0.5484398791540785,0.5377764350453172,0.5746061167747915,0.5746061167747915,0.4730728616684266,0.4943820224719101,0.4943820224719101,0.49848637739656915,0.4553191489361702,0.4730728616684266,0.621172353455818
0.6579497907949791,0.6579497907949791,0.602510460251046,0.6317991631799164,0.6328451882845189,0.6359832635983264,0.6129707112970711,0.602510460251046,0.6673640167364017,0.6112072507552869,0.6112072507552869,0.6621438066465256,0.6737909365558912,0.6815347432024169,0.6891746223564955,0.6908036253776435,0.6621438066465256,0.6411456193353474,0.7447306791569087,0.7447306791569087,0.6570397111913358,0.697594501718213,0.6987124463519313,0.697391304347826,0.6599264705882353,0.6570397111913358,0.7406199021207178
0.5794979079497908,0.5794979079497908,0.5167364016736402,0.5324267782426778,0.5334728033472803,0.5397489539748954,0.5292887029288703,0.5167364016736402,0.5805439330543933,0.5227842900302115,0.5227842900302115,0.5325728096676736,0.542291238670695,0.5459601208459215,0.5553353474320242,0.5626078549848943,0.5325728096676736,0.5321111782477341,0.687402799377916,0.687402799377916,0.5968586387434555,0.6215071972904318,0.6207482993197279,0.6206896551724138,0.5746691871455577,0.5968586387434555,0.6825019794140934
0.497907949790795,0.497907949790795,0.49267782426778245,0.48640167364016734,0.50418410041841,0.5083682008368201,0.5,0.49267782426778245,0.5627615062761506,0.5193619335347432,0.5193619335347432,0.5605413897280966,0.5637027190332327,0.5653752265861027,0.5657981873111783,0.5648483383685801,0.5605413897280966,0.53769667673716,0.5393474088291746,0.5393474088291746,0.503582395087001,0.5104685942173479,0.5380116959064327,0.5532319391634981,0.5171717171717172,0.503582395087001,0.6493288590604027
0.5261506276150628,0.5261506276150628,0.48535564853556484,0.5135983263598326,0.5104602510460251,0.5156903765690377,0.5052301255230126,0.48535564853556484,0.549163179916318,0.5217764350453172,0.5217764350453172,0.534412084592145,0.5441933534743203,0.5473885196374623,0.5538972809667674,0.5615927492447129,0.534412084592145,0.5358235649546829,0.5966162065894924,0.5966162065894924,0.4765957446808511,0.5454545454545454,0.5420743639921722,0.550921435499515,0.5207700101317123,0.4765957446808511,0.6268398268398269
0.4916317991631799,0.4916317991631799,0.4089958158995816,0.4372384937238494,0.4382845188284519,0.4372384937238494,0.4330543933054393,0.4089958158995816,0.4769874476987448,0.5067456193353475,0.5067456193353475,0.49506223564954677,0.4941631419939576,0.49674441087613286,0.499216918429003,0.5068326283987915,0.49506223564954677,0.4948350453172205,0.5406427221172023,0.5406427221172023,0.33136094674556216,0.4100877192982456,0.411829134720701,0.40748898678414097,0.3840909090909091,0.33136094674556216,0.5219885277246654
0.5753138075313807,0.5753138075313807,0.5334728033472803,0.5585774058577406,0.5585774058577406,0.5523012552301255,0.5292887029288703,0.5334728033472803,0.5836820083682008,0.5224265861027191,0.5224265861027191,0.5411262839879154,0.5429293051359517,0.5433933534743202,0.5441280966767371,0.543185498489426,0.5411262839879154,0.5245631419939577,0.6813186813186813,0.6813186813186813,0.5923217550274223,0.6349480968858131,0.6349480968858131,0.6278260869565218,0.5886654478976234,0.5923217550274223,0.6924265842349304
0.6715481171548117,0.6715481171548117,0.6129707112970711,0.6192468619246861,0.6108786610878661,0.5742677824267782,0.5387029288702929,0.6129707112970711,0.5847280334728033,0.6393716012084592,0.6393716012084592,0.6853486404833836,0.679966163141994,0.6668737160120846,0.6406960725075528,0.611258006042296,0.6853486404833836,0.5481015105740181,0.747588424437299,0.747588424437299,0.6586715867158671,0.680140597539543,0.671957671957672,0.6336633663366337,0.5795996186844614,0.6586715867158671,0.677497969130788
0.48221757322175735,0.48221757322175735,0.47175732217573224,0.4884937238493724,0.5010460251046025,0.5261506276150628,0.5240585774058577,0.47175732217573224,0.5711297071129707,0.46899093655589125,0.46899093655589125,0.4813099697885197,0.4957945619335347,0.5133728096676737,0.5367806646525679,0.5580543806646525,0.4813099697885197,0.5419649546827795,0.5638766519823789,0.5638766519823789,0.4873096446700508,0.5302593659942363,0.547867298578199,0.5824884792626728,0.5645933014354066,0.4873096446700508,0.6600331674958541
0.5711297071129707,0.5711297071129707,0.5177824267782427,0.5230125523012552,0.5292887029288703,0.5073221757322176,0.49372384937238495,0.5177824267782427,0.5376569037656904,0.5718090634441088,0.5718090634441088,0.6067262839879154,0.6011117824773414,0.5930537764350454,0.5818441087613292,0.5701897280966768,0.6067262839879154,0.5391033232628398,0.6345811051693404,0.6345811051693404,0.49396267837541163,0.5346938775510204,0.5445344129554656,0.5218274111675127,0.49372384937238495,0.49396267837541163,0.6018018018018018
0.5993723849372385,0.5993723849372385,0.5261506276150628,0.5271966527196653,0.5292887029288703,0.5167364016736402,0.48535564853556484,0.5261506276150628,0.5376569037656904,0.5237728096676737,0.5237728096676737,0.5152314199395771,0.5140567975830815,0.5137353474320241,0.508744410876133,0.5068664652567976,0.5152314199395771,0.49717945619335346,0.7152416356877324,0.7152416356877324,0.6131511528608027,0.6233333333333333,0.6237458193979933,0.6017241379310345,0.5349716446124764,0.6131511528608027,0.6400651465798045
0.48535564853556484,0.48535564853556484,0.42887029288702927,0.4320083682008368,0.4309623430962343,0.4320083682008368,0.41631799163179917,0.42887029288702927,0.47594142259414224,0.4614429003021148,0.4614429003021148,0.47737039274924464,0.47606525679758305,0.47430574018126886,0.47879637462235647,0.4944628398791541,0.47737039274924464,0.4776918429003021,0.5780445969125214,0.5780445969125214,0.4572564612326044,0.4783861671469741,0.4749034749034749,0.46502463054187193,0.41014799154334036,0.4572564612326044,0.5407882676443629
0.5753138075313807,0.5753138075313807,0.5198744769874477,0.5324267782426778,0.5324267782426778,0.5198744769874477,0.4989539748953975,0.5198744769874477,0.5387029288702929,0.5281111782477341,0.5281111782477341,0.542361329305136,0.5377788519637463,0.533520241691843,0.5277655589123866,0.5225957703927494,0.542361329305136,0.5029534743202417,0.6772655007949125,0.6772655007949125,0.5753931544865865,0.6047745358090185,0.6047745358090185,0.5868586858685868,0.542502387774594,0.5753931544865865,0.6370370370370371
0.4916317991631799,0.4916317991631799,0.4225941422594142,0.44142259414225943,0.4476987447698745,0.4456066945606695,0.42782426778242677,0.4225941422594142,0.5052301255230126,0.465532326283988,0.465532326283988,0.45053776435045323,0.4433135951661631,0.4419480362537764,0.4410634441087613,0.44343202416918426,0.45053776435045323,0.4645631419939577,0.58603066439523,0.58603066439523,0.4491017964071856,0.5091911764705882,0.5155963302752293,0.5181818181818182,0.4815165876777251,0.4491017964071856,0.6119770303527482
0.4592050209205021,0.4592050209205021,0.44142259414225943,0.45292887029288703,0.45397489539748953,0.46234309623430964,0.45292887029288703,0.44142259414225943,0.5292887029288703,0.4904725075528701,0.4904725075528701,0.48564833836858007,0.4899166163141994,0.4955117824773414,0.5046138972809668,0.5175444108761329,0.48564833836858007,0.5106755287009064,0.48454636091724823,0.48454636091724823,0.4092920353982301,0.4569055036344756,0.4573804573804574,0.4797570850202429,0.43823845327604727,0.4092920353982301,0.6134020618556701
0.5826359832635983,0.5826359832635983,0.5387029288702929,0.5397489539748954,0.5313807531380753,0.5073221757322176,0.4801255230125523,0.5387029288702929,0.5209205020920502,0.521631419939577,0.521631419939577,0.5517365558912386,0.5459552870090635,0.5405268882175227,0.5291045317220543,0.5219432024169184,0.5517365558912386,0.5106706948640484,0.6928406466512702,0.6928406466512702,0.5987261146496815,0.6106194690265486,0.6,0.5577464788732395,0.48497409326424873,0.5987261146496815,0.5975395430579965
0.46548117154811713,0.46548117154811713,0.4361924686192469,0.4361924686192469,0.4361924686192469,0.4361924686192469,0.4006276150627615,0.4361924686192469,0.46548117154811713,0.4398477341389728,0.4398477341389728,0.41552628398791536,0.41411480362537767,0.4148543806646526,0.4134163141993958,0.4137474320241692,0.41552628398791536,0.4398477341389728,0.5613733905579399,0.5613733905579399,0.4871550903901047,0.4871550903901047,0.4871550903901047,0.4871550903901047,0.40250260688216893,0.4871550903901047,0.5613733905579399
0.5815899581589958,0.5815899581589958,0.5543933054393305,0.5428870292887029,0.5366108786610879,0.5167364016736402,0.4769874476987448,0.5543933054393305,0.5334728033472803,0.527226586102719,0.527226586102719,0.5629293051359517,0.5541220543806646,0.5443697885196375,0.5290513595166163,0.5165728096676736,0.5629293051359517,0.5003746223564954,0.6875,0.6875,0.625,0.6280851063829788,0.6203941730934018,0.5947368421052631,0.5283018867924528,0.625,0.6301824212271974
0.5428870292887029,0.5428870292887029,0.502092050209205,0.5,0.502092050209205,0.49686192468619245,0.4665271966527197,0.502092050209205,0.5460251046025104,0.5253389728096677,0.5253389728096677,0.5494283987915409,0.5452108761329305,0.5410731117824773,0.534368580060423,0.5248241691842901,0.5494283987915409,0.5227649546827795,0.6248927038626609,0.6248927038626609,0.5458015267175572,0.5482041587901701,0.5492424242424242,0.5352657004830917,0.46875,0.5458015267175572,0.6328257191201354
0.5669456066945606,0.5669456066945606,0.5094142259414226,0.5198744769874477,0.5198744769874477,0.5052301255230126,0.4696652719665272,0.5094142259414226,0.5313807531380753,0.5273957703927493,0.5273957703927493,0.5457450151057402,0.5380350453172205,0.5345933534743202,0.5246090634441087,0.5109196374622357,0.5457450151057402,0.5023274924471299,0.6645056726094003,0.6645056726094003,0.5693296602387512,0.5861136158701533,0.5861136158701533,0.5656565656565656,0.4955223880597015,0.5693296602387512,0.6247906197654941
0.5052301255230126,0.5052301255230126,0.47384937238493724,0.5125523012552301,0.5292887029288703,0.553347280334728,0.5439330543933054,0.47384937238493724,0.5910041841004184,0.5093293051359516,0.5093293051359516,0.5356688821752266,0.5461848942598188,0.5546779456193353,0.564833836858006,0.5739915407854985,0.5356688821752266,0.5507697885196374,0.5672461116193962,0.5672461116193962,0.4677248677248677,0.544921875,0.5738636363636364,0.6107566089334548,0.5985267034990792,0.4677248677248677,0.6854384553499597
