Accuracy,Accuracy,Accuracy,Accuracy,Accuracy,Accuracy,Accuracy,Accuracy,Accuracy,AUROC,AUROC,AUROC,AUROC,AUROC,AUROC,AUROC,AUROC,AUROC,F1,F1,F1,F1,F1,F1,F1,F1,F1
Metric,Mismatch,Mix0.00,Mix0.25,Mix0.50,Mix0.75,KR,ExtraTrees,KNN,Metric,Mismatch,Mix0.00,Mix0.25,Mix0.50,Mix0.75,KR,ExtraTrees,KNN,Metric,Mismatch,Mix0.00,Mix0.25,Mix0.50,Mix0.75,KR,ExtraTrees,KNN
0.8376436781609196,0.8376436781609196,0.6752873563218391,0.6551724137931034,0.6551724137931034,0.6551724137931034,0.6551724137931034,0.8376436781609196,0.882183908045977,0.7665570175438596,0.7665570175438596,0.9736613669590642,0.9829404239766082,0.9829769736842106,0.983232821637427,0.9814967105263159,0.9736613669590642,0.8350877192982455,0.6954177897574124,0.6954177897574124,0.11023622047244094,0.0,0.0,0.0,0.0,0.6954177897574124,0.8
0.9367816091954023,0.9367816091954023,0.7413793103448276,0.6551724137931034,0.6551724137931034,0.6551724137931034,0.6551724137931034,0.9367816091954023,0.8204022988505747,0.9191885964912281,0.9191885964912281,0.9880802266081872,0.9898848684210526,0.989875730994152,0.9899122807017544,0.9129568713450292,0.9880802266081872,0.7484649122807017,0.9039301310043668,0.9039301310043668,0.4,0.0,0.0,0.0,0.0,0.9039301310043668,0.6648793565683646
0.9554597701149425,0.9554597701149425,0.6623563218390804,0.6566091954022989,0.6551724137931034,0.6551724137931034,0.6551724137931034,0.9367816091954023,0.9640804597701149,0.9521929824561405,0.9521929824561405,0.9884731359649123,0.9913377192982455,0.9914016812865496,0.991922514619883,0.9903326023391813,0.9884731359649123,0.9656798245614033,0.9358178053830227,0.9358178053830227,0.04081632653061224,0.008298755186721992,0.0,0.0,0.0,0.9030837004405287,0.9490835030549898
0.8793103448275862,0.8793103448275862,0.6795977011494253,0.6551724137931034,0.6551724137931034,0.6551724137931034,0.6551724137931034,0.8793103448275862,0.9410919540229885,0.8309210526315789,0.8309210526315789,0.9849506578947369,0.9877284356725147,0.9877832602339182,0.9881578947368421,0.986312134502924,0.9849506578947369,0.924451754385965,0.7941176470588235,0.7941176470588235,0.13229571984435798,0.0,0.0,0.0,0.0,0.7941176470588235,0.9106753812636166
0.9540229885057471,0.9540229885057471,0.6968390804597702,0.6551724137931034,0.6551724137931034,0.6551724137931034,0.6551724137931034,0.9540229885057471,0.9367816091954023,0.9530701754385965,0.9530701754385965,0.9856953581871346,0.9889528508771929,0.9889528508771929,0.989108187134503,0.9722404970760234,0.9856953581871346,0.9241228070175438,0.9344262295081968,0.9344262295081968,0.21561338289962825,0.0,0.0,0.0,0.0,0.9344262295081968,0.905982905982906
0.9497126436781609,0.9497126436781609,0.7169540229885057,0.6580459770114943,0.6551724137931034,0.6551724137931034,0.6551724137931034,0.9497126436781609,0.9612068965517241,0.9438596491228071,0.9448464912280702,0.9905016447368422,0.9915844298245614,0.9919956140350877,0.9930098684210525,0.9921326754385965,0.9901452850877193,0.9694078947368422,0.9269311064718163,0.9272349272349273,0.303886925795053,0.01652892561983471,0.0,0.0,0.0,0.9269311064718163,0.9465346534653465
0.9195402298850575,0.9195402298850575,0.6752873563218391,0.6551724137931034,0.6551724137931034,0.6551724137931034,0.6551724137931034,0.8663793103448276,0.9554597701149425,0.8882675438596492,0.8882675438596492,0.9896472953216375,0.9926260964912281,0.992671783625731,0.9927448830409357,0.9919225146198831,0.9896472953216375,0.9452850877192983,0.8709677419354839,0.8709677419354839,0.11023622047244094,0.0,0.0,0.0,0.0,0.7645569620253164,0.9339019189765458
0.8836206896551724,0.9080459770114943,0.6637931034482759,0.6594827586206896,0.6566091954022989,0.6551724137931034,0.6551724137931034,0.8836206896551724,0.9511494252873564,0.8351973684210525,0.8765350877192982,0.9859100877192982,0.989281798245614,0.9897295321637427,0.9902960526315789,0.9895924707602338,0.9846491228070177,0.9429824561403508,0.800982800982801,0.8532110091743119,0.04878048780487805,0.024691358024691357,0.008298755186721992,0.0,0.0,0.800982800982801,0.9282700421940928
0.9482758620689655,0.9482758620689655,0.728448275862069,0.6551724137931034,0.6551724137931034,0.6551724137931034,0.6551724137931034,0.9482758620689655,0.9669540229885057,0.937828947368421,0.937828947368421,0.9867096125730994,0.9883497807017544,0.9885142543859649,0.9896472953216374,0.9911184210526316,0.9867096125730994,0.9678728070175437,0.9234042553191489,0.9234042553191489,0.35494880546075086,0.0,0.0,0.0,0.0,0.9234042553191489,0.9529652351738241
0.860632183908046,0.860632183908046,0.6695402298850575,0.6551724137931034,0.6551724137931034,0.6551724137931034,0.6551724137931034,0.860632183908046,0.9554597701149425,0.8028508771929824,0.8028508771929824,0.9863623903508772,0.9888888888888889,0.9892543859649123,0.9904605263157895,0.9930921052631578,0.9857273391812866,0.9452850877192983,0.7531806615776081,0.7531806615776081,0.08,0.0,0.0,0.0,0.0,0.7531806615776081,0.9339019189765458
0.9583333333333334,0.9583333333333334,0.6925287356321839,0.6566091954022989,0.6551724137931034,0.6551724137931034,0.6551724137931034,0.9037356321839081,0.9640804597701149,0.9504385964912281,0.9504385964912281,0.9871482090643275,0.9894919590643274,0.9896929824561405,0.9910361842105262,0.9873994883040935,0.9871482090643275,0.9587719298245614,0.9386892177589852,0.9386892177589852,0.19548872180451127,0.008298755186721992,0.0,0.0,0.0,0.8452655889145496,0.9475890985324947
0.9267241379310345,0.9267241379310345,0.6867816091954023,0.6551724137931034,0.6551724137931034,0.6551724137931034,0.6551724137931034,0.9267241379310345,0.9540229885057471,0.9006578947368421,0.9006578947368421,0.9894645467836257,0.991547880116959,0.991657529239766,0.9929276315789475,0.9889619883040935,0.9894645467836257,0.9451754385964912,0.8848758465011287,0.8848758465011287,0.16793893129770993,0.0,0.0,0.0,0.0,0.8848758465011287,0.9322033898305084
0.9482758620689655,0.9482758620689655,0.6867816091954023,0.6551724137931034,0.6551724137931034,0.6551724137931034,0.6551724137931034,0.9482758620689655,0.9626436781609196,0.9328947368421052,0.9328947368421052,0.9906112938596491,0.9916027046783626,0.9918494152046784,0.9918859649122806,0.9883040935672515,0.9906112938596491,0.9645833333333333,0.9217391304347826,0.9217391304347826,0.17424242424242425,0.0,0.0,0.0,0.0,0.9217391304347826,0.9471544715447154
0.9123563218390804,0.9123563218390804,0.6695402298850575,0.6551724137931034,0.6551724137931034,0.6551724137931034,0.6551724137931034,0.8591954022988506,0.9640804597701149,0.8788377192982457,0.8788377192982457,0.986814692982456,0.9901589912280702,0.9906889619883041,0.9927266081871344,0.9924890350877192,0.986814692982456,0.9646929824561404,0.8584686774941995,0.8584686774941995,0.08,0.0,0.0,0.0,0.0,0.7487179487179487,0.9488752556237219
0.9597701149425287,0.9583333333333334,0.7456896551724138,0.6551724137931034,0.6551724137931034,0.6551724137931034,0.6551724137931034,0.9554597701149425,0.9655172413793104,0.9633771929824562,0.9632675438596491,0.985672514619883,0.9879751461988304,0.9884046052631579,0.9908625730994152,0.993951023391813,0.985672514619883,0.9736842105263158,0.9435483870967742,0.9418837675350702,0.419672131147541,0.0,0.0,0.0,0.0,0.9355509355509356,0.9523809523809523
0.9439655172413793,0.9439655172413793,0.7011494252873564,0.6551724137931034,0.6551724137931034,0.6551724137931034,0.6551724137931034,0.9439655172413793,0.9640804597701149,0.9325657894736843,0.9325657894736843,0.9887563961988305,0.9901224415204679,0.9903051900584796,0.9909448099415206,0.99078033625731,0.9887563961988305,0.9646929824561404,0.9168443496801706,0.9168443496801706,0.24087591240875914,0.0,0.0,0.0,0.0,0.9168443496801706,0.9488752556237219
0.9109195402298851,0.9109195402298851,0.6666666666666666,0.6551724137931034,0.6551724137931034,0.6551724137931034,0.6551724137931034,0.9109195402298851,0.9554597701149425,0.8767543859649122,0.8767543859649122,0.9872304459064327,0.9902595029239766,0.9903600146198831,0.9906980994152047,0.9878380847953216,0.9872304459064327,0.9561403508771931,0.8558139534883721,0.8558139534883721,0.06451612903225806,0.0,0.0,0.0,0.0,0.8558139534883721,0.9368635437881874
0.9497126436781609,0.9497126436781609,0.6666666666666666,0.6551724137931034,0.6551724137931034,0.6551724137931034,0.6551724137931034,0.9051724137931034,0.9454022988505747,0.937938596491228,0.937938596491228,0.9860654239766081,0.9887061403508772,0.9887701023391813,0.9893366228070175,0.988139619883041,0.9860654239766081,0.9346491228070175,0.9250535331905781,0.9250535331905781,0.06451612903225806,0.0,0.0,0.0,0.0,0.8465116279069768,0.9191489361702128
0.9396551724137931,0.9396551724137931,0.6738505747126436,0.6551724137931034,0.6551724137931034,0.6551724137931034,0.6551724137931034,0.9152298850574713,0.9583333333333334,0.9213815789473685,0.9213815789473685,0.9874680190058479,0.989437134502924,0.9898300438596491,0.9907163742690059,0.9904513888888888,0.9874634502923976,0.956359649122807,0.9078947368421053,0.9078947368421053,0.10276679841897234,0.0,0.0,0.0,0.0,0.864367816091954,0.9402061855670103
0.8218390804597702,0.8405172413793104,0.6580459770114943,0.6551724137931034,0.6551724137931034,0.6551724137931034,0.6551724137931034,0.8146551724137931,0.7054597701149425,0.7436403508771929,0.7707236842105264,0.9876142178362574,0.9893274853801169,0.9887244152046784,0.9801991959064327,0.8455043859649123,0.9854760599415204,0.5758771929824561,0.6555555555555556,0.7024128686327078,0.01652892561983471,0.0,0.0,0.0,0.0,0.6366197183098592,0.2704626334519573
0.9482758620689655,0.9497126436781609,0.6839080459770115,0.6551724137931034,0.6551724137931034,0.6551724137931034,0.6551724137931034,0.9382183908045977,0.9683908045977011,0.9388157894736842,0.9408991228070176,0.9873949195906433,0.9881670321637427,0.9883315058479533,0.9892178362573099,0.9852978801169592,0.9864172149122807,0.968969298245614,0.923728813559322,0.9260042283298098,0.15384615384615385,0.0,0.0,0.0,0.0,0.9059080962800875,0.9549180327868853
0.9454022988505747,0.9410919540229885,0.8074712643678161,0.7025862068965517,0.6551724137931034,0.6551724137931034,0.6551724137931034,0.9109195402298851,0.875,0.9336622807017545,0.9254385964912281,0.9829906798245615,0.9850237573099415,0.9858004385964912,0.9874908625730994,0.990186403508772,0.9815880847953216,0.830592105263158,0.9188034188034188,0.911062906724512,0.6214689265536724,0.24175824175824176,0.0,0.0,0.0,0.8571428571428571,0.7913669064748201
0.8721264367816092,0.8721264367816092,0.6795977011494253,0.6551724137931034,0.6551724137931034,0.6551724137931034,0.6551724137931034,0.8721264367816092,0.9123563218390804,0.8205043859649123,0.8205043859649123,0.9822002923976609,0.9852521929824563,0.9853252923976609,0.9862298976608188,0.9847953216374268,0.980688048245614,0.8837719298245613,0.7791563275434243,0.7791563275434243,0.13229571984435798,0.0,0.0,0.0,0.0,0.7791563275434243,0.8616780045351474
0.9310344827586207,0.9281609195402298,0.6910919540229885,0.6594827586206896,0.6551724137931034,0.6551724137931034,0.6551724137931034,0.8879310344827587,0.9554597701149425,0.9069078947368421,0.9017543859649122,0.9902046783625732,0.9919407894736842,0.9920047514619883,0.9926443713450293,0.9944444444444445,0.9885690789473685,0.9452850877192983,0.8923766816143498,0.8868778280542986,0.18867924528301888,0.024691358024691357,0.0,0.0,0.0,0.8106796116504854,0.9339019189765458
0.9626436781609196,0.9626436781609196,0.6652298850574713,0.6551724137931034,0.6551724137931034,0.6551724137931034,0.6551724137931034,0.9482758620689655,0.9612068965517241,0.961622807017544,0.961622807017544,0.9889071637426902,0.9896290204678362,0.9896929824561403,0.9898574561403509,0.9844480994152047,0.9889071637426902,0.9644736842105264,0.9465020576131687,0.9465020576131687,0.05668016194331984,0.0,0.0,0.0,0.0,0.9227467811158798,0.9454545454545454
0.9540229885057471,0.9396551724137931,0.8419540229885057,0.7198275862068966,0.6594827586206896,0.6551724137931034,0.6551724137931034,0.9568965517241379,0.9454022988505747,0.9599780701754386,0.9529605263157895,0.984375,0.9869517543859649,0.988358918128655,0.9910910087719299,0.9947459795321638,0.9836988304093568,0.9583333333333333,0.9362549800796812,0.9192307692307692,0.7120418848167539,0.3157894736842105,0.024691358024691357,0.0,0.0,0.9395161290322581,0.9266409266409267
0.9310344827586207,0.9310344827586207,0.6594827586206896,0.6551724137931034,0.6551724137931034,0.6551724137931034,0.6551724137931034,0.8979885057471264,0.9252873563218391,0.9078947368421053,0.9078947368421053,0.9892772295321638,0.991109283625731,0.991109283625731,0.9912646198830409,0.9735928362573099,0.9892772295321638,0.8975877192982455,0.8928571428571429,0.8928571428571429,0.024691358024691357,0.0,0.0,0.0,0.0,0.8305489260143198,0.8818181818181818
0.8663793103448276,0.8663793103448276,0.6580459770114943,0.6566091954022989,0.6566091954022989,0.6551724137931034,0.6551724137931034,0.8663793103448276,0.9152298850574713,0.8101973684210526,0.8101973684210526,0.9866593567251463,0.9899579678362573,0.9901681286549708,0.990844298245614,0.9925986842105263,0.9866593567251463,0.8820175438596491,0.7645569620253164,0.7645569620253164,0.01652892561983471,0.008298755186721992,0.008298755186721992,0.0,0.0,0.7645569620253164,0.8631090487238979
0.9339080459770115,0.9339080459770115,0.7083333333333334,0.6551724137931034,0.6551724137931034,0.6551724137931034,0.6551724137931034,0.9339080459770115,0.896551724137931,0.9091008771929825,0.9091008771929825,0.9872669956140352,0.9887792397660818,0.9887609649122807,0.9889619883040937,0.9714272660818712,0.9872669956140352,0.8618421052631579,0.8963963963963963,0.8963963963963963,0.26714801444043323,0.0,0.0,0.0,0.0,0.8963963963963963,0.8333333333333334
0.9511494252873564,0.9511494252873564,0.6824712643678161,0.6566091954022989,0.6551724137931034,0.6551724137931034,0.6551724137931034,0.9181034482758621,0.9640804597701149,0.9380482456140352,0.9380482456140352,0.9912554824561404,0.992671783625731,0.9929002192982457,0.9937134502923977,0.9929093567251462,0.9912554824561404,0.9627192982456141,0.9267241379310345,0.9267241379310345,0.14671814671814673,0.008298755186721992,0.0,0.0,0.0,0.8683602771362586,0.9484536082474226
0.7658045977011494,0.7658045977011494,0.6580459770114943,0.6551724137931034,0.6551724137931034,0.6551724137931034,0.6551724137931034,0.7241379310344828,0.8347701149425287,0.6614035087719299,0.6614035087719299,0.9819124634502924,0.9836622807017544,0.9838358918128656,0.9844846491228071,0.9421326754385965,0.9659311038011695,0.7633771929824561,0.4890282131661442,0.4890282131661442,0.01652892561983471,0.0,0.0,0.0,0.0,0.3333333333333333,0.6900269541778976
0.9497126436781609,0.9497126436781609,0.6666666666666666,0.6580459770114943,0.6566091954022989,0.6551724137931034,0.6566091954022989,0.9109195402298851,0.9454022988505747,0.9359649122807017,0.9359649122807017,0.9891264619883041,0.9914199561403509,0.9915844298245614,0.9921509502923977,0.9920413011695907,0.9891264619883041,0.931688596491228,0.9244060475161987,0.9244060475161987,0.06451612903225806,0.01652892561983471,0.008298755186721992,0.0,0.008298755186721992,0.8544600938967136,0.9181034482758621
0.9568965517241379,0.9568965517241379,0.6925287356321839,0.6551724137931034,0.6551724137931034,0.6551724137931034,0.6551724137931034,0.9568965517241379,0.9612068965517241,0.9493421052631579,0.9493421052631579,0.9873812134502924,0.9895102339181286,0.9898574561403508,0.9906980994152047,0.9898117690058479,0.9881350511695906,0.9605263157894738,0.9367088607594937,0.9367088607594937,0.19548872180451127,0.0,0.0,0.0,0.0,0.9367088607594937,0.944558521560575
0.9066091954022989,0.9066091954022989,0.735632183908046,0.6594827586206896,0.6551724137931034,0.6551724137931034,0.6551724137931034,0.9066091954022989,0.9367816091954023,0.8705043859649122,0.8705043859649122,0.9822688230994152,0.9885964912280701,0.9888157894736842,0.9896107456140351,0.9910818713450292,0.9822688230994152,0.9211622807017543,0.8477751756440282,0.8477751756440282,0.3783783783783784,0.024691358024691357,0.0,0.0,0.0,0.8477751756440282,0.9047619047619048
0.9181034482758621,0.9181034482758621,0.6839080459770115,0.6580459770114943,0.6551724137931034,0.6551724137931034,0.6551724137931034,0.9181034482758621,0.9281609195402298,0.8871710526315789,0.8871710526315789,0.9885188230994153,0.9907986111111111,0.9909173976608188,0.9910818713450292,0.9885599415204678,0.9885188230994153,0.9086622807017543,0.8689655172413793,0.8689655172413793,0.15384615384615385,0.01652892561983471,0.0,0.0,0.0,0.8689655172413793,0.8903508771929824
0.9554597701149425,0.9554597701149425,0.7097701149425287,0.6594827586206896,0.6551724137931034,0.6551724137931034,0.6551724137931034,0.9554597701149425,0.9468390804597702,0.949232456140351,0.949232456140351,0.9896198830409357,0.9907986111111111,0.9910453216374269,0.9912189327485381,0.9777046783625731,0.9894325657894736,0.9466008771929825,0.9350104821802935,0.9350104821802935,0.2733812949640288,0.024691358024691357,0.0,0.0,0.0,0.9350104821802935,0.924643584521385
0.9166666666666666,0.9166666666666666,0.6982758620689655,0.6551724137931034,0.6551724137931034,0.6551724137931034,0.6551724137931034,0.9166666666666666,0.9640804597701149,0.8900219298245614,0.8900219298245614,0.9856588084795321,0.987874634502924,0.9879477339181287,0.9889254385964912,0.9910727339181287,0.9856588084795321,0.968640350877193,0.8693693693693694,0.8693693693693694,0.2222222222222222,0.0,0.0,0.0,0.0,0.8693693693693694,0.9496981891348089
0.853448275862069,0.853448275862069,0.6594827586206896,0.6594827586206896,0.6566091954022989,0.6566091954022989,0.6551724137931034,0.853448275862069,0.9252873563218391,0.7904605263157894,0.7904605263157894,0.9866456505847954,0.9900676169590643,0.9905153508771929,0.9911732456140351,0.9913925438596491,0.9866456505847954,0.8985745614035088,0.734375,0.734375,0.024691358024691357,0.024691358024691357,0.008298755186721992,0.008298755186721992,0.0,0.734375,0.8823529411764706
0.9181034482758621,0.9181034482758621,0.7227011494252874,0.6551724137931034,0.6551724137931034,0.6551724137931034,0.6551724137931034,0.9181034482758621,0.9367816091954023,0.8901315789473685,0.8901315789473685,0.9808845029239767,0.9793585526315789,0.9795230263157896,0.9804276315789474,0.9787189327485379,0.9808845029239767,0.9211622807017543,0.8707482993197279,0.8707482993197279,0.33217993079584773,0.0,0.0,0.0,0.0,0.8707482993197279,0.9047619047619048
0.9080459770114943,0.9080459770114943,0.6767241379310345,0.6566091954022989,0.6551724137931034,0.6551724137931034,0.6551724137931034,0.9080459770114943,0.9382183908045977,0.8755482456140351,0.8755482456140351,0.9872532894736842,0.9902595029239767,0.9902960526315789,0.990405701754386,0.9918402777777777,0.9872532894736842,0.9163377192982455,0.8525345622119815,0.8525345622119815,0.11764705882352941,0.008298755186721992,0.0,0.0,0.0,0.8525345622119815,0.9042316258351893
0.9597701149425287,0.9597701149425287,0.6666666666666666,0.6551724137931034,0.6551724137931034,0.6551724137931034,0.6551724137931034,0.9252873563218391,0.9525862068965517,0.956469298245614,0.956469298245614,0.9861156798245614,0.9885873538011697,0.9885964912280703,0.9886787280701754,0.9873263888888889,0.9861156798245614,0.9480263157894737,0.941908713692946,0.941908713692946,0.06451612903225806,0.0,0.0,0.0,0.0,0.8844444444444445,0.9313929313929314
0.9166666666666666,0.9166666666666666,0.6752873563218391,0.6551724137931034,0.6551724137931034,0.6551724137931034,0.6551724137931034,0.9166666666666666,0.9353448275862069,0.8831140350877192,0.8831140350877192,0.9884822733918129,0.9906067251461989,0.9906524122807018,0.9908260233918128,0.9851790935672514,0.9884822733918129,0.9161184210526316,0.8651162790697674,0.8651162790697674,0.11023622047244094,0.0,0.0,0.0,0.0,0.8651162790697674,0.9010989010989011
0.8922413793103449,0.8922413793103449,0.6767241379310345,0.6551724137931034,0.6551724137931034,0.6551724137931034,0.6551724137931034,0.8922413793103449,0.8362068965517241,0.8526315789473685,0.8526315789473685,0.981734283625731,0.9807565789473685,0.9807565789473685,0.9807565789473685,0.7546235380116959,0.981734283625731,0.7684210526315789,0.8226950354609929,0.8226950354609929,0.11764705882352941,0.0,0.0,0.0,0.0,0.8226950354609929,0.6984126984126984
0.8706896551724138,0.8706896551724138,0.6623563218390804,0.6551724137931034,0.6551724137931034,0.6551724137931034,0.6551724137931034,0.8706896551724138,0.7787356321839081,0.8144736842105262,0.8144736842105262,0.9690652412280701,0.9600328947368422,0.9600328947368422,0.9511878654970761,0.5056195175438596,0.9690652412280701,0.6870614035087719,0.7715736040609137,0.7715736040609137,0.04081632653061224,0.0,0.0,0.0,0.0,0.7715736040609137,0.5497076023391813
0.9238505747126436,0.9238505747126436,0.7054597701149425,0.6551724137931034,0.6551724137931034,0.6551724137931034,0.6551724137931034,0.8793103448275862,0.9267241379310345,0.8994517543859649,0.8994517543859649,0.9841465643274855,0.9850054824561403,0.9850511695906433,0.9856907894736843,0.9600146198830409,0.9841465643274855,0.899671052631579,0.8814317673378076,0.8814317673378076,0.2545454545454545,0.0,0.0,0.0,0.0,0.7941176470588235,0.8843537414965986
0.9540229885057471,0.9497126436781609,0.7040229885057471,0.6551724137931034,0.6551724137931034,0.6551724137931034,0.6551724137931034,0.9382183908045977,0.9439655172413793,0.9451754385964912,0.9389254385964912,0.9895376461988303,0.9894645467836257,0.9896198830409357,0.9902412280701753,0.984749634502924,0.9884274488304093,0.9305921052631579,0.9322033898305084,0.9253731343283582,0.2536231884057971,0.0,0.0,0.0,0.0,0.9050772626931567,0.9161290322580645
0.7902298850574713,0.7902298850574713,0.6594827586206896,0.6551724137931034,0.6551724137931034,0.6551724137931034,0.6551724137931034,0.7902298850574713,0.8060344827586207,0.6968201754385965,0.6968201754385965,0.9683342470760233,0.9849872076023392,0.9850511695906432,0.9874360380116959,0.9894279970760234,0.9683342470760233,0.7197368421052631,0.5654761904761905,0.5654761904761905,0.024691358024691357,0.0,0.0,0.0,0.0,0.5654761904761905,0.6109510086455331
0.9525862068965517,0.9540229885057471,0.7873563218390804,0.6681034482758621,0.6551724137931034,0.6551724137931034,0.6551724137931034,0.9382183908045977,0.9454022988505747,0.9529605263157894,0.9550438596491229,0.9844252558479532,0.9861842105263159,0.987015716374269,0.9887701023391814,0.991374269005848,0.9838587353801169,0.9336622807017545,0.9327902240325866,0.9349593495934959,0.5595238095238095,0.07228915662650602,0.0,0.0,0.0,0.9075268817204301,0.9188034188034188
0.9066091954022989,0.9066091954022989,0.6566091954022989,0.6551724137931034,0.6551724137931034,0.6551724137931034,0.6551724137931034,0.8146551724137931,0.8505747126436781,0.8695175438596492,0.8695175438596492,0.970732821637427,0.9720577485380117,0.971984649122807,0.9707693713450294,0.930811403508772,0.970732821637427,0.7892543859649123,0.8470588235294118,0.8470588235294118,0.008298755186721992,0.0,0.0,0.0,0.0,0.6366197183098592,0.7319587628865979
0.9382183908045977,0.9382183908045977,0.6752873563218391,0.6623563218390804,0.6580459770114943,0.6566091954022989,0.6551724137931034,0.8936781609195402,0.9396551724137931,0.9192982456140351,0.9192982456140351,0.9876918859649123,0.9908168859649124,0.9909904970760234,0.9917123538011696,0.9940515350877194,0.9876918859649123,0.9174342105263158,0.9054945054945055,0.9054945054945055,0.11023622047244094,0.04081632653061224,0.01652892561983471,0.008298755186721992,0.0,0.8229665071770335,0.90625
0.9525862068965517,0.9525862068965517,0.75,0.6566091954022989,0.6551724137931034,0.6551724137931034,0.6551724137931034,0.9525862068965517,0.9583333333333334,0.95,0.95,0.9820540935672515,0.9836074561403509,0.983890716374269,0.9853344298245614,0.9850511695906433,0.9820540935672515,0.9593201754385965,0.931958762886598,0.931958762886598,0.43506493506493504,0.008298755186721992,0.0,0.0,0.0,0.931958762886598,0.9409368635437881
0.9022988505747126,0.9022988505747126,0.6695402298850575,0.6551724137931034,0.6551724137931034,0.6551724137931034,0.6551724137931034,0.8405172413793104,0.9683908045977011,0.8612938596491228,0.8612938596491228,0.9854212353801169,0.988578216374269,0.9886147660818714,0.988733552631579,0.9870065789473685,0.9854212353801169,0.9699561403508772,0.8373205741626795,0.8373205741626795,0.08,0.0,0.0,0.0,0.0,0.704,0.9551020408163265
0.8979885057471264,0.8979885057471264,0.6824712643678161,0.6609195402298851,0.6551724137931034,0.6551724137931034,0.6551724137931034,0.8979885057471264,0.8936781609195402,0.8570175438596492,0.8570175438596492,0.9871984649122807,0.9904788011695908,0.9905610380116959,0.9910818713450292,0.9928453947368422,0.9871984649122807,0.8487938596491229,0.8305489260143198,0.8305489260143198,0.14671814671814673,0.03278688524590164,0.0,0.0,0.0,0.8305489260143198,0.8203883495145631
0.9353448275862069,0.9353448275862069,0.6652298850574713,0.6566091954022989,0.6551724137931034,0.6551724137931034,0.6551724137931034,0.8850574712643678,0.9066091954022989,0.9151315789473684,0.9151315789473684,0.986906067251462,0.9902777777777777,0.9903874269005848,0.9907529239766082,0.992297149122807,0.986906067251462,0.868530701754386,0.9006622516556292,0.9006622516556292,0.05668016194331984,0.008298755186721992,0.0,0.0,0.0,0.8058252427184466,0.8463356973995272
0.9597701149425287,0.9669540229885057,0.7859195402298851,0.6867816091954023,0.6551724137931034,0.6551724137931034,0.6551724137931034,0.9482758620689655,0.9741379310344828,0.956469298245614,0.9668859649122807,0.9873400950292397,0.9889163011695907,0.9898209064327486,0.9914930555555557,0.9939601608187135,0.9873675073099415,0.9782894736842105,0.941908713692946,0.9527720739219713,0.5578635014836796,0.16793893129770993,0.0,0.0,0.0,0.9234042553191489,0.9635627530364372
0.9468390804597702,0.9468390804597702,0.742816091954023,0.6551724137931034,0.6551724137931034,0.6551724137931034,0.6551724137931034,0.9166666666666666,0.9410919540229885,0.9347587719298247,0.9347587719298247,0.9813322368421052,0.9863943713450292,0.9864583333333333,0.9869700292397661,0.9827302631578948,0.9813322368421052,0.9293859649122806,0.9207708779443254,0.9207708779443254,0.4053156146179402,0.0,0.0,0.0,0.0,0.8693693693693694,0.9125799573560768
0.867816091954023,0.867816091954023,0.6652298850574713,0.6551724137931034,0.6551724137931034,0.6551724137931034,0.6551724137931034,0.867816091954023,0.9410919540229885,0.8112938596491228,0.8112938596491228,0.9873218201754387,0.9896107456140351,0.9896107456140351,0.9898117690058479,0.9850511695906433,0.9873218201754387,0.9274122807017543,0.766497461928934,0.766497461928934,0.05668016194331984,0.0,0.0,0.0,0.0,0.766497461928934,0.9118279569892473
0.6637931034482759,0.632183908045977,0.6551724137931034,0.6537356321839081,0.6551724137931034,0.6551724137931034,0.6551724137931034,0.6551724137931034,0.6752873563218391,0.5401315789473684,0.5091008771929825,0.7249177631578947,0.7368512426900584,0.7512518274853801,0.8343658625730994,0.9817891081871346,0.6560672514619883,0.5548245614035089,0.2251655629139073,0.17419354838709677,0.04,0.0,0.0,0.0,0.0,0.14285714285714285,0.26143790849673204
0.9339080459770115,0.9339080459770115,0.6896551724137931,0.6580459770114943,0.6551724137931034,0.6551724137931034,0.6551724137931034,0.9339080459770115,0.9640804597701149,0.9110745614035087,0.9110745614035087,0.987422331871345,0.9878837719298246,0.9881670321637427,0.9888066520467838,0.9841100146198829,0.987422331871345,0.9637061403508771,0.8973214285714286,0.8973214285714286,0.18796992481203006,0.01652892561983471,0.0,0.0,0.0,0.8973214285714286,0.9486652977412731
0.860632183908046,0.8836206896551724,0.6580459770114943,0.6551724137931034,0.6551724137931034,0.6551724137931034,0.6551724137931034,0.8405172413793104,0.7169540229885057,0.8018640350877193,0.8351973684210525,0.9684804459064328,0.9730171783625732,0.9758040935672514,0.9813870614035088,0.9880573830409357,0.9747532894736842,0.5895833333333333,0.7519181585677749,0.800982800982801,0.01652892561983471,0.0,0.0,0.0,0.0,0.7008086253369272,0.303886925795053
0.9497126436781609,0.9497126436781609,0.6666666666666666,0.6551724137931034,0.6551724137931034,0.6551724137931034,0.6551724137931034,0.9166666666666666,0.9482758620689655,0.9389254385964912,0.9389254385964912,0.9873355263157895,0.9901315789473685,0.9902320906432749,0.9903874269005848,0.9896016081871345,0.9873355263157895,0.9398026315789474,0.9253731343283582,0.9253731343283582,0.06451612903225806,0.0,0.0,0.0,0.0,0.8663594470046083,0.9240506329113924
0.8663793103448276,0.8663793103448276,0.6580459770114943,0.6566091954022989,0.6551724137931034,0.6551724137931034,0.6551724137931034,0.8160919540229885,0.8548850574712644,0.8082236842105263,0.8082236842105263,0.9788057383040937,0.9915387426900586,0.9922423245614036,0.9928819444444443,0.9928636695906432,0.9788057383040937,0.7905701754385966,0.7621483375959079,0.7621483375959079,0.01652892561983471,0.008298755186721992,0.0,0.0,0.0,0.6384180790960452,0.7349081364829396
0.9310344827586207,0.9310344827586207,0.6752873563218391,0.6551724137931034,0.6551724137931034,0.6551724137931034,0.6551724137931034,0.9252873563218391,0.9655172413793104,0.9108552631578947,0.9108552631578947,0.987015716374269,0.9915661549707602,0.9915752923976608,0.9919316520467836,0.9902777777777777,0.987015716374269,0.9618421052631578,0.8942731277533039,0.8942731277533039,0.11023622047244094,0.0,0.0,0.0,0.0,0.8844444444444445,0.95
0.9597701149425287,0.9597701149425287,0.7183908045977011,0.6609195402298851,0.6551724137931034,0.6551724137931034,0.6551724137931034,0.9612068965517241,0.9612068965517241,0.9623903508771929,0.9623903508771929,0.9887426900584796,0.9904331140350876,0.9906524122807018,0.9912463450292398,0.9914199561403509,0.9886604532163743,0.9615131578947368,0.9433198380566802,0.9433198380566802,0.3146853146853147,0.03278688524590164,0.0,0.0,0.0,0.9433962264150944,0.9447852760736196
0.8390804597701149,0.9252873563218391,0.6609195402298851,0.6551724137931034,0.6551724137931034,0.6551724137931034,0.6551724137931034,0.8318965517241379,0.7341954022988506,0.7716008771929824,0.8995614035087719,0.9729577850877192,0.9756944444444444,0.9760233918128656,0.9771747076023392,0.9127558479532164,0.975187317251462,0.6283991228070176,0.7037037037037037,0.8828828828828829,0.04065040650406504,0.0,0.0,0.0,0.0,0.6846361185983828,0.42724458204334365
0.8908045977011494,0.8908045977011494,0.6637931034482759,0.6580459770114943,0.6551724137931034,0.6551724137931034,0.6551724137931034,0.8908045977011494,0.9267241379310345,0.8466008771929825,0.8466008771929825,0.98687408625731,0.9904331140350877,0.9904879385964912,0.9906889619883041,0.993046418128655,0.98687408625731,0.899671052631579,0.8164251207729468,0.8164251207729468,0.04878048780487805,0.01652892561983471,0.0,0.0,0.0,0.8164251207729468,0.8843537414965986
0.875,0.875,0.6637931034482759,0.6551724137931034,0.6551724137931034,0.6551724137931034,0.6551724137931034,0.875,0.9454022988505747,0.8226973684210527,0.8226973684210527,0.9856313961988304,0.9902777777777778,0.9903508771929825,0.9906432748538012,0.988249269005848,0.9856313961988304,0.9326754385964913,0.7830423940149626,0.7830423940149626,0.04878048780487805,0.0,0.0,0.0,0.0,0.7830423940149626,0.9184549356223176
0.9137931034482759,0.9511494252873564,0.6637931034482759,0.6551724137931034,0.6551724137931034,0.6551724137931034,0.6551724137931034,0.9008620689655172,0.9137931034482759,0.8838815789473685,0.9380482456140352,0.9838815789473684,0.9850877192982456,0.9855720029239766,0.9865405701754386,0.9640259502923977,0.9858872441520468,0.8799342105263159,0.863013698630137,0.9267241379310345,0.04878048780487805,0.0,0.0,0.0,0.0,0.836104513064133,0.8604651162790697
0.9396551724137931,0.9396551724137931,0.6781609195402298,0.6551724137931034,0.6551724137931034,0.6551724137931034,0.6551724137931034,0.9396551724137931,0.9568965517241379,0.919407894736842,0.919407894736842,0.9893457602339182,0.988843201754386,0.9888797514619883,0.9886695906432749,0.9801809210526315,0.9893457602339182,0.95625,0.9070796460176991,0.9070796460176991,0.125,0.0,0.0,0.0,0.0,0.9070796460176991,0.9385245901639344
0.9022988505747126,0.9022988505747126,0.6724137931034483,0.6551724137931034,0.6551724137931034,0.6551724137931034,0.6551724137931034,0.8462643678160919,0.8247126436781609,0.8632675438596492,0.8632675438596492,0.9818987573099416,0.9907620614035088,0.9911458333333333,0.9923611111111111,0.9935032894736842,0.9818987573099416,0.7468201754385965,0.8388625592417062,0.8388625592417062,0.09523809523809523,0.0,0.0,0.0,0.0,0.7176781002638523,0.6611111111111111
0.9626436781609196,0.9626436781609196,0.7471264367816092,0.6551724137931034,0.6551724137931034,0.6551724137931034,0.6551724137931034,0.9626436781609196,0.9612068965517241,0.9635964912280702,0.9635964912280702,0.9852476242690059,0.9878198099415205,0.9880573830409356,0.9893731725146199,0.992891081871345,0.9852476242690059,0.968421052631579,0.9469387755102041,0.9469387755102041,0.42857142857142855,0.0,0.0,0.0,0.0,0.9469387755102041,0.9463220675944334
0.9468390804597702,0.9468390804597702,0.6738505747126436,0.6551724137931034,0.6551724137931034,0.6551724137931034,0.6551724137931034,0.9109195402298851,0.9367816091954023,0.9327850877192982,0.9327850877192982,0.987984283625731,0.9896929824561403,0.9896929824561403,0.989967105263158,0.9848866959064326,0.987984283625731,0.9211622807017543,0.9200863930885529,0.9200863930885529,0.10276679841897234,0.0,0.0,0.0,0.0,0.8551401869158879,0.9047619047619048
0.9439655172413793,0.9439655172413793,0.6910919540229885,0.6551724137931034,0.6551724137931034,0.6551724137931034,0.6551724137931034,0.9080459770114943,0.9568965517241379,0.9266447368421052,0.9266447368421052,0.9891218932748538,0.9910544590643275,0.9910635964912281,0.9913194444444444,0.9880208333333332,0.9891218932748538,0.9582236842105263,0.9146608315098468,0.9146608315098468,0.18867924528301888,0.0,0.0,0.0,0.0,0.8490566037735849,0.9390243902439024
0.8247126436781609,0.8247126436781609,0.6637931034482759,0.6551724137931034,0.6551724137931034,0.6551724137931034,0.6551724137931034,0.8247126436781609,0.9252873563218391,0.7478070175438597,0.7478070175438597,0.9834932383040936,0.9899579678362573,0.9900950292397661,0.990451388888889,0.9812134502923976,0.9794956140350879,0.9005482456140351,0.6629834254143646,0.6629834254143646,0.04878048780487805,0.0,0.0,0.0,0.0,0.6629834254143646,0.8834080717488789
0.9583333333333334,0.9583333333333334,0.7399425287356322,0.6551724137931034,0.6551724137931034,0.6551724137931034,0.6551724137931034,0.9583333333333334,0.9454022988505747,0.9543859649122807,0.9543859649122807,0.9867827119883041,0.9878929093567251,0.9882858187134503,0.989391447368421,0.9858278508771929,0.9867827119883041,0.9553728070175439,0.9397089397089398,0.9397089397089398,0.39867109634551495,0.0,0.0,0.0,0.0,0.9397089397089398,0.92578125
0.9554597701149425,0.9554597701149425,0.6882183908045977,0.6566091954022989,0.6551724137931034,0.6551724137931034,0.6551724137931034,0.9281609195402298,0.9540229885057471,0.9472587719298247,0.9472587719298247,0.9855902777777779,0.98890716374269,0.9890716374269006,0.9898848684210526,0.9934027777777777,0.9855902777777779,0.9422149122807019,0.9344608879492601,0.9344608879492601,0.17490494296577946,0.008298755186721992,0.0,0.0,0.0,0.8888888888888888,0.9313304721030042
0.853448275862069,0.8448275862068966,0.7068965517241379,0.6594827586206896,0.6551724137931034,0.6551724137931034,0.6551724137931034,0.8218390804597702,0.8333333333333334,0.7924342105263157,0.7799342105263157,0.9871938961988305,0.9881761695906432,0.9885690789473685,0.9894919590643274,0.9890807748538013,0.968188048245614,0.7593201754385966,0.7371134020618557,0.7172774869109948,0.2608695652173913,0.024691358024691357,0.0,0.0,0.0,0.6574585635359116,0.6830601092896175
0.9166666666666666,0.9166666666666666,0.6853448275862069,0.6551724137931034,0.6551724137931034,0.6551724137931034,0.6551724137931034,0.9166666666666666,0.8908045977011494,0.8850877192982455,0.8850877192982455,0.988984831871345,0.9909082602339181,0.9909173976608187,0.9910818713450292,0.9830409356725147,0.988984831871345,0.8525219298245613,0.8663594470046083,0.8663594470046083,0.16091954022988506,0.0,0.0,0.0,0.0,0.8663594470046083,0.8215962441314554
0.9497126436781609,0.9497126436781609,0.6752873563218391,0.6551724137931034,0.6551724137931034,0.6551724137931034,0.6551724137931034,0.9454022988505747,0.9583333333333334,0.9537280701754386,0.9537280701754386,0.9853618421052632,0.9883954678362572,0.9884594298245614,0.9886787280701754,0.9884777046783626,0.9853618421052632,0.9573464912280701,0.9298597194388778,0.9298597194388778,0.11023622047244094,0.0,0.0,0.0,0.0,0.9191489361702128,0.9404517453798767
0.9554597701149425,0.9554597701149425,0.6824712643678161,0.6551724137931034,0.6551724137931034,0.6551724137931034,0.6551724137931034,0.9554597701149425,0.9683908045977011,0.9482456140350877,0.9482456140350877,0.9900493421052632,0.9909904970760235,0.991045321637427,0.9915296052631579,0.9874725877192984,0.9900493421052632,0.968969298245614,0.9347368421052632,0.9347368421052632,0.14671814671814673,0.0,0.0,0.0,0.0,0.9347368421052632,0.9549180327868853
0.9295977011494253,0.9295977011494253,0.6709770114942529,0.6551724137931034,0.6551724137931034,0.6551724137931034,0.6551724137931034,0.889367816091954,0.9511494252873564,0.9058114035087718,0.9058114035087718,0.9866365131578947,0.9863943713450292,0.9865497076023392,0.9868512426900584,0.9783534356725146,0.9866365131578947,0.9459429824561404,0.8903803131991052,0.8903803131991052,0.08764940239043825,0.0,0.0,0.0,0.0,0.8126520681265207,0.9291666666666667
0.9626436781609196,0.9626436781609196,0.6867816091954023,0.6609195402298851,0.6551724137931034,0.6551724137931034,0.6551724137931034,0.9281609195402298,0.9597701149425287,0.9586622807017543,0.9586622807017543,0.9873263888888888,0.9905884502923977,0.9911458333333333,0.9926443713450293,0.994124634502924,0.9873263888888888,0.9544956140350878,0.9458333333333333,0.9458333333333333,0.16793893129770993,0.03278688524590164,0.0,0.0,0.0,0.8878923766816144,0.9414225941422594
0.9655172413793104,0.9655172413793104,0.6910919540229885,0.6566091954022989,0.6551724137931034,0.6551724137931034,0.6551724137931034,0.9482758620689655,0.9612068965517241,0.9657894736842106,0.9657894736842106,0.9879797149122806,0.9891447368421052,0.9895924707602339,0.9901224415204678,0.9883954678362572,0.9879660087719299,0.9615131578947368,0.9508196721311475,0.9508196721311475,0.18867924528301888,0.008298755186721992,0.0,0.0,0.0,0.923728813559322,0.9447852760736196
0.8477011494252874,0.8477011494252874,0.6666666666666666,0.6609195402298851,0.6580459770114943,0.6551724137931034,0.6551724137931034,0.8477011494252874,0.9511494252873564,0.7831140350877193,0.7831140350877193,0.988454861111111,0.9919407894736844,0.9922423245614036,0.9933845029239766,0.9948099415204679,0.988454861111111,0.9360745614035088,0.7225130890052356,0.7225130890052356,0.06451612903225806,0.03278688524590164,0.01652892561983471,0.0,0.0,0.7225130890052356,0.9260869565217391
0.9324712643678161,0.9324712643678161,0.6997126436781609,0.6551724137931034,0.6551724137931034,0.6551724137931034,0.6551724137931034,0.9324712643678161,0.9597701149425287,0.9080043859649122,0.9080043859649122,0.9881533260233919,0.9910910087719298,0.9911549707602338,0.9916940789473684,0.9897478070175438,0.9881533260233919,0.9653508771929825,0.8943820224719101,0.8943820224719101,0.22878228782287824,0.0,0.0,0.0,0.0,0.8943820224719101,0.944
0.9094827586206896,0.9094827586206896,0.6781609195402298,0.6566091954022989,0.6551724137931034,0.6551724137931034,0.6551724137931034,0.9094827586206896,0.9525862068965517,0.8766447368421053,0.8766447368421053,0.988345211988304,0.9904788011695906,0.9905610380116958,0.9912463450292397,0.9923062865497075,0.988345211988304,0.944078947368421,0.8545034642032333,0.8545034642032333,0.125,0.008298755186721992,0.0,0.0,0.0,0.8545034642032333,0.9302325581395349
0.9310344827586207,0.9310344827586207,0.7040229885057471,0.6551724137931034,0.6551724137931034,0.6551724137931034,0.6551724137931034,0.9310344827586207,0.9597701149425287,0.9098684210526318,0.9098684210526318,0.9894188596491228,0.9898574561403509,0.9902046783625731,0.9908991228070175,0.9833516081871345,0.9894188596491228,0.9594298245614036,0.8938053097345132,0.8938053097345132,0.2536231884057971,0.0,0.0,0.0,0.0,0.8938053097345132,0.9426229508196722
0.9626436781609196,0.9626436781609196,0.6738505747126436,0.6551724137931034,0.6551724137931034,0.6551724137931034,0.6551724137931034,0.9482758620689655,0.9655172413793104,0.9626096491228071,0.9626096491228071,0.9894645467836257,0.9917763157894736,0.9920687134502922,0.9926352339181287,0.989967105263158,0.9894645467836257,0.9697368421052631,0.9467213114754098,0.9467213114754098,0.10276679841897234,0.0,0.0,0.0,0.0,0.922077922077922,0.9516129032258065
0.9181034482758621,0.9295977011494253,0.7844827586206896,0.6609195402298851,0.6551724137931034,0.6551724137931034,0.6551724137931034,0.8936781609195402,0.9525862068965517,0.8940789473684211,0.9107456140350877,0.9830272295321637,0.9853070175438597,0.9855263157894738,0.9860380116959064,0.9879934210526315,0.9752055921052631,0.9480263157894737,0.8730512249443207,0.8927789934354485,0.5481927710843374,0.03278688524590164,0.0,0.0,0.0,0.8271028037383178,0.9313929313929314
0.9669540229885057,0.9669540229885057,0.7442528735632183,0.6566091954022989,0.6551724137931034,0.6551724137931034,0.6551724137931034,0.9497126436781609,0.9540229885057471,0.9649122807017545,0.9649122807017545,0.989889437134503,0.9914473684210526,0.9916849415204679,0.9919773391812866,0.9837262426900585,0.9892452485380117,0.9629385964912281,0.9523809523809523,0.9523809523809523,0.4144736842105263,0.008298755186721992,0.0,0.0,0.0,0.9247311827956989,0.937007874015748
0.7844827586206896,0.8563218390804598,0.6767241379310345,0.6551724137931034,0.6551724137931034,0.6551724137931034,0.6551724137931034,0.8031609195402298,0.8160919540229885,0.6973684210526316,0.7975877192982457,0.8418859649122806,0.8423793859649122,0.8515350877192982,0.9000548245614034,0.9327119883040936,0.9120248538011696,0.737280701754386,0.5714285714285714,0.7448979591836735,0.13793103448275862,0.0,0.0,0.0,0.0,0.6096866096866097,0.6444444444444445
0.9482758620689655,0.9482758620689655,0.6681034482758621,0.6551724137931034,0.6551724137931034,0.6551724137931034,0.6551724137931034,0.9195402298850575,0.9554597701149425,0.937828947368421,0.937828947368421,0.990218384502924,0.9919499269005848,0.9920230263157894,0.9922605994152047,0.992251461988304,0.990218384502924,0.949232456140351,0.9234042553191489,0.9234042553191489,0.07228915662650602,0.0,0.0,0.0,0.0,0.8715596330275229,0.9350104821802935
0.8318965517241379,0.8318965517241379,0.6781609195402298,0.6594827586206896,0.6566091954022989,0.6551724137931034,0.6551724137931034,0.8318965517241379,0.9439655172413793,0.7582236842105264,0.7582236842105264,0.9851379751461988,0.9904331140350877,0.9904970760233918,0.9908625730994153,0.9939053362573099,0.9851379751461988,0.9266447368421052,0.6811989100817438,0.6811989100817438,0.125,0.024691358024691357,0.008298755186721992,0.0,0.0,0.6811989100817438,0.9146608315098468
0.8807471264367817,0.8807471264367817,0.6637931034482759,0.6551724137931034,0.6551724137931034,0.6551724137931034,0.6551724137931034,0.8807471264367817,0.8793103448275862,0.831030701754386,0.831030701754386,0.9837399488304093,0.9817160087719299,0.9817525584795322,0.9814327485380118,0.8635233918128655,0.9837399488304093,0.8269736842105262,0.7950617283950617,0.7950617283950617,0.04878048780487805,0.0,0.0,0.0,0.0,0.7950617283950617,0.79
0.9583333333333334,0.9583333333333334,0.6666666666666666,0.6551724137931034,0.6551724137931034,0.6551724137931034,0.6551724137931034,0.9396551724137931,0.9525862068965517,0.9543859649122807,0.9543859649122807,0.987796966374269,0.990140716374269,0.9902138157894737,0.990031067251462,0.9842013888888889,0.987796966374269,0.9490131578947368,0.9397089397089398,0.9397089397089398,0.06451612903225806,0.0,0.0,0.0,0.0,0.9078947368421053,0.9316770186335404
0.9583333333333334,0.9583333333333334,0.6882183908045977,0.6551724137931034,0.6551724137931034,0.6551724137931034,0.6551724137931034,0.9540229885057471,0.9181034482758621,0.9622807017543861,0.9622807017543861,0.9852156432748539,0.9868786549707601,0.9869517543859649,0.9871436403508772,0.9618512426900584,0.9852156432748539,0.8950657894736842,0.9416498993963782,0.9416498993963782,0.1811320754716981,0.0,0.0,0.0,0.0,0.9330543933054394,0.8736141906873615
0.9482758620689655,0.9482758620689655,0.6795977011494253,0.6551724137931034,0.6551724137931034,0.6551724137931034,0.6551724137931034,0.9482758620689655,0.9568965517241379,0.937828947368421,0.937828947368421,0.9876827485380116,0.9895924707602339,0.9897112573099416,0.9903874269005848,0.9876096491228071,0.9876827485380116,0.9611842105263159,0.9234042553191489,0.9234042553191489,0.13229571984435798,0.0,0.0,0.0,0.0,0.9234042553191489,0.9397590361445783
0.9540229885057471,0.9540229885057471,0.6738505747126436,0.6594827586206896,0.6551724137931034,0.6551724137931034,0.6551724137931034,0.9152298850574713,0.9224137931034483,0.9412280701754385,0.9412280701754385,0.989140168128655,0.9916666666666667,0.9918220029239766,0.992123538011696,0.993046418128655,0.989140168128655,0.8914473684210525,0.9310344827586207,0.9310344827586207,0.10276679841897234,0.024691358024691357,0.0,0.0,0.0,0.8631090487238979,0.8755760368663594
0.9137931034482759,0.9137931034482759,0.75,0.6551724137931034,0.6551724137931034,0.6551724137931034,0.6551724137931034,0.9137931034482759,0.9511494252873564,0.8828947368421052,0.8828947368421052,0.9798611111111111,0.9845029239766082,0.9846399853801171,0.986138523391813,0.9908991228070175,0.9798611111111111,0.9449561403508772,0.8623853211009175,0.8623853211009175,0.43506493506493504,0.0,0.0,0.0,0.0,0.8623853211009175,0.9288702928870293
0.9410919540229885,0.9410919540229885,0.7859195402298851,0.6652298850574713,0.6551724137931034,0.6551724137931034,0.6551724137931034,0.9410919540229885,0.9640804597701149,0.930372807017544,0.930372807017544,0.9855537280701754,0.9868238304093566,0.9870614035087719,0.9877010233918129,0.9902595029239767,0.984046052631579,0.968640350877193,0.9129511677282378,0.9129511677282378,0.5525525525525525,0.05668016194331984,0.0,0.0,0.0,0.9129511677282378,0.9496981891348089
0.8462643678160919,0.8462643678160919,0.6609195402298851,0.6551724137931034,0.6551724137931034,0.6551724137931034,0.6551724137931034,0.8462643678160919,0.9051724137931034,0.7820175438596491,0.7820175438596491,0.9500137061403509,0.955235745614035,0.9553728070175438,0.9548519736842106,0.9235380116959064,0.9500137061403509,0.8753289473684212,0.720626631853786,0.720626631853786,0.03278688524590164,0.0,0.0,0.0,0.0,0.720626631853786,0.85
0.9497126436781609,0.9497126436781609,0.6738505747126436,0.6580459770114943,0.6551724137931034,0.6551724137931034,0.6551724137931034,0.9497126436781609,0.9683908045977011,0.9399122807017543,0.9399122807017543,0.9893548976608187,0.9910361842105263,0.9911366959064327,0.991547880116959,0.9910270467836259,0.9893548976608187,0.9719298245614035,0.9256900212314225,0.9256900212314225,0.10276679841897234,0.01652892561983471,0.0,0.0,0.0,0.9256900212314225,0.9554655870445344
0.9554597701149425,0.9554597701149425,0.6666666666666666,0.6551724137931034,0.6551724137931034,0.6551724137931034,0.6551724137931034,0.9209770114942529,0.9626436781609196,0.949232456140351,0.949232456140351,0.9849917763157896,0.9883132309941521,0.9884228801169591,0.9891355994152047,0.9919682017543858,0.9849917763157896,0.9586622807017543,0.9350104821802935,0.9350104821802935,0.06451612903225806,0.0,0.0,0.0,0.0,0.8769574944071589,0.9458333333333333
0.8864942528735632,0.8864942528735632,0.6681034482758621,0.6566091954022989,0.6551724137931034,0.6551724137931034,0.6551724137931034,0.8247126436781609,0.9396551724137931,0.8373903508771929,0.8373903508771929,0.9821454678362573,0.9913011695906433,0.9913468567251462,0.9916301169590643,0.9940880847953217,0.9821454678362573,0.919407894736842,0.8049382716049382,0.8049382716049382,0.07228915662650602,0.008298755186721992,0.0,0.0,0.0,0.6629834254143646,0.9070796460176991
0.875,0.875,0.6810344827586207,0.6580459770114943,0.6551724137931034,0.6551724137931034,0.6551724137931034,0.875,0.9669540229885057,0.8246710526315789,0.8246710526315789,0.9858415570175438,0.9895102339181286,0.9896472953216373,0.9903234649122807,0.9936586257309943,0.9858415570175438,0.9649122807017545,0.7851851851851852,0.7851851851851852,0.13953488372093023,0.01652892561983471,0.0,0.0,0.0,0.7851851851851852,0.9523809523809523
0.9468390804597702,0.9468390804597702,0.6767241379310345,0.6551724137931034,0.6551724137931034,0.6551724137931034,0.6551724137931034,0.9367816091954023,0.9626436781609196,0.9446271929824561,0.9446271929824561,0.9859649122807018,0.9891355994152047,0.9891355994152047,0.989482821637427,0.9930372807017543,0.9859649122807018,0.9705043859649123,0.9240246406570842,0.9240246406570842,0.11764705882352941,0.0,0.0,0.0,0.0,0.9051724137931034,0.9484126984126984
0.9497126436781609,0.9497126436781609,0.7629310344827587,0.6551724137931034,0.6551724137931034,0.6551724137931034,0.6551724137931034,0.9425287356321839,0.9669540229885057,0.9408991228070176,0.9408991228070176,0.9845805921052632,0.9867690058479532,0.9868146929824562,0.9873081140350877,0.9893823099415204,0.9851014254385966,0.9698464912280701,0.9260042283298098,0.9260042283298098,0.48598130841121495,0.0,0.0,0.0,0.0,0.9130434782608695,0.9533468559837728
0.9339080459770115,0.9339080459770115,0.6580459770114943,0.6551724137931034,0.6551724137931034,0.6551724137931034,0.6551724137931034,0.9022988505747126,0.9468390804597702,0.9150219298245613,0.9150219298245613,0.9877604166666667,0.990360014619883,0.9904696637426901,0.9909356725146199,0.9868695175438595,0.9877604166666667,0.9367324561403509,0.8991228070175439,0.8991228070175439,0.01652892561983471,0.0,0.0,0.0,0.0,0.8388625592417062,0.921443736730361
0.9554597701149425,0.9554597701149425,0.6623563218390804,0.6551724137931034,0.6551724137931034,0.6551724137931034,0.6551724137931034,0.9367816091954023,0.9669540229885057,0.9521929824561405,0.9521929824561405,0.9884731359649123,0.9911366959064327,0.9911641081871345,0.9915661549707602,0.9899945175438597,0.9884731359649123,0.9678728070175437,0.9358178053830227,0.9358178053830227,0.04081632653061224,0.0,0.0,0.0,0.0,0.9030837004405287,0.9529652351738241
0.07614942528735633,0.08908045977011494,0.6580459770114943,0.6551724137931034,0.6551724137931034,0.6551724137931034,0.6551724137931034,0.06465517241379311,0.05316091954022988,0.10548245614035087,0.12521929824561404,0.05074013157894737,0.035836988304093556,0.032885599415204664,0.02650767543859649,0.03347039473684209,0.03540296052631578,0.06030701754385962,0.12990527740189445,0.15466666666666667,0.01652892561983471,0.0,0.0,0.0,0.0,0.10699588477366255,0.05722460658082976
0.9080459770114943,0.9080459770114943,0.6695402298850575,0.6551724137931034,0.6551724137931034,0.6551724137931034,0.6551724137931034,0.9080459770114943,0.9612068965517241,0.8745614035087718,0.8745614035087718,0.9856770833333333,0.9887792397660818,0.9889345760233919,0.9894097222222222,0.9850603070175439,0.9856770833333333,0.9634868421052631,0.8518518518518519,0.8518518518518519,0.08,0.0,0.0,0.0,0.0,0.8518518518518519,0.9452332657200812
0.8074712643678161,0.8074712643678161,0.6551724137931034,0.6551724137931034,0.6551724137931034,0.6551724137931034,0.6551724137931034,0.757183908045977,0.7744252873563219,0.7297149122807018,0.7297149122807018,0.7410681652046784,0.8076114766081871,0.807593201754386,0.8119791666666667,0.9671966374269007,0.7410681652046784,0.6827850877192982,0.6318681318681318,0.6318681318681318,0.0,0.0,0.0,0.0,0.0,0.4634920634920635,0.5422740524781341
0.889367816091954,0.882183908045977,0.7068965517241379,0.6551724137931034,0.6551724137931034,0.6551724137931034,0.6551724137931034,0.882183908045977,0.8979885057471264,0.8455043859649122,0.8331140350877193,0.9833698830409356,0.987015716374269,0.9871162280701754,0.9877101608187135,0.9911184210526316,0.9792991593567252,0.8589912280701755,0.8144578313253013,0.7980295566502463,0.2608695652173913,0.0,0.0,0.0,0.0,0.7980295566502463,0.8321513002364066
0.8692528735632183,0.8692528735632183,0.6853448275862069,0.6551724137931034,0.6551724137931034,0.6551724137931034,0.6551724137931034,0.8692528735632183,0.853448275862069,0.8133771929824561,0.8133771929824561,0.9858324195906433,0.98609283625731,0.9861111111111112,0.9841831140350877,0.890095029239766,0.9858324195906433,0.7914473684210527,0.769620253164557,0.769620253164557,0.16091954022988506,0.0,0.0,0.0,0.0,0.769620253164557,0.7357512953367875
0.9353448275862069,0.9353448275862069,0.6681034482758621,0.6551724137931034,0.6551724137931034,0.6551724137931034,0.6551724137931034,0.9353448275862069,0.9612068965517241,0.919078947368421,0.919078947368421,0.9875137061403509,0.9894005847953216,0.9894462719298245,0.9902869152046784,0.991173245614035,0.9875137061403509,0.9536184210526316,0.9023861171366594,0.9023861171366594,0.07228915662650602,0.0,0.0,0.0,0.0,0.9023861171366594,0.9429175475687104
0.9540229885057471,0.9540229885057471,0.728448275862069,0.6551724137931034,0.6551724137931034,0.6551724137931034,0.6551724137931034,0.9597701149425287,0.9540229885057471,0.9629385964912281,0.9629385964912281,0.9866319444444445,0.9881944444444445,0.9882584064327485,0.9889071637426902,0.9856085526315789,0.9866319444444445,0.9629385964912281,0.937007874015748,0.937007874015748,0.35494880546075086,0.0,0.0,0.0,0.0,0.9435483870967742,0.937007874015748
0.9410919540229885,0.9410919540229885,0.6767241379310345,0.6551724137931034,0.6551724137931034,0.6551724137931034,0.6551724137931034,0.9267241379310345,0.9137931034482759,0.9422149122807018,0.9422149122807018,0.9772066885964912,0.9781524122807019,0.9782711988304094,0.9791575292397661,0.9261604532163743,0.9772066885964912,0.9125,0.9171717171717172,0.9171717171717172,0.11764705882352941,0.0,0.0,0.0,0.0,0.8898488120950324,0.8790322580645161
0.8721264367816092,0.875,0.6652298850574713,0.6551724137931034,0.6551724137931034,0.6551724137931034,0.6551724137931034,0.8132183908045977,0.1235632183908046,0.819517543859649,0.825657894736842,0.9255116959064327,0.9021198830409357,0.887125365497076,0.7700749269005848,0.2047423245614035,0.9154559576023392,0.1574561403508772,0.7780548628428927,0.7862407862407862,0.05668016194331984,0.0,0.0,0.0,0.0,0.6306818181818182,0.17344173441734417
0.9497126436781609,0.9497126436781609,0.6954022988505747,0.6551724137931034,0.6551724137931034,0.6551724137931034,0.6551724137931034,0.9568965517241379,0.9166666666666666,0.9586622807017544,0.9586622807017544,0.9855948464912281,0.9863121345029239,0.9863486842105262,0.987079678362573,0.9504751461988304,0.9855948464912281,0.9008771929824562,0.931237721021611,0.931237721021611,0.21481481481481482,0.0,0.0,0.0,0.0,0.9382716049382716,0.8755364806866953
0.8520114942528736,0.8520114942528736,0.6681034482758621,0.6580459770114943,0.6551724137931034,0.6551724137931034,0.6551724137931034,0.8520114942528736,0.9425287356321839,0.7873903508771929,0.7873903508771929,0.9883634868421052,0.9926900584795321,0.9927722953216375,0.9930646929824561,0.9931652046783626,0.9883634868421052,0.9235745614035088,0.7296587926509186,0.7296587926509186,0.07228915662650602,0.01652892561983471,0.0,0.0,0.0,0.7296587926509186,0.9118942731277533
0.9612068965517241,0.9612068965517241,0.6738505747126436,0.6551724137931034,0.6551724137931034,0.6551724137931034,0.6551724137931034,0.9425287356321839,0.9525862068965517,0.9605263157894738,0.9605263157894738,0.9880939327485381,0.9894097222222223,0.989482821637427,0.990031067251462,0.9859009502923977,0.9880939327485381,0.9598684210526315,0.944558521560575,0.944558521560575,0.10276679841897234,0.0,0.0,0.0,0.0,0.9134199134199135,0.9346534653465347
0.9583333333333334,0.9583333333333334,0.7255747126436781,0.6551724137931034,0.6551724137931034,0.6551724137931034,0.6551724137931034,0.9597701149425287,0.8160919540229885,0.9642543859649123,0.9642543859649123,0.9806880482456141,0.980610380116959,0.9806012426900585,0.981030701754386,0.8456231725146199,0.9806880482456141,0.7412280701754386,0.9421157684630739,0.9421157684630739,0.3391003460207612,0.0,0.0,0.0,0.0,0.9426229508196722,0.6521739130434783
0.9339080459770115,0.9339080459770115,0.6982758620689655,0.6551724137931034,0.6551724137931034,0.6551724137931034,0.6551724137931034,0.8936781609195402,0.9324712643678161,0.912061403508772,0.912061403508772,0.9881990131578948,0.9899579678362573,0.9899488304093567,0.990186403508772,0.9814418859649123,0.9881990131578948,0.9089912280701755,0.8977777777777778,0.8977777777777778,0.2222222222222222,0.0,0.0,0.0,0.0,0.8238095238095238,0.8948545861297539
0.882183908045977,0.882183908045977,0.6580459770114943,0.6551724137931034,0.6551724137931034,0.6551724137931034,0.6551724137931034,0.882183908045977,0.875,0.8321271929824562,0.8321271929824562,0.9903554459064328,0.9921783625730994,0.9922240497076023,0.9907437865497076,0.9680098684210525,0.9903554459064328,0.8217105263157894,0.7970297029702971,0.7970297029702971,0.01652892561983471,0.0,0.0,0.0,0.0,0.7970297029702971,0.7819548872180451
0.9568965517241379,0.9568965517241379,0.7442528735632183,0.6551724137931034,0.6551724137931034,0.6551724137931034,0.6551724137931034,0.9568965517241379,0.9568965517241379,0.950328947368421,0.950328947368421,0.9851836622807018,0.9873355263157896,0.9876005116959065,0.9885416666666667,0.9882401315789473,0.9851836622807018,0.9631578947368421,0.9369747899159664,0.9369747899159664,0.4144736842105263,0.0,0.0,0.0,0.0,0.9369747899159664,0.9402390438247012
0.8879310344827587,0.8879310344827587,0.6609195402298851,0.6551724137931034,0.6551724137931034,0.6566091954022989,0.6580459770114943,0.8247126436781609,0.9022988505747126,0.8394736842105263,0.8394736842105263,0.9831277412280702,0.9907986111111111,0.9909813596491228,0.991922514619883,0.9916849415204678,0.9831277412280702,0.8632675438596492,0.8078817733990148,0.8078817733990148,0.03278688524590164,0.0,0.0,0.008298755186721992,0.01652892561983471,0.6629834254143646,0.8388625592417062
0.9382183908045977,0.9382183908045977,0.7557471264367817,0.6551724137931034,0.6551724137931034,0.6551724137931034,0.6551724137931034,0.9497126436781609,0.9655172413793104,0.949890350877193,0.949890350877193,0.9812682748538012,0.9852430555555556,0.9856816520467836,0.987436038011696,0.9914656432748538,0.9812682748538012,0.9726973684210527,0.9168278529980658,0.9168278529980658,0.4551282051282051,0.0,0.0,0.0,0.0,0.9301397205588823,0.952191235059761
0.9281609195402298,0.9152298850574713,0.6997126436781609,0.6551724137931034,0.6551724137931034,0.6551724137931034,0.6551724137931034,0.9008620689655172,0.9339080459770115,0.9017543859649122,0.881030701754386,0.9852065058479532,0.990360014619883,0.9906980994152047,0.9915844298245614,0.9888066520467836,0.9837582236842106,0.912061403508772,0.8868778280542986,0.8624708624708625,0.22878228782287824,0.0,0.0,0.0,0.0,0.8345323741007195,0.8977777777777778
0.9497126436781609,0.9497126436781609,0.6709770114942529,0.6580459770114943,0.6551724137931034,0.6551724137931034,0.6551724137931034,0.9137931034482759,0.9712643678160919,0.9389254385964912,0.9389254385964912,0.9894371345029239,0.9917854532163743,0.9918311403508773,0.9924250730994153,0.994654605263158,0.9894371345029239,0.9741228070175438,0.9253731343283582,0.9253731343283582,0.08764940239043825,0.01652892561983471,0.0,0.0,0.0,0.8604651162790697,0.959349593495935
0.9525862068965517,0.9525862068965517,0.6666666666666666,0.6566091954022989,0.6551724137931034,0.6551724137931034,0.6551724137931034,0.9238505747126436,0.9554597701149425,0.943092105263158,0.943092105263158,0.9899671052631579,0.9918951023391812,0.9919316520467836,0.9924342105263158,0.9898391812865499,0.9899671052631579,0.9462719298245613,0.9299363057324841,0.9299363057324841,0.06451612903225806,0.008298755186721992,0.0,0.0,0.0,0.8803611738148984,0.9341825902335457
0.8908045977011494,0.8908045977011494,0.6824712643678161,0.6551724137931034,0.6551724137931034,0.6551724137931034,0.6551724137931034,0.8908045977011494,0.9324712643678161,0.8466008771929825,0.8466008771929825,0.9863167032163743,0.9902686403508772,0.9903051900584794,0.9909539473684211,0.9943530701754386,0.9863167032163743,0.9089912280701755,0.8164251207729468,0.8164251207729468,0.14671814671814673,0.0,0.0,0.0,0.0,0.8164251207729468,0.8948545861297539
0.9683908045977011,0.9683908045977011,0.7155172413793104,0.6551724137931034,0.6551724137931034,0.6551724137931034,0.6551724137931034,0.9540229885057471,0.9640804597701149,0.9719298245614035,0.9719298245614035,0.9893686038011695,0.9898665935672514,0.9901133040935672,0.9906798245614035,0.9841922514619883,0.9893686038011695,0.9666666666666667,0.9554655870445344,0.9554655870445344,0.3028169014084507,0.0,0.0,0.0,0.0,0.9324894514767933,0.949290060851927
0.9382183908045977,0.9382183908045977,0.6637931034482759,0.6551724137931034,0.6551724137931034,0.6551724137931034,0.6551724137931034,0.8994252873563219,0.9568965517241379,0.9202850877192984,0.9202850877192984,0.9873035453216374,0.9871710526315789,0.987235014619883,0.987609649122807,0.9804093567251462,0.9873035453216374,0.9552631578947368,0.9059080962800875,0.9059080962800875,0.04878048780487805,0.0,0.0,0.0,0.0,0.8333333333333334,0.9382716049382716
0.9511494252873564,0.9511494252873564,0.6853448275862069,0.6566091954022989,0.6551724137931034,0.6551724137931034,0.6551724137931034,0.9195402298850575,0.9396551724137931,0.9410087719298246,0.9410087719298246,0.987235014619883,0.9900767543859649,0.9901315789473684,0.9904696637426902,0.9871984649122807,0.987235014619883,0.9253289473684211,0.9276595744680851,0.9276595744680851,0.16091954022988506,0.008298755186721992,0.0,0.0,0.0,0.8715596330275229,0.9094827586206896
0.8721264367816092,0.8721264367816092,0.6652298850574713,0.6623563218390804,0.6551724137931034,0.6551724137931034,0.6551724137931034,0.8721264367816092,0.9137931034482759,0.8175438596491228,0.8175438596491228,0.9877923976608187,0.9917763157894737,0.9918402777777777,0.9919316520467837,0.9904879385964912,0.9877923976608187,0.8819078947368422,0.7758186397984886,0.7758186397984886,0.05668016194331984,0.04081632653061224,0.0,0.0,0.0,0.7758186397984886,0.8617511520737328
0.8362068965517241,0.8362068965517241,0.6824712643678161,0.6566091954022989,0.6551724137931034,0.6551724137931034,0.6551724137931034,0.8017241379310345,0.7025862068965517,0.7664473684210525,0.7664473684210525,0.9791209795321637,0.9814236111111112,0.9814601608187135,0.9811860380116958,0.9398574561403508,0.9620339912280702,0.56875,0.6951871657754011,0.6951871657754011,0.14671814671814673,0.008298755186721992,0.0,0.0,0.0,0.5988372093023255,0.24175824175824176
0.8563218390804598,0.8563218390804598,0.6652298850574713,0.6551724137931034,0.6551724137931034,0.6551724137931034,0.6551724137931034,0.7931034482758621,0.8764367816091954,0.793640350877193,0.793640350877193,0.9788742690058481,0.9920230263157895,0.9920687134502925,0.9924250730994152,0.993329678362573,0.9788742690058481,0.8237938596491229,0.7395833333333334,0.7395833333333334,0.05668016194331984,0.0,0.0,0.0,0.0,0.5739644970414202,0.785
0.9051724137931034,0.9051724137931034,0.6695402298850575,0.6551724137931034,0.6551724137931034,0.6551724137931034,0.6551724137931034,0.9051724137931034,0.9511494252873564,0.8654605263157895,0.8654605263157895,0.9880025584795322,0.9879568713450293,0.9880299707602339,0.9882584064327485,0.9798062865497075,0.9880025584795322,0.9459429824561404,0.8428571428571429,0.8428571428571429,0.0873015873015873,0.0,0.0,0.0,0.0,0.8428571428571429,0.9291666666666667
0.9482758620689655,0.9482758620689655,0.7112068965517241,0.6609195402298851,0.6551724137931034,0.6551724137931034,0.6551724137931034,0.9209770114942529,0.9626436781609196,0.9417763157894737,0.9417763157894737,0.9880071271929824,0.9912097953216374,0.9913468567251462,0.9920687134502925,0.9940698099415205,0.9880071271929824,0.9586622807017543,0.9246861924686193,0.9246861924686193,0.27956989247311825,0.03278688524590164,0.0,0.0,0.0,0.8741418764302059,0.9458333333333333
0.9382183908045977,0.9367816091954023,0.7686781609195402,0.6566091954022989,0.6551724137931034,0.6551724137931034,0.6551724137931034,0.9094827586206896,0.9425287356321839,0.9183114035087718,0.9162280701754385,0.9880573830409356,0.9880573830409357,0.9882584064327485,0.9886787280701754,0.9813139619883041,0.9870705409356725,0.9344298245614034,0.9050772626931567,0.9026548672566371,0.4984423676012461,0.008298755186721992,0.0,0.0,0.0,0.8531468531468531,0.9159663865546218
0.7844827586206896,0.7844827586206896,0.6566091954022989,0.6551724137931034,0.6551724137931034,0.6551724137931034,0.6551724137931034,0.7844827586206896,0.860632183908046,0.6884868421052631,0.6884868421052631,0.9773391812865497,0.9902320906432749,0.9901681286549708,0.9863669590643275,0.9844937865497077,0.9773391812865497,0.7989035087719298,0.5481927710843374,0.5481927710843374,0.008298755186721992,0.0,0.0,0.0,0.0,0.5481927710843374,0.7480519480519481
0.9468390804597702,0.9468390804597702,0.6767241379310345,0.6594827586206896,0.6551724137931034,0.6551724137931034,0.6551724137931034,0.9123563218390804,0.9310344827586207,0.9327850877192982,0.9327850877192982,0.9877284356725147,0.9903782894736842,0.9904788011695906,0.9910635964912281,0.9923062865497077,0.9877284356725147,0.9088815789473683,0.9200863930885529,0.9200863930885529,0.11764705882352941,0.024691358024691357,0.0,0.0,0.0,0.8584686774941995,0.8933333333333333
0.9339080459770115,0.9396551724137931,0.6781609195402298,0.6594827586206896,0.6551724137931034,0.6551724137931034,0.6551724137931034,0.9252873563218391,0.9511494252873564,0.912061403508772,0.9253289473684211,0.9865588450292397,0.98890716374269,0.9890350877192983,0.9894645467836257,0.9893548976608187,0.9851288377192982,0.9459429824561404,0.8977777777777778,0.9094827586206896,0.13178294573643412,0.024691358024691357,0.0,0.0,0.0,0.8828828828828829,0.9291666666666667
0.9037356321839081,0.9037356321839081,0.7528735632183908,0.6551724137931034,0.6551724137931034,0.6551724137931034,0.6551724137931034,0.9037356321839081,0.9554597701149425,0.8692982456140351,0.8692982456140351,0.9868192616959064,0.9894371345029239,0.989546783625731,0.9908077485380118,0.9948099415204679,0.9868192616959064,0.950219298245614,0.8445475638051044,0.8445475638051044,0.44155844155844154,0.0,0.0,0.0,0.0,0.8445475638051044,0.9352818371607515
0.8936781609195402,0.8936781609195402,0.6637931034482759,0.6551724137931034,0.6551724137931034,0.6551724137931034,0.6551724137931034,0.8936781609195402,0.9568965517241379,0.8487938596491229,0.8487938596491229,0.9901315789473684,0.990140716374269,0.9901681286549707,0.9904513888888888,0.979267178362573,0.9901315789473684,0.9513157894736842,0.8203883495145631,0.8203883495145631,0.04878048780487805,0.0,0.0,0.0,0.0,0.8203883495145631,0.9372384937238494
0.8419540229885057,0.8419540229885057,0.6580459770114943,0.6566091954022989,0.6551724137931034,0.6551724137931034,0.6551724137931034,0.7801724137931034,0.8103448275862069,0.7728070175438596,0.7728070175438596,0.9693210891812867,0.9907163742690058,0.9911092836257309,0.9923702485380117,0.9935124269005849,0.9693210891812867,0.725,0.7058823529411765,0.7058823529411765,0.01652892561983471,0.008298755186721992,0.0,0.0,0.0,0.5349544072948328,0.6206896551724138
0.8994252873563219,0.8994252873563219,0.6910919540229885,0.6551724137931034,0.6551724137931034,0.6551724137931034,0.6551724137931034,0.8994252873563219,0.9439655172413793,0.8610745614035088,0.8610745614035088,0.9846948099415205,0.9889711257309941,0.9889802631578948,0.9893183479532164,0.9732273391812866,0.9846948099415205,0.9375,0.8349056603773585,0.8349056603773585,0.18867924528301888,0.0,0.0,0.0,0.0,0.8349056603773585,0.918580375782881
0.9482758620689655,0.9482758620689655,0.8405172413793104,0.6767241379310345,0.6551724137931034,0.6551724137931034,0.6551724137931034,0.9525862068965517,0.9425287356321839,0.9427631578947369,0.9427631578947369,0.9870248538011697,0.9881853070175439,0.9885690789473685,0.9893548976608189,0.9770285087719299,0.9864994517543859,0.9472587719298244,0.925,0.925,0.7024128686327078,0.11764705882352941,0.0,0.0,0.0,0.9308176100628931,0.9203187250996016
0.8635057471264368,0.8635057471264368,0.6810344827586207,0.6551724137931034,0.6551724137931034,0.6551724137931034,0.6551724137931034,0.8635057471264368,0.9439655172413793,0.8040570175438596,0.8040570175438596,0.9718567251461987,0.9856176900584795,0.9857364766081871,0.9862390350877193,0.9869243421052631,0.9718567251461987,0.931578947368421,0.7557840616966581,0.7557840616966581,0.13953488372093023,0.0,0.0,0.0,0.0,0.7557840616966581,0.9164882226980728
0.9497126436781609,0.9497126436781609,0.6824712643678161,0.6551724137931034,0.6551724137931034,0.6551724137931034,0.6551724137931034,0.9525862068965517,0.9410919540229885,0.9596491228070175,0.9596491228070175,0.9858598318713451,0.988623903508772,0.9886421783625732,0.9888157894736842,0.9722953216374269,0.9858598318713451,0.9382675438596492,0.9315068493150684,0.9315068493150684,0.14671814671814673,0.0,0.0,0.0,0.0,0.931958762886598,0.9158110882956879
0.9640804597701149,0.9640804597701149,0.7140804597701149,0.6566091954022989,0.6551724137931034,0.6551724137931034,0.6551724137931034,0.9425287356321839,0.9568965517241379,0.9587719298245614,0.9587719298245614,0.9899031432748537,0.989482821637427,0.9897021198830409,0.9901498538011697,0.981953581871345,0.9893640350877194,0.95625,0.9475890985324947,0.9475890985324947,0.2968197879858657,0.008298755186721992,0.0,0.0,0.0,0.9126637554585153,0.9385245901639344
0.882183908045977,0.882183908045977,0.6767241379310345,0.6551724137931034,0.6551724137931034,0.6551724137931034,0.6551724137931034,0.882183908045977,0.9209770114942529,0.8331140350877193,0.8331140350877193,0.9862573099415204,0.9900127923976608,0.9900858918128654,0.9902960526315789,0.9894188596491228,0.9862573099415204,0.8942982456140351,0.7980295566502463,0.7980295566502463,0.11764705882352941,0.0,0.0,0.0,0.0,0.7980295566502463,0.8758465011286681
0.9540229885057471,0.9540229885057471,0.7701149425287356,0.6551724137931034,0.6551724137931034,0.6551724137931034,0.6551724137931034,0.9540229885057471,0.9525862068965517,0.9461622807017543,0.9461622807017543,0.9861476608187134,0.9875274122807018,0.9876370614035088,0.9880573830409357,0.9860562865497076,0.9861476608187134,0.9549342105263158,0.9324894514767933,0.9324894514767933,0.5031055900621118,0.0,0.0,0.0,0.0,0.9324894514767933,0.9333333333333333
0.9554597701149425,0.9554597701149425,0.7471264367816092,0.6551724137931034,0.6551724137931034,0.6551724137931034,0.6551724137931034,0.9554597701149425,0.9669540229885057,0.950219298245614,0.950219298245614,0.9880528143274854,0.9904970760233918,0.9907437865497076,0.9923062865497077,0.9929824561403509,0.9880528143274854,0.9728070175438597,0.9352818371607515,0.9352818371607515,0.42105263157894735,0.0,0.0,0.0,0.0,0.9352818371607515,0.9539078156312625
0.9511494252873564,0.9540229885057471,0.6738505747126436,0.6566091954022989,0.6551724137931034,0.6551724137931034,0.6551724137931034,0.9353448275862069,0.9712643678160919,0.9429824561403508,0.9471491228070176,0.9897432383040935,0.9908717105263158,0.990999634502924,0.9915752923976608,0.9906615497076023,0.9894782529239766,0.9741228070175438,0.9282700421940928,0.9327731092436975,0.10276679841897234,0.008298755186721992,0.0,0.0,0.0,0.9002217294900222,0.959349593495935
0.9568965517241379,0.9568965517241379,0.6709770114942529,0.6551724137931034,0.6551724137931034,0.6551724137931034,0.6551724137931034,0.9324712643678161,0.9482758620689655,0.9513157894736842,0.9513157894736842,0.9879477339181286,0.9902320906432748,0.9904239766081872,0.9910270467836257,0.9870979532163742,0.9879477339181286,0.9555921052631577,0.9372384937238494,0.9372384937238494,0.08764940239043825,0.0,0.0,0.0,0.0,0.8962472406181016,0.9288537549407114
0.9410919540229885,0.9410919540229885,0.7442528735632183,0.6551724137931034,0.6551724137931034,0.6551724137931034,0.6551724137931034,0.9410919540229885,0.9497126436781609,0.9501096491228069,0.9501096491228069,0.9785133406432749,0.98156067251462,0.9815880847953217,0.9829130116959066,0.9820540935672515,0.9785133406432749,0.9438596491228071,0.9197651663405088,0.9197651663405088,0.4144736842105263,0.0,0.0,0.0,0.0,0.9197651663405088,0.9269311064718163
0.9626436781609196,0.9626436781609196,0.7097701149425287,0.6580459770114943,0.6551724137931034,0.6551724137931034,0.6551724137931034,0.9252873563218391,0.9339080459770115,0.9527412280701755,0.9527412280701755,0.9911686769005847,0.9916483918128656,0.9917763157894737,0.9919773391812865,0.9718475877192982,0.9905062134502924,0.9081140350877193,0.9444444444444444,0.9444444444444444,0.2733812949640288,0.01652892561983471,0.0,0.0,0.0,0.8812785388127854,0.8959276018099548
0.9295977011494253,0.9295977011494253,0.6925287356321839,0.6551724137931034,0.6551724137931034,0.6551724137931034,0.6551724137931034,0.9295977011494253,0.9583333333333334,0.9058114035087718,0.9058114035087718,0.9894919590643274,0.9902412280701753,0.990405701754386,0.9908168859649122,0.981578947368421,0.9894919590643274,0.956359649122807,0.8903803131991052,0.8903803131991052,0.19548872180451127,0.0,0.0,0.0,0.0,0.8903803131991052,0.9402061855670103
0.9066091954022989,0.9066091954022989,0.6695402298850575,0.6551724137931034,0.6551724137931034,0.6551724137931034,0.6551724137931034,0.9066091954022989,0.9540229885057471,0.8675438596491228,0.8675438596491228,0.9882355628654971,0.9903508771929825,0.9903965643274855,0.9905793128654972,0.9860288742690058,0.9882355628654971,0.9461622807017543,0.8456057007125891,0.8456057007125891,0.08,0.0,0.0,0.0,0.0,0.8456057007125891,0.9324894514767933
0.8548850574712644,0.8548850574712644,0.6580459770114943,0.6580459770114943,0.6566091954022989,0.6551724137931034,0.6551724137931034,0.8548850574712644,0.8836206896551724,0.7925438596491229,0.7925438596491229,0.9900173611111112,0.9925255847953216,0.9930098684210525,0.9940880847953216,0.9945084064327485,0.9900173611111112,0.8342105263157895,0.7376623376623377,0.7376623376623377,0.01652892561983471,0.01652892561983471,0.008298755186721992,0.0,0.0,0.7376623376623377,0.8
0.8261494252873564,0.8261494252873564,0.6652298850574713,0.6623563218390804,0.6580459770114943,0.6566091954022989,0.6551724137931034,0.8261494252873564,0.8764367816091954,0.7489035087719299,0.7489035087719299,0.9844755116959064,0.9916940789473684,0.9924798976608187,0.9933205409356726,0.9937865497076024,0.9844755116959064,0.8228070175438597,0.6648199445983379,0.6648199445983379,0.05668016194331984,0.04081632653061224,0.01652892561983471,0.008298755186721992,0.0,0.6648199445983379,0.7839195979899497
0.8778735632183908,0.9224137931034483,0.6695402298850575,0.6551724137931034,0.6551724137931034,0.6551724137931034,0.6551724137931034,0.9238505747126436,0.9612068965517241,0.8337719298245613,0.9032894736842105,0.9795001827485379,0.9821271929824562,0.9833516081871345,0.9861933479532163,0.9825749269005848,0.9825886330409357,0.9605263157894738,0.7961630695443646,0.8820960698689956,0.0873015873015873,0.0,0.0,0.0,0.0,0.8840262582056893,0.944558521560575
0.9497126436781609,0.9497126436781609,0.6666666666666666,0.6566091954022989,0.6551724137931034,0.6551724137931034,0.6551724137931034,0.9152298850574713,0.9554597701149425,0.9359649122807017,0.9359649122807017,0.9898391812865498,0.9909904970760235,0.9910544590643275,0.9916301169590644,0.9809576023391813,0.9893092105263157,0.9462719298245613,0.9244060475161987,0.9244060475161987,0.06451612903225806,0.008298755186721992,0.0,0.0,0.0,0.8637413394919169,0.9341825902335457
0.9439655172413793,0.9439655172413793,0.6882183908045977,0.6551724137931034,0.6551724137931034,0.6551724137931034,0.6551724137931034,0.8979885057471264,0.9511494252873564,0.9296052631578946,0.9296052631578946,0.9830546418128655,0.9878654970760233,0.988048245614035,0.9894371345029239,0.9932474415204677,0.9830546418128655,0.9390350877192982,0.9157667386609071,0.9157667386609071,0.17490494296577946,0.0,0.0,0.0,0.0,0.831353919239905,0.927038626609442
0.9640804597701149,0.9640804597701149,0.6939655172413793,0.6681034482758621,0.6594827586206896,0.6551724137931034,0.6551724137931034,0.9468390804597702,0.9583333333333334,0.9627192982456141,0.9627192982456141,0.9885233918128655,0.9907711988304093,0.9910270467836257,0.9910727339181287,0.9910727339181287,0.9885233918128655,0.9553728070175439,0.9484536082474226,0.9484536082474226,0.20224719101123595,0.07228915662650602,0.024691358024691357,0.0,0.0,0.9211087420042644,0.9399585921325052
0.9181034482758621,0.9181034482758621,0.6681034482758621,0.6551724137931034,0.6551724137931034,0.6551724137931034,0.6551724137931034,0.867816091954023,0.9540229885057471,0.8861842105263158,0.8861842105263158,0.9859009502923977,0.9890259502923977,0.9890807748538012,0.9891812865497076,0.9825749269005848,0.9859009502923977,0.9451754385964912,0.8683602771362586,0.8683602771362586,0.07228915662650602,0.0,0.0,0.0,0.0,0.766497461928934,0.9322033898305084
0.9324712643678161,0.9324712643678161,0.6997126436781609,0.6566091954022989,0.6551724137931034,0.6551724137931034,0.6551724137931034,0.9324712643678161,0.9554597701149425,0.9099780701754385,0.9099780701754385,0.987751279239766,0.9910635964912281,0.9911184210526316,0.9913834064327486,0.9937317251461988,0.987751279239766,0.9452850877192983,0.8953229398663697,0.8953229398663697,0.22878228782287824,0.008298755186721992,0.0,0.0,0.0,0.8953229398663697,0.9339019189765458
0.9209770114942529,0.9209770114942529,0.7126436781609196,0.6551724137931034,0.6551724137931034,0.6551724137931034,0.6551724137931034,0.8778735632183908,0.8577586206896551,0.8923245614035088,0.8923245614035088,0.9742141812865497,0.9822825292397661,0.982328216374269,0.9789565058479532,0.9680829678362572,0.9742141812865497,0.7996710526315789,0.8747152619589977,0.8747152619589977,0.2857142857142857,0.0,0.0,0.0,0.0,0.7890818858560794,0.7480916030534351
0.9583333333333334,0.9583333333333334,0.6839080459770115,0.6551724137931034,0.6551724137931034,0.6551724137931034,0.6551724137931034,0.9281609195402298,0.9612068965517241,0.9484649122807017,0.9484649122807017,0.9858324195906434,0.9907255116959065,0.9908534356725147,0.9919590643274854,0.9931560672514621,0.9858324195906434,0.956578947368421,0.9381663113006397,0.9381663113006397,0.15384615384615385,0.0,0.0,0.0,0.0,0.8868778280542986,0.9436325678496869
0.9295977011494253,0.9295977011494253,0.6795977011494253,0.6551724137931034,0.6551724137931034,0.6551724137931034,0.6551724137931034,0.9295977011494253,0.9482758620689655,0.9087719298245615,0.9087719298245615,0.9880482456140351,0.9895741959064327,0.989702119883041,0.9900584795321636,0.9822916666666667,0.9880482456140351,0.9447368421052632,0.891832229580574,0.891832229580574,0.13229571984435798,0.0,0.0,0.0,0.0,0.891832229580574,0.9256198347107438
0.9497126436781609,0.9497126436781609,0.6839080459770115,0.6551724137931034,0.6551724137931034,0.6551724137931034,0.6551724137931034,0.9066091954022989,0.9425287356321839,0.9330043859649122,0.9330043859649122,0.9890076754385965,0.9919133771929824,0.9920230263157894,0.9921875,0.9912828947368422,0.9890076754385965,0.9245614035087718,0.9234135667396062,0.9234135667396062,0.15384615384615385,0.0,0.0,0.0,0.0,0.8477751756440282,0.9122807017543859
0.9597701149425287,0.9583333333333334,0.7313218390804598,0.6623563218390804,0.6551724137931034,0.6551724137931034,0.6551724137931034,0.9554597701149425,0.9626436781609196,0.9633771929824562,0.9632675438596491,0.9819718567251462,0.9856633771929824,0.9861019736842105,0.9880665204678363,0.992827119883041,0.9810763888888888,0.9586622807017543,0.9435483870967742,0.9418837675350702,0.36177474402730375,0.04081632653061224,0.0,0.0,0.0,0.9371196754563894,0.9458333333333333
0.9367816091954023,0.9367816091954023,0.6609195402298851,0.6551724137931034,0.6551724137931034,0.6551724137931034,0.6551724137931034,0.9066091954022989,0.9382183908045977,0.9182017543859651,0.9182017543859651,0.9876279239766081,0.9868146929824563,0.9870339912280702,0.9872898391812865,0.9752832602339181,0.9876279239766081,0.9242324561403509,0.9035087719298246,0.9035087719298246,0.03278688524590164,0.0,0.0,0.0,0.0,0.8470588235294118,0.9075268817204301
0.9166666666666666,0.9166666666666666,0.6666666666666666,0.6551724137931034,0.6551724137931034,0.6551724137931034,0.6551724137931034,0.8706896551724138,0.9382183908045977,0.8880482456140351,0.8880482456140351,0.982826206140351,0.9864674707602339,0.9866867690058481,0.986906067251462,0.9871436403508773,0.982826206140351,0.9232456140350878,0.8681818181818182,0.8681818181818182,0.06451612903225806,0.0,0.0,0.0,0.0,0.7738693467336684,0.9071274298056156
0.9209770114942529,0.9209770114942529,0.6652298850574713,0.6566091954022989,0.6551724137931034,0.6551724137931034,0.6551724137931034,0.9209770114942529,0.9468390804597702,0.8923245614035088,0.8923245614035088,0.9890670687134503,0.9906798245614035,0.9908168859649124,0.9912920321637426,0.9913194444444444,0.9890670687134503,0.9357456140350877,0.8747152619589977,0.8747152619589977,0.05668016194331984,0.008298755186721992,0.0,0.0,0.0,0.8747152619589977,0.9211087420042644
0.9439655172413793,0.9439655172413793,0.6954022988505747,0.6551724137931034,0.6551724137931034,0.6551724137931034,0.6551724137931034,0.9123563218390804,0.9511494252873564,0.9266447368421052,0.9266447368421052,0.9902640716374269,0.9919133771929824,0.9919590643274855,0.9922697368421053,0.9859100877192982,0.9902640716374269,0.9370614035087719,0.9146608315098468,0.9146608315098468,0.208955223880597,0.0,0.0,0.0,0.0,0.8578088578088578,0.9264069264069265
0.9540229885057471,0.9540229885057471,0.8275862068965517,0.6609195402298851,0.6551724137931034,0.6551724137931034,0.6551724137931034,0.9540229885057471,0.9454022988505747,0.9619517543859649,0.9619517543859649,0.987609649122807,0.989437134502924,0.990186403508772,0.9916483918128656,0.9887061403508772,0.9879705774853802,0.9573464912280703,0.9367588932806324,0.9367588932806324,0.6739130434782609,0.03278688524590164,0.0,0.0,0.0,0.9367588932806324,0.9263565891472868
0.8505747126436781,0.8505747126436781,0.6853448275862069,0.6609195402298851,0.6551724137931034,0.6551724137931034,0.6551724137931034,0.8505747126436781,0.8189655172413793,0.788267543859649,0.788267543859649,0.9829632675438595,0.9862116228070177,0.9863029970760234,0.9864674707602339,0.98890716374269,0.9808753654970761,0.7404605263157895,0.7305699481865285,0.7305699481865285,0.16091954022988506,0.03278688524590164,0.0,0.0,0.0,0.7305699481865285,0.65
0.9209770114942529,0.9209770114942529,0.6738505747126436,0.6551724137931034,0.6551724137931034,0.6551724137931034,0.6551724137931034,0.9209770114942529,0.9626436781609196,0.8942982456140351,0.8942982456140351,0.9880345394736842,0.9900036549707603,0.9902869152046784,0.9920961257309941,0.9913651315789475,0.9880345394736842,0.9675438596491228,0.8758465011286681,0.8758465011286681,0.10276679841897234,0.0,0.0,0.0,0.0,0.8758465011286681,0.9477911646586346
0.8477011494252874,0.8318965517241379,0.6551724137931034,0.6551724137931034,0.6551724137931034,0.6551724137931034,0.6551724137931034,0.8347701149425287,0.6508620689655172,0.818640350877193,0.8055921052631578,0.8753609283625732,0.8649396929824561,0.8604806286549708,0.8388066520467835,0.43779239766081873,0.872436951754386,0.5351973684210527,0.7665198237885462,0.7473002159827213,0.0,0.0,0.0,0.0,0.0,0.7331786542923434,0.24299065420560748
0.896551724137931,0.896551724137931,0.6681034482758621,0.6551724137931034,0.6551724137931034,0.6551724137931034,0.6551724137931034,0.896551724137931,0.9281609195402298,0.856907894736842,0.856907894736842,0.9833698830409356,0.9876461988304093,0.9877010233918129,0.9881122076023392,0.9849141081871344,0.9833698830409356,0.9037280701754385,0.8293838862559242,0.8293838862559242,0.07228915662650602,0.0,0.0,0.0,0.0,0.8293838862559242,0.8878923766816144
0.9295977011494253,0.9080459770114943,0.6795977011494253,0.6566091954022989,0.6551724137931034,0.6551724137931034,0.6551724137931034,0.9066091954022989,0.9568965517241379,0.9107456140350877,0.8716008771929825,0.979235197368421,0.9818256578947369,0.9820540935672514,0.982547514619883,0.9881304824561403,0.9766310307017544,0.9572368421052633,0.8927789934354485,0.8497652582159625,0.13229571984435798,0.008298755186721992,0.0,0.0,0.0,0.8463356973995272,0.9387755102040817
0.9310344827586207,0.9324712643678161,0.7011494252873564,0.6566091954022989,0.6551724137931034,0.6551724137931034,0.6551724137931034,0.8922413793103449,0.9295977011494253,0.9069078947368421,0.9089912280701755,0.9856222587719298,0.9883863304093568,0.9885690789473685,0.9890442251461988,0.9793768274853801,0.9842059576023392,0.9087719298245615,0.8923766816143498,0.8948545861297539,0.23529411764705882,0.008298755186721992,0.0,0.0,0.0,0.8201438848920863,0.891832229580574
0.853448275862069,0.853448275862069,0.6566091954022989,0.6551724137931034,0.6551724137931034,0.6551724137931034,0.6551724137931034,0.853448275862069,0.8505747126436781,0.7894736842105264,0.7894736842105264,0.9871162280701755,0.9904879385964912,0.9907072368421053,0.9915204678362575,0.9917763157894738,0.9871162280701755,0.7853070175438596,0.7329842931937173,0.7329842931937173,0.008298755186721992,0.0,0.0,0.0,0.0,0.7329842931937173,0.7263157894736842
0.9382183908045977,0.9382183908045977,0.6623563218390804,0.6551724137931034,0.6551724137931034,0.6551724137931034,0.6551724137931034,0.9382183908045977,0.9497126436781609,0.9173245614035088,0.9173245614035088,0.9902777777777778,0.9915204678362572,0.9915570175438597,0.9917123538011696,0.9874177631578946,0.9902777777777778,0.9408991228070176,0.9046563192904656,0.9046563192904656,0.04081632653061224,0.0,0.0,0.0,0.0,0.9046563192904656,0.9260042283298098
0.9497126436781609,0.9497126436781609,0.7040229885057471,0.6551724137931034,0.6551724137931034,0.6551724137931034,0.6551724137931034,0.9267241379310345,0.9209770114942529,0.9389254385964912,0.9389254385964912,0.9878380847953216,0.9898483187134504,0.9898483187134504,0.9899396929824562,0.9796052631578946,0.9878380847953216,0.900219298245614,0.9253731343283582,0.9253731343283582,0.24817518248175183,0.0,0.0,0.0,0.0,0.8853932584269663,0.8791208791208791
0.8706896551724138,0.8706896551724138,0.6580459770114943,0.6551724137931034,0.6551724137931034,0.6551724137931034,0.6551724137931034,0.8146551724137931,0.8477011494252874,0.8144736842105262,0.8144736842105262,0.9782803362573098,0.9783899853801169,0.9782437865497077,0.95171783625731,0.8159173976608187,0.9782803362573098,0.7801535087719299,0.7715736040609137,0.7715736040609137,0.01652892561983471,0.0,0.0,0.0,0.0,0.6366197183098592,0.7180851063829787
0.9497126436781609,0.9497126436781609,0.7040229885057471,0.6551724137931034,0.6551724137931034,0.6551724137931034,0.6551724137931034,0.9497126436781609,0.9698275862068966,0.9359649122807017,0.9359649122807017,0.9885325292397661,0.9907986111111111,0.9908808479532163,0.9914839181286549,0.9924159356725146,0.9885325292397661,0.9700657894736842,0.9244060475161987,0.9244060475161987,0.24817518248175183,0.0,0.0,0.0,0.0,0.9244060475161987,0.9568788501026694
0.9367816091954023,0.9367816091954023,0.6982758620689655,0.6580459770114943,0.6551724137931034,0.6551724137931034,0.6551724137931034,0.9367816091954023,0.9669540229885057,0.9191885964912281,0.9191885964912281,0.9877786915204678,0.9900493421052632,0.9902595029239766,0.9917214912280702,0.9939327485380116,0.9877786915204678,0.9698464912280701,0.9039301310043668,0.9039301310043668,0.2222222222222222,0.01652892561983471,0.0,0.0,0.0,0.9039301310043668,0.9533468559837728
0.8836206896551724,0.8836206896551724,0.7011494252873564,0.6551724137931034,0.6551724137931034,0.6551724137931034,0.6551724137931034,0.8836206896551724,0.9109195402298851,0.837171052631579,0.837171052631579,0.9833698830409356,0.9859192251461988,0.9859649122807017,0.9859009502923977,0.9784539473684211,0.9833698830409356,0.8816885964912281,0.8029197080291971,0.8029197080291971,0.23529411764705882,0.0,0.0,0.0,0.0,0.8029197080291971,0.8590909090909091
0.9410919540229885,0.9410919540229885,0.6982758620689655,0.6551724137931034,0.6551724137931034,0.6551724137931034,0.6551724137931034,0.9410919540229885,0.9497126436781609,0.9293859649122806,0.9293859649122806,0.9863029970760234,0.9887609649122806,0.9888523391812866,0.9896838450292397,0.9876370614035088,0.9863029970760234,0.9606359649122806,0.9125799573560768,0.9125799573560768,0.2222222222222222,0.0,0.0,0.0,0.0,0.9125799573560768,0.9317738791423001
0.9238505747126436,0.9238505747126436,0.6666666666666666,0.6551724137931034,0.6551724137931034,0.6551724137931034,0.6551724137931034,0.8793103448275862,0.867816091954023,0.8994517543859649,0.8994517543859649,0.9840414839181286,0.9831048976608188,0.9831048976608188,0.9833698830409358,0.8835800438596491,0.9840414839181286,0.8122807017543859,0.8814317673378076,0.8814317673378076,0.06451612903225806,0.0,0.0,0.0,0.0,0.7941176470588235,0.7676767676767676
0.9353448275862069,0.9353448275862069,0.6623563218390804,0.6551724137931034,0.6551724137931034,0.6551724137931034,0.6551724137931034,0.8979885057471264,0.9540229885057471,0.9200657894736842,0.9200657894736842,0.9844115497076024,0.9859466374269007,0.9859740497076024,0.9869243421052633,0.9856451023391815,0.9844115497076024,0.9501096491228072,0.9028077753779697,0.9028077753779697,0.04081632653061224,0.0,0.0,0.0,0.0,0.8321513002364066,0.9336099585062241
0.8721264367816092,0.8721264367816092,0.6609195402298851,0.6551724137931034,0.6551724137931034,0.6551724137931034,0.6551724137931034,0.8721264367816092,0.9224137931034483,0.8175438596491228,0.8175438596491228,0.9859192251461988,0.9899671052631579,0.9899853801169591,0.9894279970760232,0.986376096491228,0.9859192251461988,0.8924342105263159,0.7758186397984886,0.7758186397984886,0.03278688524590164,0.0,0.0,0.0,0.0,0.7758186397984886,0.8761467889908257
0.9425287356321839,0.9568965517241379,0.7313218390804598,0.6551724137931034,0.6551724137931034,0.6551724137931034,0.6551724137931034,0.9324712643678161,0.9051724137931034,0.9314692982456141,0.9493421052631579,0.991748903508772,0.992297149122807,0.9926169590643275,0.9932748538011695,0.959438961988304,0.9901726973684211,0.8782894736842104,0.9148936170212766,0.9367088607594937,0.36177474402730375,0.0,0.0,0.0,0.0,0.8957871396895787,0.852017937219731
0.9022988505747126,0.9022988505747126,0.6997126436781609,0.6551724137931034,0.6551724137931034,0.6551724137931034,0.6551724137931034,0.9022988505747126,0.9482758620689655,0.8642543859649123,0.8642543859649123,0.9880802266081871,0.9906341374269007,0.990734649122807,0.9917123538011696,0.9950840643274854,0.9880802266081871,0.9348684210526317,0.839622641509434,0.839622641509434,0.23443223443223443,0.0,0.0,0.0,0.0,0.839622641509434,0.9224137931034483
0.9568965517241379,0.9568965517241379,0.7011494252873564,0.6566091954022989,0.6551724137931034,0.6551724137931034,0.6551724137931034,0.9568965517241379,0.9626436781609196,0.9483552631578948,0.9483552631578948,0.9884822733918128,0.9901955409356725,0.9905336257309942,0.991748903508772,0.9927722953216374,0.9884822733918128,0.961622807017544,0.9364406779661016,0.9364406779661016,0.24087591240875914,0.008298755186721992,0.0,0.0,0.0,0.9364406779661016,0.9465020576131687
0.8261494252873564,0.8376436781609196,0.6695402298850575,0.6566091954022989,0.6551724137931034,0.6551724137931034,0.6551724137931034,0.7945402298850575,0.7772988505747126,0.7518640350877193,0.768530701754386,0.9816657529239766,0.9830409356725146,0.9822733918128654,0.9777595029239766,0.9050164473684211,0.9722861842105263,0.6800438596491228,0.670299727520436,0.6986666666666667,0.08,0.008298755186721992,0.0,0.0,0.0,0.5830903790087464,0.5317220543806647
0.8836206896551724,0.8836206896551724,0.6609195402298851,0.6566091954022989,0.6551724137931034,0.6551724137931034,0.6551724137931034,0.8836206896551724,0.8879310344827587,0.8332236842105264,0.8332236842105264,0.987687317251462,0.9913651315789473,0.9914747807017544,0.9915570175438596,0.9933662280701754,0.987687317251462,0.8404605263157895,0.7990074441687345,0.7990074441687345,0.03278688524590164,0.008298755186721992,0.0,0.0,0.0,0.7990074441687345,0.8088235294117647
0.9310344827586207,0.9554597701149425,0.6609195402298851,0.6551724137931034,0.6551724137931034,0.6551724137931034,0.6551724137931034,0.9281609195402298,0.8433908045977011,0.912828947368421,0.950219298245614,0.9861065423976608,0.9866045321637428,0.9866593567251463,0.9857090643274853,0.8424616228070175,0.9867415935672514,0.7837719298245615,0.8951965065502183,0.9352818371607515,0.03278688524590164,0.0,0.0,0.0,0.0,0.8888888888888888,0.72264631043257
0.9626436781609196,0.9626436781609196,0.7945402298850575,0.6551724137931034,0.6551724137931034,0.6551724137931034,0.6551724137931034,0.9626436781609196,0.9712643678160919,0.9675438596491228,0.9675438596491228,0.9870111476608187,0.9896564327485381,0.9898483187134504,0.9910453216374269,0.991154970760234,0.9870111476608187,0.9751096491228072,0.9477911646586346,0.9477911646586346,0.5756676557863502,0.0,0.0,0.0,0.0,0.9477911646586346,0.9595141700404858
0.9109195402298851,0.9109195402298851,0.6695402298850575,0.6551724137931034,0.6551724137931034,0.6551724137931034,0.6551724137931034,0.9109195402298851,0.9497126436781609,0.8797149122807019,0.8797149122807019,0.987641630116959,0.989656432748538,0.9897752192982456,0.990451388888889,0.9877010233918129,0.987641630116959,0.9408991228070176,0.8577981651376146,0.8577981651376146,0.08,0.0,0.0,0.0,0.0,0.8577981651376146,0.9260042283298098
0.8591954022988506,0.8591954022988506,0.6609195402298851,0.6566091954022989,0.6551724137931034,0.6551724137931034,0.6566091954022989,0.8591954022988506,0.8778735632183908,0.7978070175438596,0.7978070175438596,0.9878152412280702,0.9914473684210525,0.9917854532163742,0.9925438596491227,0.9931652046783627,0.9878152412280702,0.824890350877193,0.7461139896373057,0.7461139896373057,0.03278688524590164,0.008298755186721992,0.0,0.0,0.008298755186721992,0.7461139896373057,0.7869674185463659
0.9238505747126436,0.9238505747126436,0.6709770114942529,0.6551724137931034,0.6551724137931034,0.6551724137931034,0.6551724137931034,0.9008620689655172,0.9410919540229885,0.8994517543859649,0.8994517543859649,0.9848821271929826,0.9889163011695907,0.9889254385964913,0.9891173245614034,0.9934119152046784,0.9848821271929826,0.9214912280701756,0.8814317673378076,0.8814317673378076,0.08764940239043825,0.0,0.0,0.0,0.0,0.8376470588235294,0.9094922737306843
0.8994252873563219,0.8994252873563219,0.7040229885057471,0.6551724137931034,0.6551724137931034,0.6551724137931034,0.6551724137931034,0.8994252873563219,0.9295977011494253,0.8620614035087719,0.8620614035087719,0.9872624269005849,0.9900127923976608,0.9900676169590644,0.9910910087719298,0.9936038011695907,0.9872624269005849,0.9048245614035088,0.8356807511737089,0.8356807511737089,0.24817518248175183,0.0,0.0,0.0,0.0,0.8356807511737089,0.8898876404494382
0.9583333333333334,0.9583333333333334,0.6724137931034483,0.6551724137931034,0.6551724137931034,0.6551724137931034,0.6551724137931034,0.9339080459770115,0.9224137931034483,0.9504385964912281,0.9504385964912281,0.9917397660818713,0.992297149122807,0.9923336988304093,0.9925073099415205,0.9729897660818715,0.9917397660818713,0.8953947368421051,0.9386892177589852,0.9386892177589852,0.09523809523809523,0.0,0.0,0.0,0.0,0.8973214285714286,0.8778280542986425
0.9209770114942529,0.9209770114942529,0.6767241379310345,0.6551724137931034,0.6551724137931034,0.6551724137931034,0.6551724137931034,0.9209770114942529,0.8994252873563219,0.8913377192982456,0.8913377192982456,0.985485197368421,0.9891355994152047,0.9891904239766082,0.989546783625731,0.9891904239766081,0.985485197368421,0.8581140350877193,0.8741418764302059,0.8741418764302059,0.11764705882352941,0.0,0.0,0.0,0.0,0.8741418764302059,0.8325358851674641
0.8979885057471264,0.8979885057471264,0.6580459770114943,0.6551724137931034,0.6551724137931034,0.6551724137931034,0.6551724137931034,0.8979885057471264,0.9353448275862069,0.8580043859649122,0.8580043859649122,0.9860425804093568,0.9884685672514619,0.9885416666666667,0.9882949561403508,0.9823008040935672,0.9860425804093568,0.9240131578947368,0.831353919239905,0.831353919239905,0.01652892561983471,0.0,0.0,0.0,0.0,0.831353919239905,0.9044585987261147
0.9612068965517241,0.9612068965517241,0.6882183908045977,0.6566091954022989,0.6551724137931034,0.6551724137931034,0.6551724137931034,0.9568965517241379,0.9669540229885057,0.9634868421052631,0.9634868421052631,0.9888523391812866,0.9896564327485381,0.9899762426900585,0.990625,0.9857821637426901,0.9888020833333333,0.9728070175438597,0.9452332657200812,0.9452332657200812,0.17490494296577946,0.008298755186721992,0.0,0.0,0.0,0.9380165289256198,0.9539078156312625
0.9597701149425287,0.9640804597701149,0.6997126436781609,0.6623563218390804,0.6551724137931034,0.6551724137931034,0.6551724137931034,0.9525862068965517,0.9669540229885057,0.956469298245614,0.9646929824561404,0.9886650219298245,0.9902229532163742,0.9905975877192983,0.9909630847953216,0.9907711988304094,0.9886924342105263,0.9678728070175437,0.941908713692946,0.9488752556237219,0.23443223443223443,0.04081632653061224,0.0,0.0,0.0,0.9299363057324841,0.9529652351738241
0.9597701149425287,0.9597701149425287,0.7729885057471264,0.6566091954022989,0.6551724137931034,0.6551724137931034,0.6551724137931034,0.9597701149425287,0.9511494252873564,0.9643640350877193,0.9643640350877193,0.9841465643274855,0.9885325292397661,0.9891264619883041,0.9908808479532163,0.9938961988304094,0.9841465643274855,0.9617324561403509,0.9437751004016064,0.9437751004016064,0.5153374233128835,0.008298755186721992,0.0,0.0,0.0,0.9437751004016064,0.93359375
0.9310344827586207,0.9310344827586207,0.6738505747126436,0.6551724137931034,0.6551724137931034,0.6551724137931034,0.6551724137931034,0.896551724137931,0.9094827586206896,0.9059210526315788,0.9059210526315788,0.9873675073099415,0.99078033625731,0.9908168859649122,0.9911458333333334,0.989921418128655,0.9873675073099415,0.8726973684210526,0.8918918918918919,0.8918918918918919,0.10276679841897234,0.0,0.0,0.0,0.0,0.8269230769230769,0.851764705882353
0.9281609195402298,0.9281609195402298,0.7112068965517241,0.6551724137931034,0.6551724137931034,0.6551724137931034,0.6551724137931034,0.9281609195402298,0.9195402298850575,0.9007675438596492,0.9007675438596492,0.9868969298245613,0.9859374999999999,0.9859831871345031,0.9862298976608186,0.905217470760234,0.9855948464912281,0.8902412280701755,0.8863636363636364,0.8863636363636364,0.27956989247311825,0.0,0.0,0.0,0.0,0.8863636363636364,0.8721461187214612
0.9152298850574713,0.9152298850574713,0.6824712643678161,0.6551724137931034,0.6551724137931034,0.6551724137931034,0.6551724137931034,0.9152298850574713,0.9640804597701149,0.8830043859649123,0.8830043859649123,0.9913057383040935,0.9925895467836257,0.9926078216374269,0.9927905701754386,0.9919225146198831,0.9913057383040935,0.9637061403508771,0.8637413394919169,0.8637413394919169,0.14671814671814673,0.0,0.0,0.0,0.0,0.8637413394919169,0.9486652977412731
0.9525862068965517,0.9554597701149425,0.7988505747126436,0.6637931034482759,0.6551724137931034,0.6551724137931034,0.6551724137931034,0.9482758620689655,0.9583333333333334,0.9529605263157894,0.9581140350877193,0.9854760599415204,0.9879934210526315,0.9882675438596491,0.9896016081871346,0.9940698099415204,0.9848090277777778,0.9652412280701755,0.9327902240325866,0.9373737373737374,0.5953757225433526,0.04878048780487805,0.0,0.0,0.0,0.925,0.9423459244532804
0.9066091954022989,0.9066091954022989,0.6795977011494253,0.6566091954022989,0.6551724137931034,0.6551724137931034,0.6551724137931034,0.9066091954022989,0.9396551724137931,0.8695175438596492,0.8695175438596492,0.9876050804093566,0.9907529239766082,0.9907986111111111,0.9909082602339181,0.988952850877193,0.9876050804093566,0.9203947368421053,0.8470588235294118,0.8470588235294118,0.13229571984435798,0.008298755186721992,0.0,0.0,0.0,0.8470588235294118,0.9074889867841409
0.9152298850574713,0.9152298850574713,0.6666666666666666,0.6551724137931034,0.6551724137931034,0.6551724137931034,0.6551724137931034,0.9152298850574713,0.9597701149425287,0.8800438596491229,0.8800438596491229,0.9885827850877194,0.9894736842105264,0.9895193713450293,0.9896381578947369,0.9852613304093567,0.9885827850877194,0.9554824561403509,0.8618266978922716,0.8618266978922716,0.06451612903225806,0.0,0.0,0.0,0.0,0.8618266978922716,0.9416666666666667
0.9454022988505747,0.9454022988505747,0.8232758620689655,0.34339080459770116,0.34339080459770116,0.34339080459770116,0.34339080459770116,0.9238505747126436,0.9410919540229885,0.9324775917160304,0.9324775917160304,0.9846918689287055,0.9863307178890893,0.9865962297318331,0.9872645871290846,0.9886287686659404,0.9831125312434195,0.9271993993939005,0.9181034482758621,0.9181034482758621,0.7946577629382304,0.5112299465240642,0.5112299465240642,0.5112299465240642,0.5112299465240642,0.8814317673378076,0.9114470842332614
0.945480631276901,0.945480631276901,0.9225251076040172,0.9426111908177905,0.9440459110473458,0.9469153515064562,0.9583931133428981,0.9225251076040172,0.9583931133428981,0.931714989059081,0.931714989059081,0.9905178701677608,0.9920404814004377,0.9920951859956236,0.9924234135667396,0.986880014587892,0.9905178701677608,0.955411196207148,0.9181034482758621,0.9181034482758621,0.8778280542986425,0.9130434782608695,0.9154013015184381,0.9200863930885529,0.9399585921325052,0.8778280542986425,0.9399585921325052
0.9641319942611191,0.9641319942611191,0.9411764705882353,0.9626972740315638,0.9626972740315638,0.9641319942611191,0.9612625538020086,0.9411764705882353,0.9626972740315638,0.9637445295404814,0.9637445295404814,0.9866292851932896,0.9893143690736688,0.9894967177242888,0.9904814004376368,0.9915937272064187,0.9866292851932896,0.9596827133479212,0.9486652977412731,0.9486652977412731,0.9114470842332614,0.946058091286307,0.946058091286307,0.94824016563147,0.9438669438669439,0.9114470842332614,0.946058091286307
0.9483500717360115,0.9483500717360115,0.9483500717360115,0.9497847919655668,0.9497847919655668,0.9497847919655668,0.9426111908177905,0.9483500717360115,0.9426111908177905,0.9388493800145878,0.9388493800145878,0.9835065645514223,0.9818107221006565,0.9818107221006565,0.9820204230488695,0.9512901167031363,0.9835065645514223,0.9344730123997083,0.923728813559322,0.923728813559322,0.923728813559322,0.9260042283298098,0.9260042283298098,0.9260042283298098,0.9159663865546218,0.923728813559322,0.9159663865546218
0.9239598278335724,0.9239598278335724,0.8852223816355811,0.9225251076040172,0.9225251076040172,0.9253945480631277,0.9598278335724534,0.8852223816355811,0.9598278335724534,0.8955187819110139,0.8955187819110139,0.9908597738876732,0.9929066374908826,0.9929613420860686,0.9933625091174325,0.9944839533187455,0.9908597738876732,0.949580598103574,0.8792710706150342,0.8792710706150342,0.803921568627451,0.8755760368663594,0.8755760368663594,0.8807339449541285,0.9401709401709402,0.803921568627451,0.9401709401709402
0.945480631276901,0.945480631276901,0.945480631276901,0.9612625538020086,0.9612625538020086,0.9612625538020086,0.93974175035868,0.945480631276901,0.93974175035868,0.9277580233406273,0.9277580233406273,0.9891001094091904,0.9908005105762218,0.9908005105762218,0.9910193289569658,0.9734226841721371,0.9891001094091904,0.9174462071480671,0.9166666666666666,0.9166666666666666,0.9166666666666666,0.9421841541755889,0.9421841541755889,0.9421841541755889,0.90625,0.9166666666666666,0.90625
0.9325681492109039,0.9325681492109039,0.8981348637015782,0.9296987087517934,0.9296987087517934,0.9411764705882353,0.9569583931133429,0.8981348637015782,0.9569583931133429,0.9099972647702407,0.9099972647702407,0.9905361050328229,0.9918854850474107,0.9919493070751276,0.9922501823486506,0.9848650619985413,0.9905361050328229,0.9572848285922685,0.8953229398663697,0.8953229398663697,0.8305489260143198,0.8903803131991052,0.8903803131991052,0.9098901098901099,0.9387755102040817,0.8305489260143198,0.9387755102040817
0.9253945480631277,0.9253945480631277,0.9253945480631277,0.921090387374462,0.921090387374462,0.921090387374462,0.9253945480631277,0.9253945480631277,0.9253945480631277,0.9411287381473377,0.9411287381473377,0.9852525528811087,0.9891776075857039,0.9896881838074398,0.9909646243617797,0.9901622902990519,0.9852525528811087,0.9421179795769511,0.9015151515151515,0.9015151515151515,0.9015151515151515,0.8968105065666041,0.8968105065666041,0.8968105065666041,0.9018867924528302,0.9015151515151515,0.9018867924528302
0.9325681492109039,0.9325681492109039,0.9038737446197992,0.9253945480631277,0.9253945480631277,0.926829268292683,0.9282639885222381,0.9038737446197992,0.9311334289813487,0.9109865061998541,0.9109865061998541,0.9887445295404814,0.9907549234135669,0.9907549234135669,0.9908005105762219,0.912390590809628,0.9887445295404814,0.9079139314369075,0.8957871396895787,0.8957871396895787,0.8430913348946136,0.8828828828828829,0.8828828828828829,0.8853932584269663,0.8878923766816144,0.8430913348946136,0.8928571428571429
0.9483500717360115,0.9483500717360115,0.9483500717360115,0.9569583931133429,0.9569583931133429,0.9569583931133429,0.9626972740315638,0.9483500717360115,0.9626972740315638,0.9358816557257478,0.9358816557257478,0.9896198030634573,0.9919857768052517,0.9920860685630927,0.9925784099197665,0.9943198395331875,0.9896198030634573,0.9606719547775346,0.9227467811158798,0.9227467811158798,0.9227467811158798,0.9369747899159664,0.9369747899159664,0.9369747899159664,0.9462809917355371,0.9227467811158798,0.9462809917355371
0.8880918220946915,0.8880918220946915,0.8550932568149211,0.8780487804878049,0.8780487804878049,0.8809182209469153,0.896700143472023,0.8550932568149211,0.896700143472023,0.8424462071480672,0.8424462071480672,0.9745578045222465,0.9853938730853391,0.9868982494529541,0.9905178701677608,0.9913657913931437,0.9745578045222465,0.8529677242888402,0.8106796116504854,0.8106796116504854,0.7376623376623377,0.7901234567901234,0.7901234567901234,0.7960687960687961,0.8260869565217391,0.7376623376623377,0.8260869565217391
0.9253945480631277,0.9253945480631277,0.8794835007173601,0.9124820659971306,0.9124820659971306,0.9124820659971306,0.9139167862266858,0.8794835007173601,0.9139167862266858,0.9104622538293216,0.9104622538293216,0.9633615973741795,0.963366156090445,0.963457330415755,0.963466447848286,0.900902625820569,0.9633615973741795,0.8928063457330416,0.8884120171673819,0.8884120171673819,0.7951219512195122,0.8647450110864745,0.8647450110864745,0.8647450110864745,0.868421052631579,0.7951219512195122,0.868421052631579
0.7431850789096126,0.7431850789096126,0.7431850789096126,0.7431850789096126,0.7431850789096126,0.7317073170731707,0.6829268292682927,0.7431850789096126,0.6829268292682927,0.6270833333333333,0.6270833333333333,0.9283734500364698,0.9918854850474106,0.9920495988329687,0.9926604668125456,0.9876823486506201,0.9283734500364698,0.5395833333333333,0.4053156146179402,0.4053156146179402,0.4053156146179402,0.4053156146179402,0.4053156146179402,0.36177474402730375,0.14671814671814673,0.4053156146179402,0.14671814671814673
0.9383070301291249,0.9383070301291249,0.9383070301291249,0.9555236728837877,0.9555236728837877,0.9555236728837877,0.9655667144906743,0.9383070301291249,0.9655667144906743,0.9173413566739607,0.9173413566739607,0.9879786652078775,0.9894876002917579,0.9896425966447848,0.9902899343544858,0.9911378555798689,0.9879786652078775,0.9648386214442013,0.9046563192904656,0.9046563192904656,0.9046563192904656,0.9347368421052632,0.9347368421052632,0.9347368421052632,0.9506172839506173,0.9046563192904656,0.9506172839506173
0.9440459110473458,0.9440459110473458,0.9182209469153515,0.9512195121951219,0.9512195121951219,0.9512195121951219,0.9497847919655668,0.9182209469153515,0.9497847919655668,0.9415025528811087,0.9415025528811087,0.9819292487235594,0.9848650619985412,0.9849197665937272,0.98531181619256,0.9542487235594457,0.9819292487235594,0.9458789204959883,0.919917864476386,0.919917864476386,0.8719101123595505,0.9285714285714286,0.9285714285714286,0.9285714285714286,0.927536231884058,0.8719101123595505,0.927536231884058
0.9526542324246772,0.9526542324246772,0.9526542324246772,0.9626972740315638,0.9626972740315638,0.9612625538020086,0.9569583931133429,0.9526542324246772,0.9569583931133429,0.9411424142961342,0.9411424142961342,0.9896152443471918,0.9916575492341357,0.9921954777534646,0.9932439824945296,0.9907366885485048,0.9896152443471918,0.9671772428884026,0.9293361884368309,0.9293361884368309,0.9293361884368309,0.9469387755102041,0.9469387755102041,0.945010183299389,0.9411764705882353,0.9293361884368309,0.9411764705882353
0.896700143472023,0.896700143472023,0.896700143472023,0.9411764705882353,0.9411764705882353,0.9583931133428981,0.9626972740315638,0.896700143472023,0.9626972740315638,0.8539569657184538,0.8539569657184538,0.9896152443471918,0.9920222465353756,0.9922501823486506,0.9935357403355215,0.9936998541210795,0.9896152443471918,0.9705643690736689,0.8269230769230769,0.8269230769230769,0.8269230769230769,0.9102844638949672,0.9102844638949672,0.9384288747346072,0.9484126984126984,0.8269230769230769,0.9484126984126984
0.9569583931133429,0.9569583931133429,0.9569583931133429,0.9641319942611191,0.9641319942611191,0.9641319942611191,0.9569583931133429,0.9569583931133429,0.9569583931133429,0.9523386214442013,0.9523386214442013,0.9875957330415754,0.9908460977388768,0.9911105032822758,0.9920587162654995,0.9905087527352296,0.9875957330415754,0.9533278628738147,0.9375,0.9375,0.9375,0.9486652977412731,0.9486652977412731,0.9486652977412731,0.9377593360995851,0.9375,0.9377593360995851
0.9469153515064562,0.9469153515064562,0.9426111908177905,0.9483500717360115,0.9483500717360115,0.9483500717360115,0.9311334289813487,0.9426111908177905,0.9225251076040172,0.9575401167031364,0.9575401167031364,0.9828956965718454,0.9866429613420861,0.986998541210795,0.9892961342086068,0.993622355944566,0.9828956965718454,0.9409190371991247,0.9278752436647173,0.9278752436647173,0.9212598425196851,0.9296875,0.9296875,0.9296875,0.908745247148289,0.9212598425196851,0.898876404494382
0.9626972740315638,0.9626972740315638,0.9368723098995696,0.9569583931133429,0.9569583931133429,0.9569583931133429,0.9540889526542324,0.9368723098995696,0.9540889526542324,0.9586934719183078,0.9586934719183078,0.9882977753464625,0.9905725747629467,0.9906911013858497,0.9910375638220278,0.986241794310722,0.9882977753464625,0.9461934719183078,0.9458333333333333,0.9458333333333333,0.9026548672566371,0.9369747899159664,0.9369747899159664,0.9369747899159664,0.9324894514767933,0.9026548672566371,0.9324894514767933
0.8723098995695839,0.8723098995695839,0.8723098995695839,0.9167862266857962,0.9167862266857962,0.926829268292683,0.6886657101865137,0.8723098995695839,0.6886657101865137,0.8244757476294675,0.8244757476294675,0.9629877826404085,0.9640226112326769,0.9640317286652078,0.9664387308533916,0.8672319474835887,0.9629877826404085,0.7338940554339898,0.7834549878345499,0.7834549878345499,0.7834549878345499,0.8716814159292036,0.8716814159292036,0.8903225806451613,0.6604068857589984,0.7834549878345499,0.6604068857589984
0.9340028694404591,0.9340028694404591,0.8837876614060258,0.921090387374462,0.921090387374462,0.9225251076040172,0.9282639885222381,0.8837876614060258,0.9282639885222381,0.9110913566739606,0.9110913566739606,0.9877689642596645,0.9911287381473376,0.9913840262582057,0.9924507658643326,0.9936998541210795,0.9877689642596645,0.8997902990517871,0.8973214285714286,0.8973214285714286,0.8019559902200489,0.8735632183908046,0.8735632183908046,0.8761467889908257,0.8858447488584474,0.8019559902200489,0.8858447488584474
